spatial_unit,year,season,crop,yield_tons_ha,yield_tons_ha_planted,harvested_fraction,area_planted_ha,area_harvested_ha,production_mt,cv_area_planted_pct,cv_area_harvested_pct,cv_production_pct,rain_total_mm,rain_mean_daily_mm,rainy_days_1mm,rainy_days_10mm,heavy_rain_days_20mm,maximum_1day_rainfall_mm,maximum_5day_rainfall_mm,longest_dry_spell_days,wet_day_rainfall_cv,rainfall_onset_date,rainfall_cessation_date,onset_day_of_year,cessation_day_of_year,season_length_days,temperature_mean_c,temperature_maximum_c,temperature_minimum_c,temperature_range_c,growing_degree_days,heat_days_32c,extreme_heat_days_35c,cold_days_10c,target_source,target_source_type,target_geographic_level,predictor_geographic_level,target_definition,target_year,is_proxy,is_synthetic,is_geographically_assigned,season_definition,yield_consistency_ok,rainfall_source,temperature_source,soil_source,soil_source_version,soil_depth_cm,soil_extraction_date,soil_quality_flag,data_version,processing_version
Acholi,2018,annual,maize,1.0,0.922780502452207,0.15996063123477797,59946.0,9589.0,55317.0,,,22.9,1499.7622353427555,4.108937631076042,205,54,3,26.905988931655884,62.98626798391342,49,0.674960441189505,2018-03-04,2018-12-15,63,349,287,25.193111301369868,38.35875,15.745,11.436099315068493,5545.485624999999,141,52,0,AAS2018_Annex4,official_aggregate,sub_region,sub_region,published_official_subregion_yield_over_harvested,2018,False,False,False,published_annual_aggregate_total_and_s2_harvested_area,False,CHIRPS_v2.0_daily_via_ClimateSERV,NASA_POWER_daily,not_included,none,30,,soil_not_included_for_milestone,aas-chirps-v1,uganda_crop_model-0.2.0
Acholi,2020,first_season,maize,1.6268858066002263,1.4161667964861673,0.8704770738922312,47942.14032561288,41732.53402677024,67894.06728161349,16.589763354664175,17.47189964546245,20.00325538597934,651.0392740555108,4.752111489456283,106,13,0,17.036237239837646,44.716405779123306,8,0.5628318110874938,2020-03-07,2020-04-01,67,92,26,23.905652372262775,36.575,16.9,9.103786496350367,1905.074375,18,2,0,AAS2020_Table_6_1,official_aggregate,sub_region,sub_region,production_mt_divided_by_area_harvested_ha,2020,False,False,False,surveyed_seasonal_block,True,CHIRPS_v2.0_daily_via_ClimateSERV,NASA_POWER_daily,not_included,none,30,,soil_not_included_for_milestone,aas-chirps-v1,uganda_crop_model-0.2.0
Acholi,2020,second_season,maize,1.9919193221111424,1.1823105666877405,0.5935534404248184,10696.561668655642,6348.980979146792,12646.657888078616,18.42136967448647,19.386080764407403,21.47042551825298,650.1106713861227,5.285452612895306,93,18,2,22.452183485031128,61.82121396064758,8,0.6666527513708788,2020-08-15,2020-12-09,228,344,117,23.030365853658534,29.81,15.34875,9.431280487804873,1602.7350000000001,0,0,0,AAS2020_Table_6_1,official_aggregate,sub_region,sub_region,production_mt_divided_by_area_harvested_ha,2020,False,False,False,surveyed_seasonal_block,True,CHIRPS_v2.0_daily_via_ClimateSERV,NASA_POWER_daily,not_included,none,30,,soil_not_included_for_milestone,aas-chirps-v1,uganda_crop_model-0.2.0
Ankole,2018,annual,maize,2.3,1.9206666102698586,0.524557990017765,59105.0,31004.0,113521.0,,,44.6,1243.510916313457,3.406879222776595,223,33,2,25.05243225097656,75.01569557189941,19,0.7622655808384896,2018-03-04,2018-08-04,63,216,154,21.358550684931505,31.914000000000005,11.931,10.138312328767128,4145.871,0,0,0,AAS2018_Annex4,official_aggregate,sub_region,sub_region,published_official_subregion_yield_over_harvested,2018,False,False,False,published_annual_aggregate_total_and_s2_harvested_area,False,CHIRPS_v2.0_daily_via_ClimateSERV,NASA_POWER_daily,not_included,none,30,,soil_not_included_for_milestone,aas-chirps-v1,uganda_crop_model-0.2.0
Ankole,2020,first_season,maize,2.2911775934330265,2.0956935372106344,0.9146796578394061,8773.79237101778,8025.209403876534,18387.17996876993,19.024986164773527,20.499349643686564,20.05132831229202,357.87710261475297,2.612241624925204,66,8,2,28.72265033721924,68.87206845283508,19,0.979865753552169,2020-03-16,2020-06-23,76,175,100,20.86895620437956,27.946,13.906,8.98510948905109,1489.047,0,0,0,AAS2020_Table_6_1,official_aggregate,sub_region,sub_region,production_mt_divided_by_area_harvested_ha,2020,False,False,False,surveyed_seasonal_block,True,CHIRPS_v2.0_daily_via_ClimateSERV,NASA_POWER_daily,not_included,none,30,,soil_not_included_for_milestone,aas-chirps-v1,uganda_crop_model-0.2.0
Ankole,2020,second_season,maize,4.746403988018382,2.9577814469350803,0.623162599391366,11986.055961617616,7469.261789492012,35452.1339451982,13.196671304950222,15.758581518624698,16.529419799404966,552.1310719825328,4.488870503923031,89,18,3,36.17350177764892,79.46211805343628,3,0.9458557344724235,2020-09-24,2020-12-13,268,348,81,21.010479674796752,28.569,13.436000000000002,9.163121951219509,1354.289,0,0,0,AAS2020_Table_6_1,official_aggregate,sub_region,sub_region,production_mt_divided_by_area_harvested_ha,2020,False,False,False,surveyed_seasonal_block,True,CHIRPS_v2.0_daily_via_ClimateSERV,NASA_POWER_daily,not_included,none,30,,soil_not_included_for_milestone,aas-chirps-v1,uganda_crop_model-0.2.0
Bukedi,2018,annual,maize,1.0,1.2122380323276951,0.40056598733747717,138519.0,55486.0,167918.0,,,11.2,1473.672702934302,4.037459460093978,226,46,4,24.90098206202189,79.15534496307373,19,0.7634577124831139,2018-02-18,2018-11-24,49,328,280,22.99686073059361,35.845,15.146666666666668,9.392589041095892,4743.854166666666,30,6,0,AAS2018_Annex4,official_aggregate,sub_region,sub_region,published_official_subregion_yield_over_harvested,2018,False,False,False,published_annual_aggregate_total_and_s2_harvested_area,False,CHIRPS_v2.0_daily_via_ClimateSERV,NASA_POWER_daily,not_included,none,30,,soil_not_included_for_milestone,aas-chirps-v1,uganda_crop_model-0.2.0
Bukedi,2020,first_season,maize,1.5470171390615695,1.499062875139715,0.9690021120574372,46005.41547499803,44579.344761353,68965.01039394768,9.875934481201492,9.809122856761505,11.446508316265888,866.8002625753484,6.327009215878455,114,30,2,27.57192389170329,77.6539474328359,2,0.711099872806906,2020-03-06,2020-07-15,66,197,132,22.404902676399026,30.615,16.669999999999998,7.621824817518249,1699.4716666666666,0,0,0,AAS2020_Table_6_1,official_aggregate,sub_region,sub_region,production_mt_divided_by_area_harvested_ha,2020,False,False,False,surveyed_seasonal_block,True,CHIRPS_v2.0_daily_via_ClimateSERV,NASA_POWER_daily,not_included,none,30,,soil_not_included_for_milestone,aas-chirps-v1,uganda_crop_model-0.2.0
Bukedi,2020,second_season,maize,2.5941966847486744,1.3446807030776011,0.518341847780086,38307.0939749609,19856.169874066632,51510.81005911016,10.48923636761742,12.632343295255431,12.560235646556675,946.2316509683926,7.69294025177555,105,28,8,51.53489621480306,138.83227117856345,4,0.9545681726833233,2020-08-15,2020-12-11,228,346,119,22.436768292682924,29.02333333333333,14.981666666666667,8.5660027100271,1529.7224999999999,0,0,0,AAS2020_Table_6_1,official_aggregate,sub_region,sub_region,production_mt_divided_by_area_harvested_ha,2020,False,False,False,surveyed_seasonal_block,True,CHIRPS_v2.0_daily_via_ClimateSERV,NASA_POWER_daily,not_included,none,30,,soil_not_included_for_milestone,aas-chirps-v1,uganda_crop_model-0.2.0
Bunyoro,2018,annual,maize,1.7,1.4533244754470465,0.3684504235176881,451575.0,166383.0,656285.0,,,14.4,1379.1427689871216,3.778473339690744,230,38,1,23.338536398751398,50.85511830874851,18,0.6762629553865023,2018-03-04,2018-12-17,63,351,289,24.319369863013698,36.68571428571429,15.795714285714286,9.803444227005876,5226.570000000001,56,10,0,AAS2018_Annex4,official_aggregate,sub_region,sub_region,published_official_subregion_yield_over_harvested,2018,False,False,False,published_annual_aggregate_total_and_s2_harvested_area,False,CHIRPS_v2.0_daily_via_ClimateSERV,NASA_POWER_daily,not_included,none,30,,soil_not_included_for_milestone,aas-chirps-v1,uganda_crop_model-0.2.0
Bunyoro,2020,first_season,maize,2.3426553850030096,2.269077260238554,0.9685919981080099,175979.4170716595,170452.2552073215,399310.89354733896,15.251338188788091,15.331678571489354,15.499039803341756,545.8108597057206,3.984020873764384,99,11,2,21.4175010408674,52.071894373212544,5,0.7813416729770315,2020-03-07,2020-07-15,67,197,131,23.476152241918665,32.77142857142857,16.447142857142858,8.534306569343066,1846.2328571428573,2,0,0,AAS2020_Table_6_1,official_aggregate,sub_region,sub_region,production_mt_divided_by_area_harvested_ha,2020,False,False,False,surveyed_seasonal_block,True,CHIRPS_v2.0_daily_via_ClimateSERV,NASA_POWER_daily,not_included,none,30,,soil_not_included_for_milestone,aas-chirps-v1,uganda_crop_model-0.2.0
Bunyoro,2020,second_season,maize,3.0549264654046246,1.8157240029157948,0.594359315511479,157769.22991330645,93771.61150004598,286465.37767513114,14.894061671122882,18.231437997273936,17.07727225114018,603.9577806677137,4.910225859087103,90,14,1,20.156745229448592,52.483161176954,7,0.6928009120892608,2020-08-15,2020-12-09,228,344,117,23.449065040650403,30.888571428571428,17.274285714285714,8.434065040650406,1654.235,0,0,0,AAS2020_Table_6_1,official_aggregate,sub_region,sub_region,production_mt_divided_by_area_harvested_ha,2020,False,False,False,surveyed_seasonal_block,True,CHIRPS_v2.0_daily_via_ClimateSERV,NASA_POWER_daily,not_included,none,30,,soil_not_included_for_milestone,aas-chirps-v1,uganda_crop_model-0.2.0
Busoga,2018,annual,maize,1.3,1.1116343797935768,0.27340653696390027,288146.0,78781.0,320313.0,,,18.8,1571.3936869088561,4.305188183311935,215,51,5,23.5648943901062,81.67446064949036,14,0.7218777809247509,2018-02-18,2018-11-21,49,325,277,23.132663013698632,35.114,15.907999999999998,8.625095890410957,4793.422,26,1,0,AAS2018_Annex4,official_aggregate,sub_region,sub_region,published_official_subregion_yield_over_harvested,2018,False,False,False,published_annual_aggregate_total_and_s2_harvested_area,False,CHIRPS_v2.0_daily_via_ClimateSERV,NASA_POWER_daily,not_included,none,30,,soil_not_included_for_milestone,aas-chirps-v1,uganda_crop_model-0.2.0
Busoga,2020,first_season,maize,1.5222384603844508,1.4363899819841985,0.9436037909733468,124578.5300679457,117552.77324600064,178943.35255991446,11.36669466268392,12.294182115478415,11.292854602544352,818.0559137925505,5.971211049580661,105,31,3,22.69278450012207,77.68881459236145,4,0.6876691554100404,2020-03-07,2020-07-15,67,197,131,22.442240875912407,29.478,17.176,6.699284671532851,1704.5870000000002,0,0,0,AAS2020_Table_6_1,official_aggregate,sub_region,sub_region,production_mt_divided_by_area_harvested_ha,2020,False,False,False,surveyed_seasonal_block,True,CHIRPS_v2.0_daily_via_ClimateSERV,NASA_POWER_daily,not_included,none,30,,soil_not_included_for_milestone,aas-chirps-v1,uganda_crop_model-0.2.0
Busoga,2020,second_season,maize,1.7237131684916815,1.2163794610072725,0.7056739388210704,104778.51309650268,73939.46604062416,127450.43128546736,11.190791135109194,12.872859677786522,13.081074447411623,1000.9075124144554,8.137459450524027,104,29,9,57.45461845397949,155.53175468444826,4,1.0103692734921026,2020-08-15,2020-12-11,228,346,119,22.509902439024398,28.4,15.418,7.904422764227643,1538.7179999999998,0,0,0,AAS2020_Table_6_1,official_aggregate,sub_region,sub_region,production_mt_divided_by_area_harvested_ha,2020,False,False,False,surveyed_seasonal_block,True,CHIRPS_v2.0_daily_via_ClimateSERV,NASA_POWER_daily,not_included,none,30,,soil_not_included_for_milestone,aas-chirps-v1,uganda_crop_model-0.2.0
Elgon,2018,annual,maize,3.0,1.2871629786452443,0.07041559119515095,103443.0,7284.0,133148.0,,,60.9,1827.6763648165197,5.007332506346629,208,69,18,41.79936528205872,90.03196603059769,22,0.8422130793858668,2018-02-18,2018-11-20,49,324,276,20.104205479452055,32.6975,11.7075,10.415732876712328,3688.035,6,0,0,AAS2018_Annex4,official_aggregate,sub_region,sub_region,published_official_subregion_yield_over_harvested,2018,False,False,False,published_annual_aggregate_total_and_s2_harvested_area,False,CHIRPS_v2.0_daily_via_ClimateSERV,NASA_POWER_daily,not_included,none,30,,soil_not_included_for_milestone,aas-chirps-v1,uganda_crop_model-0.2.0
Elgon,2020,first_season,maize,2.591624259545572,2.083800742577065,0.8040520283377994,77029.08377880692,61935.39105335199,160513.2619783088,17.732660565732,17.573481259724826,21.831516561483628,984.5339423716068,7.18637914139859,100,41,7,40.86078214645386,90.84835368394852,10,0.7188793969488054,2020-03-06,2020-03-31,66,91,26,19.673868613138684,28.00625,13.455,8.664963503649634,1325.32,0,0,0,AAS2020_Table_6_1,official_aggregate,sub_region,sub_region,production_mt_divided_by_area_harvested_ha,2020,False,False,False,surveyed_seasonal_block,True,CHIRPS_v2.0_daily_via_ClimateSERV,NASA_POWER_daily,not_included,none,30,,soil_not_included_for_milestone,aas-chirps-v1,uganda_crop_model-0.2.0
Elgon,2020,second_season,maize,3.423349924580549,1.175152687761825,0.34327565503132507,13874.652805084006,4762.830529997424,16304.835535656615,28.232076906195186,22.691492693937057,31.38085242054418,1009.4460826069117,8.206878720381395,94,38,13,44.08406019210816,123.06542038917542,4,0.8668108479921869,2020-08-15,2020-12-11,228,346,119,19.172083333333333,25.86625,11.655,9.022296747967475,1128.1662500000002,0,0,0,AAS2020_Table_6_1,official_aggregate,sub_region,sub_region,production_mt_divided_by_area_harvested_ha,2020,False,False,False,surveyed_seasonal_block,True,CHIRPS_v2.0_daily_via_ClimateSERV,NASA_POWER_daily,not_included,none,30,,soil_not_included_for_milestone,aas-chirps-v1,uganda_crop_model-0.2.0
Karamoja,2018,annual,maize,1.0,1.2410618849286794,0.03689506468615237,108524.0,4004.0,134685.0,,,70.2,1340.7205920768718,3.6732071015804704,154,52,11,39.4178341456822,85.77205644335066,50,0.8444844864765217,2018-03-02,2018-12-24,61,358,298,23.599027397260276,35.73,15.677142857142858,11.784590998043054,4963.6449999999995,92,2,0,AAS2018_Annex4,official_aggregate,sub_region,sub_region,published_official_subregion_yield_over_harvested,2018,False,False,False,published_annual_aggregate_total_and_s2_harvested_area,False,CHIRPS_v2.0_daily_via_ClimateSERV,NASA_POWER_daily,not_included,none,30,,soil_not_included_for_milestone,aas-chirps-v1,uganda_crop_model-0.2.0
Karamoja,2020,first_season,maize,1.2175480596073383,0.7817810491175016,0.6420946121581662,28988.393844896626,18613.29150292707,22662.57695229461,18.944210044857705,24.146308958298484,27.302096025044857,702.7080106032747,5.12925555184872,98,23,3,21.99835538864136,67.63682419913155,11,0.6845387121885701,2020-03-07,2020-03-30,67,90,24,22.834567257559957,34.2,15.838571428571427,9.809426485922835,1758.3357142857144,12,0,0,AAS2020_Table_6_1,official_aggregate,sub_region,sub_region,production_mt_divided_by_area_harvested_ha,2020,False,False,False,surveyed_seasonal_block,True,CHIRPS_v2.0_daily_via_ClimateSERV,NASA_POWER_daily,not_included,none,30,,soil_not_included_for_milestone,aas-chirps-v1,uganda_crop_model-0.2.0
Karamoja,2020,second_season,maize,7.244065383360269,0.9663497839082253,0.13339882134801626,5237.164565568191,698.6315802523923,5060.932846228637,93.4912406033966,63.29115911092179,95.80405164331675,559.2658033605132,4.546876450085474,62,23,3,27.605228969029017,85.9785932813372,8,0.6764083015557801,2020-08-15,2020-12-09,228,344,117,22.39354819976771,30.38142857142857,14.38,10.652299651567944,1524.4064285714287,0,0,0,AAS2020_Table_6_1,official_aggregate,sub_region,sub_region,production_mt_divided_by_area_harvested_ha,2020,False,False,False,surveyed_seasonal_block,True,CHIRPS_v2.0_daily_via_ClimateSERV,NASA_POWER_daily,not_included,none,30,,soil_not_included_for_milestone,aas-chirps-v1,uganda_crop_model-0.2.0
Kigezi,2018,annual,maize,1.1,1.178959174517721,0.5499327052489906,22290.0,12258.0,26279.0,,,19.4,1403.914933408855,3.846342283311931,227,40,3,25.479330825805665,68.74964990615845,36,0.7771274810287513,2018-01-02,2018-08-04,2,216,215,19.985383561643836,30.034,10.488,10.24745753424658,3644.665,0,0,0,AAS2018_Annex4,official_aggregate,sub_region,sub_region,published_official_subregion_yield_over_harvested,2018,False,False,False,published_annual_aggregate_total_and_s2_harvested_area,False,CHIRPS_v2.0_daily_via_ClimateSERV,NASA_POWER_daily,not_included,none,30,,soil_not_included_for_milestone,aas-chirps-v1,uganda_crop_model-0.2.0
Kigezi,2020,first_season,maize,1.6788303054282812,1.4092738378827194,0.839437930877239,5228.6625781950825,4389.13769589533,7368.617378566739,25.8180164851992,27.98378595558704,32.09402224593719,423.73072546646006,3.092925003404818,64,12,1,53.299984741210935,75.2753701210022,19,1.108959742773348,2020-03-16,2020-06-23,76,175,100,19.93578102189781,27.428,12.978,9.256175182481753,1361.202,0,0,0,AAS2020_Table_6_1,official_aggregate,sub_region,sub_region,production_mt_divided_by_area_harvested_ha,2020,False,False,False,surveyed_seasonal_block,True,CHIRPS_v2.0_daily_via_ClimateSERV,NASA_POWER_daily,not_included,none,30,,soil_not_included_for_milestone,aas-chirps-v1,uganda_crop_model-0.2.0
Kigezi,2020,second_season,maize,4.580426866194772,1.658375609870581,0.36205699999491325,9892.739728998818,3581.735668011803,16405.878281369343,23.034586873294348,18.717003393404777,25.934220948867157,527.7183093346655,4.2903927588184185,80,16,5,29.34966087341309,65.46480050086976,4,0.9418999996279661,2020-09-23,2020-12-13,267,348,82,20.08734959349594,27.876,11.892,9.756878048780491,1240.7440000000001,0,0,0,AAS2020_Table_6_1,official_aggregate,sub_region,sub_region,production_mt_divided_by_area_harvested_ha,2020,False,False,False,surveyed_seasonal_block,True,CHIRPS_v2.0_daily_via_ClimateSERV,NASA_POWER_daily,not_included,none,30,,soil_not_included_for_milestone,aas-chirps-v1,uganda_crop_model-0.2.0
Lango,2018,annual,maize,1.3,1.2901204819277108,0.4057831325301205,211650.0,85884.0,273054.0,,,18.3,1452.5022938729498,3.9794583393779446,204,54,4,28.020235538482662,67.19821238517761,49,0.7443255564760712,2018-03-02,2018-12-17,61,351,291,25.034402397260276,37.29625,16.56,11.033660958904104,5487.556875,127,30,0,AAS2018_Annex4,official_aggregate,sub_region,sub_region,published_official_subregion_yield_over_harvested,2018,False,False,False,published_annual_aggregate_total_and_s2_harvested_area,False,CHIRPS_v2.0_daily_via_ClimateSERV,NASA_POWER_daily,not_included,none,30,,soil_not_included_for_milestone,aas-chirps-v1,uganda_crop_model-0.2.0
Lango,2020,first_season,maize,1.5321273000173696,1.4895923738594221,0.9722379947426919,69185.29275555443,67264.57029434633,103057.8844719054,15.14678643986634,14.909516987867702,15.107604414408504,629.6462391130626,4.595957949730384,106,16,1,20.20732343196869,49.72837895154953,4,0.6489764734505596,2020-03-07,2020-07-15,67,197,131,23.52209397810219,34.26,16.85125,8.588129562043793,1852.526875,8,0,0,AAS2020_Table_6_1,official_aggregate,sub_region,sub_region,production_mt_divided_by_area_harvested_ha,2020,False,False,False,surveyed_seasonal_block,True,CHIRPS_v2.0_daily_via_ClimateSERV,NASA_POWER_daily,not_included,none,30,,soil_not_included_for_milestone,aas-chirps-v1,uganda_crop_model-0.2.0
Lango,2020,second_season,maize,2.9489717758099068,1.4266889913384897,0.48379201287766255,137032.14525612045,66295.05738240275,195502.2530964039,11.73544245354198,13.95645092152128,14.755382612409312,646.7427622675896,5.258071237947883,89,20,3,25.378374934196472,58.08967339992523,7,0.6870440587237131,2020-08-15,2020-12-09,228,344,117,23.315675813008134,31.4025,15.42625,9.729054878048778,1637.828125,0,0,0,AAS2020_Table_6_1,official_aggregate,sub_region,sub_region,production_mt_divided_by_area_harvested_ha,2020,False,False,False,surveyed_seasonal_block,True,CHIRPS_v2.0_daily_via_ClimateSERV,NASA_POWER_daily,not_included,none,30,,soil_not_included_for_milestone,aas-chirps-v1,uganda_crop_model-0.2.0
North Buganda,2018,annual,maize,2.1,1.4712611175900296,0.2642649393713732,569368.0,150464.0,837689.0,,,20.4,1428.5356517447667,3.913796306150046,232,41,1,21.855369611219928,72.85702883113515,18,0.7904018613495304,2018-03-02,2018-07-16,61,197,137,23.203494396014943,34.91,15.481818181818182,9.237205479452054,4819.2754545454545,29,0,0,AAS2018_Annex4,official_aggregate,sub_region,sub_region,published_official_subregion_yield_over_harvested,2018,False,False,False,published_annual_aggregate_total_and_s2_harvested_area,False,CHIRPS_v2.0_daily_via_ClimateSERV,NASA_POWER_daily,not_included,none,30,,soil_not_included_for_milestone,aas-chirps-v1,uganda_crop_model-0.2.0
North Buganda,2020,first_season,maize,2.169407944352197,1.9407868042052872,0.8946158832219184,215227.037221874,192545.52599748352,417709.7937484132,14.404944499910464,14.57607379166666,15.123540005708216,638.1251030830159,4.6578474677592405,102,20,1,20.148593295704234,59.351783665743746,5,0.7284979986835934,2020-03-02,2020-07-15,62,197,136,22.080875912408757,29.02636363636364,16.24,7.263344392833446,1655.08,0,0,0,AAS2020_Table_6_1,official_aggregate,sub_region,sub_region,production_mt_divided_by_area_harvested_ha,2020,False,False,False,surveyed_seasonal_block,True,CHIRPS_v2.0_daily_via_ClimateSERV,NASA_POWER_daily,not_included,none,30,,soil_not_included_for_milestone,aas-chirps-v1,uganda_crop_model-0.2.0
North Buganda,2020,second_season,maize,2.6867403311215865,1.9325388886750048,0.7192875568545404,223403.78002482187,160691.5591261233,431736.4927749645,12.96591442306122,14.189739878565364,15.35713871023032,713.3111252215776,5.7992774408258345,108,17,5,37.12618940526789,75.88339151035656,2,0.9181693613363788,2020-08-16,2020-12-15,229,350,122,22.353340724316336,28.22636363636364,15.992727272727274,8.138359201773842,1519.460909090909,0,0,0,AAS2020_Table_6_1,official_aggregate,sub_region,sub_region,production_mt_divided_by_area_harvested_ha,2020,False,False,False,surveyed_seasonal_block,True,CHIRPS_v2.0_daily_via_ClimateSERV,NASA_POWER_daily,not_included,none,30,,soil_not_included_for_milestone,aas-chirps-v1,uganda_crop_model-0.2.0
South Buganda,2018,annual,maize,2.5,1.6074900580468618,0.3104283064134438,183817.0,57062.0,295484.0,,,19.6,1371.821970452441,3.758416357403948,218,41,2,24.340054194132488,67.9126580953598,19,0.7626678866157455,2018-02-22,2018-11-21,53,325,273,22.01733904109589,31.89583333333333,14.640833333333331,7.832257990867586,4386.32875,0,0,0,AAS2018_Annex4,official_aggregate,sub_region,sub_region,published_official_subregion_yield_over_harvested,2018,False,False,False,published_annual_aggregate_total_and_s2_harvested_area,False,CHIRPS_v2.0_daily_via_ClimateSERV,NASA_POWER_daily,not_included,none,30,,soil_not_included_for_milestone,aas-chirps-v1,uganda_crop_model-0.2.0
South Buganda,2020,first_season,maize,1.6587198212915781,1.525442590239123,0.9196505465590461,125557.02432467446,115468.58604451432,191530.032408548,22.20082568868207,23.033297881011123,18.255009247480807,676.87982256338,4.940728631849489,84,24,6,34.418052991231285,82.2259621222814,8,0.9180494420325114,2020-03-02,2020-06-29,62,181,120,21.3220498783455,27.471666666666668,16.046666666666667,6.291776155717763,1551.1208333333332,0,0,0,AAS2020_Table_6_1,official_aggregate,sub_region,sub_region,production_mt_divided_by_area_harvested_ha,2020,False,False,False,surveyed_seasonal_block,True,CHIRPS_v2.0_daily_via_ClimateSERV,NASA_POWER_daily,not_included,none,30,,soil_not_included_for_milestone,aas-chirps-v1,uganda_crop_model-0.2.0
South Buganda,2020,second_season,maize,2.314641460829224,1.890454985809621,0.816737718476866,102766.93537164223,83933.63233029463,194276.26534969616,19.10868159790685,22.71591307493866,21.704358314262265,561.0112580930193,4.561067138967636,97,17,0,19.778140624364216,54.771332144737244,2,0.7596610038065545,2020-09-25,2020-12-15,269,350,82,21.57031842818428,27.25333333333333,15.494166666666668,7.157249322493225,1423.1491666666668,0,0,0,AAS2020_Table_6_1,official_aggregate,sub_region,sub_region,production_mt_divided_by_area_harvested_ha,2020,False,False,False,surveyed_seasonal_block,True,CHIRPS_v2.0_daily_via_ClimateSERV,NASA_POWER_daily,not_included,none,30,,soil_not_included_for_milestone,aas-chirps-v1,uganda_crop_model-0.2.0
Teso,2018,annual,maize,1.2,0.9434355828220858,0.29530061349693254,81500.0,24067.0,76890.0,,,22.1,1466.6364698022953,4.018182109047385,206,48,6,36.43361806869507,73.01919835805893,24,0.7986461944613098,2018-02-19,2018-12-16,50,350,301,24.715746575342465,37.3275,16.57625,10.96628082191781,5371.2474999999995,127,34,0,AAS2018_Annex4,official_aggregate,sub_region,sub_region,published_official_subregion_yield_over_harvested,2018,False,False,False,published_annual_aggregate_total_and_s2_harvested_area,False,CHIRPS_v2.0_daily_via_ClimateSERV,NASA_POWER_daily,not_included,none,30,,soil_not_included_for_milestone,aas-chirps-v1,uganda_crop_model-0.2.0
Teso,2020,first_season,maize,1.3718829183654722,1.2086517898312572,0.8810167206333495,43328.557223445394,38173.183394774285,52369.138238923326,16.33521281097101,12.485533058134896,17.74650106778382,805.9775736145675,5.883047982588084,99,32,4,24.54419231414795,67.23028874397278,11,0.6652180335591267,2020-03-06,2020-03-30,66,90,25,23.474466240875913,34.09625,16.7675,8.84734489051095,1846.001875,17,0,0,AAS2020_Table_6_1,official_aggregate,sub_region,sub_region,production_mt_divided_by_area_harvested_ha,2020,False,False,False,surveyed_seasonal_block,True,CHIRPS_v2.0_daily_via_ClimateSERV,NASA_POWER_daily,not_included,none,30,,soil_not_included_for_milestone,aas-chirps-v1,uganda_crop_model-0.2.0
Teso,2020,second_season,maize,1.540156423059482,0.6244522579581919,0.4054472965270198,50805.87175391593,20599.10335032369,31725.841334267127,13.912503766713566,14.26600221224707,18.56680274224161,699.9961485862732,5.691025598262383,89,25,3,36.834675550460815,86.9707268178463,7,0.775300121718531,2020-08-15,2020-12-09,228,344,117,23.311189024390238,31.225,15.48625,9.662642276422762,1637.27625,0,0,0,AAS2020_Table_6_1,official_aggregate,sub_region,sub_region,production_mt_divided_by_area_harvested_ha,2020,False,False,False,surveyed_seasonal_block,True,CHIRPS_v2.0_daily_via_ClimateSERV,NASA_POWER_daily,not_included,none,30,,soil_not_included_for_milestone,aas-chirps-v1,uganda_crop_model-0.2.0
Tooro,2018,annual,maize,2.1,1.9306070988467758,0.4227467964014275,140389.0,59349.0,271036.0,,,18.5,1300.6903450811901,3.5635351920032607,216,40,1,20.946760813395183,54.75246445337931,31,0.6668246216096457,2018-03-04,2018-12-17,63,351,289,21.147328767123287,32.89,11.665,9.647881278538812,4068.7749999999996,6,0,0,AAS2018_Annex4,official_aggregate,sub_region,sub_region,published_official_subregion_yield_over_harvested,2018,False,False,False,published_annual_aggregate_total_and_s2_harvested_area,False,CHIRPS_v2.0_daily_via_ClimateSERV,NASA_POWER_daily,not_included,none,30,,soil_not_included_for_milestone,aas-chirps-v1,uganda_crop_model-0.2.0
Tooro,2020,first_season,maize,3.0038294115831783,2.5133364385980332,0.8367107762199355,64066.41396896392,53605.05896159952,161020.45271850307,26.09312179262629,23.904563954035098,25.692759896606,443.1376402539512,3.2345813157222714,84,7,2,29.801388104756672,69.78730813662212,7,0.9669469823253094,2020-03-23,2020-06-29,83,181,99,20.894872262773724,28.08333333333333,13.875,8.655997566909974,1492.5975,0,0,0,AAS2020_Table_6_1,official_aggregate,sub_region,sub_region,production_mt_divided_by_area_harvested_ha,2020,False,False,False,surveyed_seasonal_block,True,CHIRPS_v2.0_daily_via_ClimateSERV,NASA_POWER_daily,not_included,none,30,,soil_not_included_for_milestone,aas-chirps-v1,uganda_crop_model-0.2.0
Tooro,2020,second_season,maize,4.280134298861752,2.3012558595620862,0.537659731886001,85373.47509107928,45901.87972764587,196466.209804524,21.15153463720992,29.60295582909324,22.956032838810632,572.6255900263786,4.655492601840477,97,14,0,17.376190185546875,50.14780724048615,6,0.610020101338572,2020-08-19,2020-12-09,232,344,113,20.81642953929539,27.3,14.433333333333332,8.609661246612461,1330.4208333333336,0,0,0,AAS2020_Table_6_1,official_aggregate,sub_region,sub_region,production_mt_divided_by_area_harvested_ha,2020,False,False,False,surveyed_seasonal_block,True,CHIRPS_v2.0_daily_via_ClimateSERV,NASA_POWER_daily,not_included,none,30,,soil_not_included_for_milestone,aas-chirps-v1,uganda_crop_model-0.2.0
West Nile,2018,annual,maize,2.1,1.3070926000808734,0.2193449251920744,61825.0,13561.0,80811.0,,,22.5,1378.101045006079,3.775619301386518,201,43,4,25.69434142112732,62.344817101955414,47,0.7099499717935994,2018-03-16,2018-12-16,75,350,276,24.508309931506854,38.5975,15.33625,10.145352739726029,5295.533125000001,83,23,0,AAS2018_Annex4,official_aggregate,sub_region,sub_region,published_official_subregion_yield_over_harvested,2018,False,False,False,published_annual_aggregate_total_and_s2_harvested_area,False,CHIRPS_v2.0_daily_via_ClimateSERV,NASA_POWER_daily,not_included,none,30,,soil_not_included_for_milestone,aas-chirps-v1,uganda_crop_model-0.2.0
West Nile,2020,first_season,maize,1.2660956469166913,1.0690365754504578,0.8443568841373642,39239.518416528,33132.1575052303,41948.48039033027,13.395643531209506,14.64938004915027,15.930838937998889,568.4824554855004,4.149506974346719,97,13,0,18.382431626319885,47.01603955030441,5,0.6748049091887962,2020-03-07,2020-07-15,67,197,131,24.1996852189781,37.00375,17.15625,8.821724452554744,1945.356875,20,5,0,AAS2020_Table_6_1,official_aggregate,sub_region,sub_region,production_mt_divided_by_area_harvested_ha,2020,False,False,False,surveyed_seasonal_block,True,CHIRPS_v2.0_daily_via_ClimateSERV,NASA_POWER_daily,not_included,none,30,,soil_not_included_for_milestone,aas-chirps-v1,uganda_crop_model-0.2.0
West Nile,2020,second_season,maize,2.6368413584111803,1.3415404713794767,0.5087679875393859,13264.093799427596,6748.346308868425,17794.31864810569,17.81649627869704,22.056781947081973,19.44418880114001,652.8203215748072,5.3074822892260745,95,19,2,24.934115648269653,60.49506348371506,7,0.7618747981155384,2020-08-15,2020-12-09,228,344,117,22.84138719512195,28.365,16.295,8.259217479674795,1579.4906250000001,0,0,0,AAS2020_Table_6_1,official_aggregate,sub_region,sub_region,production_mt_divided_by_area_harvested_ha,2020,False,False,False,surveyed_seasonal_block,True,CHIRPS_v2.0_daily_via_ClimateSERV,NASA_POWER_daily,not_included,none,30,,soil_not_included_for_milestone,aas-chirps-v1,uganda_crop_model-0.2.0
