crop,table_id,entity_type,sub_region,season_group,area_planted_ha,production_mt,yield_mt_per_ha_production_over_planted,cv_area_planted_pct,cv_production_pct,year
banana_food,Table 6-21,sub_region,Acholi,first_season_2020,1476.7919762400682,5721.391416698425,3.87420266953587,31.429577600712065,28.653093378601387,2020
banana_food,Table 6-21,sub_region,Acholi,second_season_2020,1795.16820215497,5315.996251508262,2.961280310740125,30.484654059690637,31.168658908457154,2020
banana_food,Table 6-21,sub_region,Acholi,total_2020,1795.16820215497,11037.387668206688,6.148386348954432,30.19370094914086,28.14557281103379,2020
banana_food,Table 6-21,sub_region,Ankole,first_season_2020,165341.0944525888,1834935.6548374656,11.097880178624495,6.651427189345038,6.531537833280882,2020
banana_food,Table 6-21,sub_region,Ankole,second_season_2020,155924.06846624165,1455503.4456332931,9.334693867024237,7.41050164817202,7.731562372031703,2020
banana_food,Table 6-21,sub_region,Ankole,total_2020,155924.06846624165,3290439.100470759,21.102829940479367,6.674722647250525,6.635249628773312,2020
banana_food,Table 6-21,sub_region,Bukedi,first_season_2020,14747.923074180577,48626.77882045923,3.2971950406759922,14.501291541916983,21.72458058316935,2020
banana_food,Table 6-21,sub_region,Bukedi,second_season_2020,10615.356125762752,38915.35461648589,3.6659490416945086,12.401985467654988,17.552725651746254,2020
banana_food,Table 6-21,sub_region,Bukedi,total_2020,10615.356125762752,87542.13343694512,8.246744847729252,13.266986084296581,19.297122088559412,2020
banana_food,Table 6-21,sub_region,Bunyoro,first_season_2020,46475.750903384906,422980.31661222305,9.101096989084187,14.345533109252143,18.299675011726084,2020
banana_food,Table 6-21,sub_region,Bunyoro,second_season_2020,50832.76329588961,400765.51559376845,7.884000192178708,16.77749665241051,17.32058529243832,2020
banana_food,Table 6-21,sub_region,Bunyoro,total_2020,50832.76329588961,823745.8322059915,16.205017764056915,14.32235587274021,16.17733138196757,2020
banana_food,Table 6-21,sub_region,Busoga,first_season_2020,36146.32982865225,182366.58978371415,5.045231165880552,9.455940138740731,11.920089951179902,2020
banana_food,Table 6-21,sub_region,Busoga,second_season_2020,32178.059654281045,165309.5738977772,5.137338163762899,9.66191202539544,12.696429469215406,2020
banana_food,Table 6-21,sub_region,Busoga,total_2020,32178.059654281045,347676.1636814914,10.804758503679253,9.458428872692142,11.56409276675046,2020
banana_food,Table 6-21,sub_region,Elgon,first_season_2020,48373.09659056031,363305.84468285315,7.510493854837275,14.112418617036946,19.446905939096563,2020
banana_food,Table 6-21,sub_region,Elgon,second_season_2020,45221.401261365194,297771.3625733476,6.584744264166531,13.88920608802375,16.58209423190758,2020
banana_food,Table 6-21,sub_region,Elgon,total_2020,45221.401261365194,661077.2072562007,14.61868028890539,13.655880265208229,17.692298411986084,2020
banana_food,Table 6-21,sub_region,Karamoja,second_season_2020,366.74369945606765,182.74903830549547,0.4983017801711057,100.0,100.0,2020
banana_food,Table 6-21,sub_region,Karamoja,total_2020,366.74369945606765,182.74903830549547,0.4983017801711057,99.99999999999993,100.0,2020
banana_food,Table 6-21,sub_region,Kigezi,first_season_2020,23841.605820921137,185957.2540428831,7.799695013819272,16.12121552211238,18.2936065536494,2020
banana_food,Table 6-21,sub_region,Kigezi,second_season_2020,19163.01302964884,168691.62593412824,8.802980286718487,15.039077807427928,16.938903078039008,2020
banana_food,Table 6-21,sub_region,Kigezi,total_2020,19163.01302964884,354648.87997701135,18.506947703281412,15.43871649742453,17.520157109621156,2020
banana_food,Table 6-21,sub_region,Lango,first_season_2020,1435.8117632120811,5543.982811483071,3.861218408658614,27.731315077920982,40.45207586025709,2020
banana_food,Table 6-21,sub_region,Lango,second_season_2020,1798.4653074853015,7660.002837574311,4.259188545752315,50.25580686488323,36.153420399336085,2020
banana_food,Table 6-21,sub_region,Lango,total_2020,1798.4653074853015,13203.985649057382,7.341807258723168,33.18326532768467,30.482729304790375,2020
banana_food,Table 6-21,sub_region,North Buganda,first_season_2020,141562.0546035566,787277.5703964132,5.5613601582795456,8.347271512938399,9.57969120190574,2020
banana_food,Table 6-21,sub_region,North Buganda,second_season_2020,153406.28737105403,847914.3373515769,5.527246320098145,8.270615581982092,9.039770961638972,2020
banana_food,Table 6-21,sub_region,North Buganda,total_2020,153406.28737105403,1635191.90774799,10.659223528386695,7.880660486634314,8.370140950628876,2020
banana_food,Table 6-21,sub_region,South Buganda,first_season_2020,160563.73071383577,1330485.0524928267,8.28633618923616,9.407632102497866,8.885502397090148,2020
banana_food,Table 6-21,sub_region,South Buganda,second_season_2020,134793.7539429394,862405.326309889,6.397962079718921,7.563718347468121,8.178934819520531,2020
banana_food,Table 6-21,sub_region,South Buganda,total_2020,134793.7539429394,2192890.378802716,16.26848659271709,8.18642978252948,8.022845268462998,2020
banana_food,Table 6-21,sub_region,Teso,first_season_2020,6811.119569504331,16506.667284024323,2.423488108758245,20.666712937317552,26.700601262946428,2020
banana_food,Table 6-21,sub_region,Teso,second_season_2020,14132.105083898068,14506.621161450374,1.0265010821338305,24.29963613549902,25.790599323954204,2020
banana_food,Table 6-21,sub_region,Teso,total_2020,14132.105083898068,31013.288445474696,2.1945271607703245,21.788048652654396,25.942193660999518,2020
banana_food,Table 6-21,sub_region,Tooro,first_season_2020,93354.42569434816,867530.5362659349,9.292869939624692,10.565654985132554,11.171148121404089,2020
banana_food,Table 6-21,sub_region,Tooro,second_season_2020,92038.3462490942,730018.7802509171,7.931680761355505,12.707934153475167,13.971229714406366,2020
banana_food,Table 6-21,sub_region,Tooro,total_2020,92038.3462490942,1597549.316516852,17.357431783848185,11.4052786881274,12.04129892046653,2020
banana_food,Table 6-21,sub_region,Uganda,first_season_2020,747163.746226709,6087261.788945089,8.147158932277819,3.579510572629581,3.900016320442217,2020
banana_food,Table 6-21,sub_region,Uganda,second_season_2020,721834.140645839,5033813.502400061,6.97364286191314,3.6431244678736143,4.105628790770543,2020
banana_food,Table 6-21,sub_region,Uganda,total_2020,721834.140645839,11121075.29134515,15.406690630336364,3.4296883453756797,3.733504454722854,2020
banana_food,Table 6-21,sub_region,West Nile,first_season_2020,7034.011235723955,36024.149498109975,5.121423365824677,31.18395956686499,38.17105763844667,2020
banana_food,Table 6-21,sub_region,West Nile,second_season_2020,9568.60895656797,38852.81095003959,4.060445058042706,35.276539872925866,37.40096732364629,2020
banana_food,Table 6-21,sub_region,West Nile,total_2020,9568.60895656797,74876.96044814956,7.825271237231762,32.21558602454264,36.519001822213646,2020
