district,year,yield_tons_ha,MAM,SON,DJF,JJA,annual_rainfall,rain_cv,max_monthly,min_monthly,rainy_months,MAM_tmax,MAM_tmin,MAM_gdd,MAM_heat_stress,MAM_cold_stress,SON_tmax,SON_tmin,SON_gdd,SON_heat_stress,SON_cold_stress,DJF_tmax,DJF_tmin,DJF_gdd,DJF_heat_stress,DJF_cold_stress,JJA_tmax,JJA_tmin,JJA_gdd,JJA_heat_stress,JJA_cold_stress,annual_tmax,annual_tmin,annual_gdd,annual_heat_stress,annual_cold_stress,elevation_m,lat,lon,phh2o,soc,clay,sand,silt,bdod,cec,source_status,n_households,total_area_ha,total_production_kg,fertilizer_kg_ha,planting_density,ndvi_peak,evi_peak,soil_moisture_index,planting_date,solar_radiation
Arua,2015,0.8268633089222214,342.7566654006856,589.8562754339425,122.84420227910849,413.305377481989,1468.7625205957258,0.4557266214042391,290.24539857798766,28.3700977907217,8,29.268633563637167,18.946144901328974,1298.2489884446195,0,0,27.73545498779571,17.605755621771742,1152.9254453614035,0,0,30.37738000692068,18.687088802026377,1302.2300985339782,0,0,25.926722558674477,16.565442428648513,1033.7166167675043,0,0,28.327047779257004,17.951107938443904,4787.1211491075055,0,0,1200,3.02,30.911,,,,,,,,request_failed,,,,,,,,,,
Arua,2016,1.6395312522879106,331.34650857327944,536.3777386684526,73.08286925601438,395.2531393007199,1336.0602557984662,0.5027429151026086,215.93788908035427,16.932326621320247,9,28.52574194266916,18.27997927362856,1233.9162768691074,0,0,27.061333549910163,17.100796179179532,1098.415762283831,0,0,29.38473108288157,17.862392776164448,1238.0064350867756,0,0,26.89831013481876,16.55825786949433,1079.464861494477,0,0,27.96752917756991,17.45035652461672,4649.803335734191,0,0,1200,3.02,30.911,,,,,,,,request_failed,,,,,,,,,,
Arua,2017,1.1695853948939394,305.6042542645205,402.3178935598593,34.96922871140725,417.3383008254176,1160.2296773612047,0.5288278944736143,204.1536244029781,6.16584580867416,10,29.39140694404284,18.263557732294384,1272.762867840352,0,0,29.207492030392277,17.48833570599787,1213.7683732998726,0,0,31.15488600763512,17.837377981549253,1299.4397030368898,0,0,27.246454389429005,17.13732741778512,1122.2789985794418,0,0,29.250059842874816,17.681649709406656,4908.249942756556,0,0,1200,3.02,30.911,,,,,,,,request_failed,,,,,,,,,,
Arua,2018,1.2002071467730129,279.6909300870811,400.1695734547331,51.31607115970302,374.2468790088528,1105.42345371037,0.4973544660509765,205.90546675261015,5.374879825243973,10,29.21571961383892,18.769883773384706,1286.8237500779792,0,0,28.25850151852771,17.147481395983515,1155.4009145675902,0,0,30.749482654208247,18.15046753735288,1299.6500095217882,0,0,27.89888173514172,18.26107651460216,1202.9296094664835,0,0,29.030646380429147,18.08222730533081,4944.804283633841,0,0,1200,3.02,30.911,,,,,,,,request_failed,,,,,,,,,,
Arua,2019,1.1776710900673937,276.5799634525828,568.5104679025442,49.34933539324028,408.7509949877932,1303.1907617361603,0.5836620236159107,245.0618314736766,1.5839589877145608,11,27.45312811663311,17.276025098571086,1137.77821254565,0,0,26.20463717649592,16.979919763857723,1055.6322314703102,0,0,27.55531657897004,17.2286556948955,1112.8986529389165,0,0,27.236841196044512,15.812089231511225,1060.8973317765983,0,0,27.11248076703589,16.824172447208884,4367.206428731475,0,0,1200,3.02,30.911,,,,,,,,request_failed,,,,,,,,,,
Arua,2020,1.453824261273316,348.72762074311044,585.18980345515,56.662734292715896,338.201099712558,1328.7812582035344,0.5636413600801504,308.06891006424866,6.753080740471184,9,28.31950214446829,20.783061104134237,1339.0767581293464,0,0,28.460088925052546,18.63436453972309,1234.0885939471266,0,0,31.567892803434905,19.82810159715272,1426.7630092325137,0,0,28.881226430466764,18.67043680786225,1268.148446809006,0,0,29.30717757585563,19.478991012218074,5268.076808117992,0,0,1200,3.02,30.911,,,,,,,,request_failed,,,,,,,,0.2374427989125251,,
Arua,2021,1.4860930209251968,255.4552764987744,560.8868194327597,73.67167856944931,386.032187885518,1276.0459623865013,0.5590522593482258,292.6769354931972,17.433610707387974,10,28.74174516936965,18.433657394848293,1250.6961020137758,0,0,28.36401754694221,16.7963928619292,1143.908803341409,0,0,30.66032122101401,18.49697379729344,1309.2508559819062,0,0,27.389985886440325,18.18173823635877,1175.7151661875707,0,0,28.789017455941547,17.977190572607423,4879.570927524662,0,0,1200,3.02,30.911,,,,,,,,request_failed,,,,,,,,0.223724041134119,,
Arua,2022,1.3243821113055314,356.5203982117728,540.7032357337532,51.23645690482845,494.1855596278945,1442.6456504782489,0.5297290056886476,266.7969754414636,6.487492940706572,9,28.66073596475117,19.10818505020182,1278.1550137620095,0,0,28.413455216118948,17.426181168216278,1176.2679282785666,0,0,30.5650234877718,20.005324247867595,1371.0511540344462,0,0,27.25171107644788,17.417987484889064,1134.1607227408372,0,0,28.72273143627245,18.48941948779369,4959.63481881586,0,0,1200,3.02,30.911,,,,,,,,request_failed,,,,,,,,0.2292116172611713,,
Arua,2023,1.7300123335226711,429.98802399535145,566.3810040225779,112.88857034228492,455.2748606020651,1564.5324589622794,0.4311536166254502,270.2881069191865,20.62173975125622,10,30.33390942243786,19.153221043014582,1357.222473448923,0,0,27.275125058305907,18.1247482913516,1156.999265510743,0,0,30.28716524188537,18.36404655808821,1286.1181084687926,0,0,28.55919294426846,17.24153232305039,1186.1188199301655,0,0,29.11384816672441,18.220887053876197,4986.458667358625,0,0,1200,3.02,30.911,,,,,,,,request_failed,,,,,,,,0.2387807766596476,,
Fort Portal,2015,1.814905363110976,618.7492801121819,513.3674579243972,120.33612292697076,328.939144696893,1581.392005660443,0.4797204649146462,280.99963088426284,25.268478574525563,10,27.984068459663224,17.32075289900528,1165.0446539943869,0,0,26.33603325795575,15.88046871949238,1010.0962765395276,0,0,29.47837575263219,17.256772038229332,1202.010927564772,0,0,24.181435582644543,16.229210880273477,939.5995298307224,0,0,26.994978263223928,16.671801134250117,4316.751387929409,0,0,1500,0.671,30.275,,,,,,,,request_failed,,,,,,,,,,
Fort Portal,2016,2.0381001970560617,387.8385904901968,556.0205419450504,94.14357562370368,236.23681243846616,1274.2395204974168,0.5399090595692593,267.97513010083446,20.267606525794317,11,25.16599142733745,15.635892871783554,957.5551694577356,0,0,23.673661360604974,14.762757021373329,839.9988121030531,0,0,28.02157297084472,15.248385363202187,1057.9411489352449,0,0,22.875444746851496,13.420818107355098,750.4002075711555,0,0,24.93416762640966,14.76696334092854,3605.895338067189,0,0,1500,0.671,30.275,,,,,,,,request_failed,,,,,,,,,,
Fort Portal,2017,1.997546876538249,463.58415727797046,509.4692615536878,106.6073009863934,321.33668490939425,1400.997404727446,0.4477907261284858,249.6020271229928,15.928754877068425,10,28.669299880770385,15.910425238134517,1130.9669303869716,0,0,26.75330808163766,15.574346786956276,1015.5854586829812,0,0,28.96054472911184,16.634382235378304,1150.325971214625,0,0,25.380225040581703,15.243888363412331,948.4212707243464,0,0,27.4408444330254,15.840760655970358,4245.299631008925,0,0,1500,0.671,30.275,,,,,,,,request_failed,,,,,,,,,,
Fort Portal,2018,1.854227876348875,406.5558482431391,497.3633353574673,108.04410932287374,226.25795791710112,1238.2212508405812,0.4905223870984707,240.2687612234265,16.29377897117844,11,25.381918995615205,16.255831015839426,995.9387013924196,0,0,25.464177598500232,14.25445120267824,897.1759907360142,0,0,28.45809224172332,15.62692886781548,1081.4510889134883,0,0,25.35344915607264,15.324420033741452,950.8973225216084,0,0,26.164409497977854,15.365407780018652,3925.4631035635302,0,0,1500,0.671,30.275,,,,,,,,request_failed,,,,,,,,,,
Fort Portal,2019,2.063147790124788,354.163098028232,312.44993330109065,75.83351983459309,316.2216269938218,1058.6681781577377,0.4165117358637409,176.71053292388316,4.271396862481067,9,25.931321202485424,14.838157954936454,955.9838591474584,0,0,24.241571071766355,13.517863438973132,808.5159483325116,0,0,27.61054234441971,15.814169460274938,1050.6663637367276,0,0,23.46125604072816,13.864841382114797,797.3646968708483,0,0,25.311172664849902,14.50875805907483,3612.530868087546,0,0,1500,0.671,30.275,,,,,,,,request_failed,,,,,,,,,,
Fort Portal,2020,1.9423115432067264,505.9086031975751,471.9276022057357,118.33372232956184,280.46170541728253,1376.631633150155,0.4537414091940293,229.5807408463969,25.43640112750208,9,25.572849912256604,16.90657669867403,1034.0497460548172,0,0,26.167516506564294,15.823169346012676,999.81208716768,0,0,29.43607030901407,17.629334676748698,1232.2028037358598,0,0,26.065341134086243,15.567218160833294,994.5201070507568,0,0,26.810444465480305,16.481574720567174,4260.584744009114,0,0,1500,0.671,30.275,,,,,,,,request_failed,,,,,,,,0.2544881093005339,,
Fort Portal,2021,1.464435213294372,374.1967541230322,606.3522858187189,155.0556486784201,367.91960880541126,1503.5242974255823,0.4247241136254142,285.56332653876404,26.22708285599288,11,23.908080169000755,15.444537322806704,891.3163907234298,0,0,24.509158141994448,15.341507112327912,903.8660506586843,0,0,28.90991381203243,15.973741960475117,1116.067018400825,0,0,24.633004520996987,15.03318406804289,903.8472450392238,0,0,25.490039161006155,15.448242615913154,3815.0967048221632,0,0,1500,0.671,30.275,,,,,,,,request_failed,,,,,,,,0.2579344299932321,,
Fort Portal,2022,1.8491920679746208,306.51665709390204,428.9241895777308,84.33802915536992,176.9381250776329,996.7170009046356,0.5232048997545198,215.833354284986,8.744819623931129,10,25.60524584699032,15.029221233103906,949.7748981493268,0,0,25.74372485203759,14.771484859786757,933.5399077285588,0,0,26.98404613384717,15.17464259890587,995.6250443253708,0,0,23.476731969716557,13.890908478553335,800.4313616258314,0,0,25.452437200647907,14.716564292587467,3679.371211829088,0,0,1500,0.671,30.275,,,,,,,,request_failed,,,,,,,,0.2482694089412689,,
Fort Portal,2023,2.3767469202388853,432.623225635051,497.6226813928027,106.54481010996903,256.06464884704394,1292.8553659848667,0.4738946236067511,241.67644018103744,20.53807734433133,10,27.50308443185206,17.06237353217776,1129.992174079296,0,0,25.642248568801936,16.02512948702251,986.0334019071624,0,0,28.934722300492272,16.767604729921334,1152.9801453103782,0,0,26.2995545236036,15.65545727762401,1009.231732580987,0,0,27.09490245618747,16.377641256686406,4278.237453877824,0,0,1500,0.671,30.275,,,,,,,,request_failed,,,,,,,,0.2371676390369733,,
Gulu,2015,1.088390805995345,383.818647281395,365.8338423949493,76.5265099139823,371.2480429945525,1197.427042584879,0.4303107402785078,207.5457810762437,6.569664764606639,10,27.42019353187951,19.367871878053013,1233.098441234169,0,0,27.53974087451498,16.82627541986122,1109.001200440051,0,0,32.01288827391326,18.97618473844589,1393.8536066758,0,0,27.613993653767825,17.533894436301463,1157.100354556058,0,0,28.64670408351889,18.1760566181654,4893.053602906078,0,0,1100,2.774,32.299,,,,,,,,request_failed,,,,,,,,,,
Gulu,2016,1.4188245554957817,291.7610562688222,451.7195907122557,64.56537118756395,332.6738867164092,1140.719904885051,0.49187275797058,229.35645559595727,4.676620736131131,10,27.538747173176905,18.059327663577932,1177.9628116630051,0,0,28.732394283650308,17.279866889779157,1184.9143220524754,0,0,31.84068092741802,18.800112946692824,1388.157476685327,1,0,27.967069223111608,17.877449799096592,1190.3450670293155,0,0,29.01972290183921,18.004189324786626,4941.379677430124,1,0,1100,2.774,32.299,,,,,,,,request_failed,,,,,,,,,,
Gulu,2017,1.2449165650019398,298.51119033575293,327.1887109374177,79.67016571705905,352.102054172822,1057.4721211630515,0.4096875942851603,159.63738071937678,18.095241599064785,10,28.63324223643087,19.63313688118724,1300.6194191945044,0,0,29.549538073501896,17.646709793145977,1237.450933739148,0,0,32.91243431090225,18.78678560486415,1424.5501830401902,0,0,28.289736765192824,18.286007974755197,1222.5383409750775,0,0,29.846237846506963,18.588160063488143,5185.15887694892,0,0,1100,2.774,32.299,,,,,,,,request_failed,,,,,,,,,,
Gulu,2018,1.565505597873871,281.973395983069,481.0418812002694,39.22058336835917,332.6066652041363,1134.8425257558338,0.5603881853202023,258.0944115639526,5.338791353757481,10,27.49976592896567,16.597715122563383,1108.9818425254991,0,0,26.52371022195265,16.35330364584986,1038.9195373677508,0,0,28.7077572880732,17.052688697748767,1156.0145546911,0,0,26.6968800974662,15.509042896664852,1022.2069127037034,0,0,27.35702838411443,16.378187590706716,4326.122847288053,0,0,1100,2.774,32.299,,,,,,,,request_failed,,,,,,,,,,
Gulu,2019,1.1756383757027449,383.160374235724,434.8226921671296,138.11344505651488,378.7011101082973,1334.7976215676658,0.3447886804188741,200.26819495523912,17.664445019113586,11,28.419895345930478,19.11814542171239,1266.9268164350906,0,0,28.877690588636607,17.21078977395427,1186.9464622231314,0,0,30.659093369528453,19.83086859828449,1369.546565122826,0,0,28.389922776706342,17.730676526784247,1199.896482831634,0,0,29.086650520200468,18.472620080183848,5023.316326612682,0,0,1100,2.774,32.299,,,,,,,,request_failed,,,,,,,,,,
Gulu,2020,1.1688266394847815,321.74135440296345,520.4739594999962,62.741212479426025,405.23108221087614,1310.1876085932618,0.5140731702226273,281.14840311692444,8.746160183544099,9,27.79099735045662,17.915633596194997,1181.8673144380246,0,0,27.504414170149147,15.496052416343652,1046.9252349037358,0,0,28.03745927892,17.978398329506607,1183.0493206117123,0,0,26.10236232990539,15.153229872080765,978.27338849895,0,0,27.3588082823578,16.635828553531507,4390.115258452423,0,0,1100,2.774,32.299,,,,,,,,request_failed,,,,,,,,0.2683937661349773,,
Gulu,2021,1.27659623746318,255.67734834604417,471.9519177341019,81.43132194391463,319.21835262441755,1128.2789406484785,0.4962918927695478,239.0504609859615,13.862930582882438,11,30.65301693701753,18.956209629431683,1364.396295598508,0,0,29.966150395973187,18.77977731757176,1307.0950137933255,0,0,32.14503718370744,20.547666709972532,1467.773620839023,0,0,27.72966462519948,19.20062936016346,1238.9047836160837,0,0,30.12346728547441,19.37107075428486,5378.16971384694,0,0,1100,2.774,32.299,,,,,,,,request_failed,,,,,,,,0.2482651260991891,,
Gulu,2022,1.3922776182542844,311.1038628037235,452.2515165630106,36.4238470875533,364.1854546788513,1163.9646811331386,0.5339668960486181,244.22819748063648,3.0511193188362395,11,27.1430723404114,18.39029831807086,1174.392654619478,0,0,26.63991692965949,16.630973662393856,1059.6104350183173,0,0,29.658620239765767,19.129231113249958,1291.14533720831,0,0,26.83973995132041,17.39011436565978,1113.7931613591584,0,0,27.570337365289276,17.88515436484361,4638.941588205264,0,0,1100,2.774,32.299,,,,,,,,request_failed,,,,,,,,0.2427211677034696,,
Gulu,2023,1.4663936332786898,521.796348463321,512.0660057021166,102.71554156948577,414.5620821820481,1551.1399779169717,0.4379820888838561,273.9259992577765,15.542910705045898,9,30.40786467677988,20.34194889122313,1414.656217471132,0,0,30.390219680004776,18.54664080596436,1318.229559479758,0,0,31.95346400336142,20.76148468194868,1468.487262828845,0,0,28.637238133615146,18.79563945251827,1261.9261637202856,0,0,30.3471966234403,19.61142845791361,5463.299203500021,0,0,1100,2.774,32.299,,,,,,,,request_failed,,,,,,,,0.2509866828719775,,
Hoima,2015,1.6287544737119724,444.6816624891438,483.27165509524207,108.11672709492872,303.2630685545048,1339.3331132338194,0.4391811068646007,205.8658974480111,19.805977225504623,10,27.84859197769639,18.38552038998833,1207.0071813665077,0,0,27.9468321262326,16.71283851367562,1122.5029781696169,0,0,30.402311433371565,19.30738778391889,1332.4051646271514,0,0,27.08258085204044,17.43733741902753,1128.5161074071264,0,0,28.320079097335253,17.960771026652594,4790.431431570402,0,0,1100,1.433,31.35,,,,,,,,request_failed,,,,,,,,,,
Hoima,2016,1.4071873786910716,431.7948002904756,466.1072074373091,67.39319816229415,250.8217859148818,1216.116991804961,0.5237433090159163,246.6455586973481,7.580366535130009,8,30.593785167728125,17.514707819192306,1293.5379713756688,0,0,27.42341545612686,16.7638229617756,1101.268742055851,0,0,30.423727595332792,17.868452441605193,1288.792049668516,0,0,27.934684025833864,17.07571287006085,1151.0966284528267,0,0,29.09390306125541,17.30567402315849,4834.695391552862,0,0,1100,1.433,31.35,,,,,,,,request_failed,,,,,,,,,,
Hoima,2017,1.765898822195226,529.8418101695579,613.3325905666521,136.6833903487763,345.0869782171705,1624.9447693021568,0.4515000287796846,306.96916084852336,24.99093514246304,9,29.65277348832009,18.100027031104577,1277.5475130576624,0,0,28.54261693454312,17.01780143248587,1163.2470122059976,0,0,29.9363915557999,18.2236852919549,1265.317049796644,0,0,27.54312830464026,17.741974691660506,1162.5711082043597,0,0,28.91872757082584,17.770872111801467,4868.682683264664,0,0,1100,1.433,31.35,,,,,,,,request_failed,,,,,,,,,,
Hoima,2018,1.3532134637141984,410.8559164309286,403.5357115656568,89.19015138610688,298.9001148224586,1202.4818942051509,0.4319561459227025,222.74306209886672,8.86354319573893,9,30.00351077041524,17.931187501265242,1286.3426080273505,0,0,29.421804611980363,17.149144275352352,1209.8173257193089,0,0,30.248669223420396,17.81025934324725,1259.059342431592,0,0,26.572800148008685,18.13620319446378,1135.68569239174,0,0,29.061696188456168,17.756698578582157,4890.904968569991,0,0,1100,1.433,31.35,,,,,,,,request_failed,,,,,,,,,,
Hoima,2019,1.956110037208764,399.8322923014904,373.5976889020809,119.6205274220978,344.9462640015052,1237.9967726271743,0.3597159972665952,207.46207145995336,28.19350950274708,10,28.285998207356094,17.845827594797083,1202.1456383151387,0,0,26.96930379555286,16.54645521571604,1069.8187597525484,0,0,29.007194109690406,17.861456757919274,1205.4472717407364,0,0,26.990507555199056,16.06245583504615,1059.7139457667886,0,0,27.8132509169496,17.079048850869636,4537.125615575212,0,0,1100,1.433,31.35,,,,,,,,request_failed,,,,,,,,,,
Hoima,2020,1.748183158436433,302.85853799089483,476.6757149531014,64.07582376808233,265.27455549223583,1108.8846322043144,0.5289636221610394,253.83053854513744,6.044651603456639,10,28.89269635443832,20.164299795796087,1336.4808773445802,0,0,31.08285635021798,19.021924932378894,1369.156250817889,0,0,30.73004775609976,19.47266772081676,1372.7529247475466,0,0,27.536258717381013,19.315917941344672,1234.8318969374925,0,0,29.560464794534276,19.493702597584107,5313.221949847508,0,0,1100,1.433,31.35,,,,,,,,request_failed,,,,,,,,0.259871235738198,,
Hoima,2021,1.8560779142653048,332.3956591850406,480.1927987787813,49.411656438317166,239.3484093100704,1101.3485237122095,0.5672035690566424,270.9577524265724,14.851595108809043,8,28.95440283244093,19.66196265534356,1316.9852919579007,0,0,29.479156996973447,19.92276129839519,1337.7700956614467,0,0,32.07353025388593,19.700827051355628,1428.4375892004064,0,0,30.055387172513274,18.63353311742826,1319.5583875513462,0,0,30.140619313953398,19.47977103063065,5402.7513643711,0,0,1100,1.433,31.35,,,,,,,,request_failed,,,,,,,,0.2414334478477637,,
Hoima,2022,2.0406983599529416,397.3880103162016,644.5366945263852,117.55110599428308,307.7179491092224,1467.1937599460923,0.5167188228746122,331.510416748458,20.58714947691453,8,28.751621452389735,18.090935713348888,1234.9499704828368,0,0,28.92466962096765,16.85224685124827,1174.0319086189045,0,0,30.10279226486288,18.73481762813003,1290.6883537206131,0,0,27.097703577941346,17.558348212717046,1134.7179761723378,0,0,28.7191967290404,17.80908710136106,4834.388208994692,0,0,1100,1.433,31.35,,,,,,,,request_failed,,,,,,,,0.2371760122478008,,
Hoima,2023,1.723710403362679,403.54772473573007,462.2729372925046,45.362972911878025,336.0165266977693,1247.200161637882,0.5137375679365787,218.83379509082567,18.117083693394264,10,31.778671860638426,21.205646100775823,1518.530138058302,1,0,31.226504090969144,19.74055267897044,1409.4641751251684,0,0,32.42188367651394,20.61739480884748,1483.3238723028553,0,0,30.083178889422047,19.50454146444861,1361.4850500705704,0,0,31.37755962938589,20.26703376326059,5772.803235556896,1,0,1100,1.433,31.35,,,,,,,,request_failed,,,,,,,,0.239217339704434,,
Iganga,2015,2.254942069274164,441.7658915344354,517.5702642479242,72.79323297810086,304.80595108455617,1336.9353398450166,0.5059627175010375,248.92511343078547,9.185381711629086,9,30.75624439917607,18.93755524883437,1365.934312720296,0,0,28.62203055542012,18.198327916917023,1221.0434532718734,0,0,31.0374347647687,19.74990215372484,1380.6131854757582,0,0,28.982751213697195,18.198933534111767,1250.714347538415,0,0,29.84961523326552,18.771179713397,5218.305299006343,0,0,1100,0.617,33.483,,,,,,,,request_failed,,,,,,,,,,
Iganga,2016,2.243377709115173,510.4205003821943,649.148663185429,108.22605044638884,378.7838565572149,1646.579070571227,0.4848032475024164,311.98031444741224,22.42144832415977,9,26.983184320978257,17.49154943899561,1127.8290827662345,0,0,27.91710697771377,15.81106090951072,1080.548940765148,0,0,29.911958558976607,17.94971749727772,1264.4224998807017,0,0,25.40258222515777,16.770362191120572,1020.0222112699684,0,0,27.553708020706605,17.00567250922616,4492.822734682052,0,0,1100,0.617,33.483,,,,,,,,request_failed,,,,,,,,,,
Iganga,2017,2.315042599123879,488.1821109698856,554.4802729956947,101.00395551805076,406.1909947472124,1549.8573342308437,0.4478568348817082,265.4087087211307,19.569479492191988,11,29.80122329242788,19.308749615874085,1339.529280527845,0,0,28.30156799037388,17.76654115813332,1185.012893717406,0,0,31.028609164357515,18.197053141782337,1309.4970201827823,0,0,29.19614790530014,17.267142211499927,1216.990854295038,0,0,29.58188708811485,18.134871531822416,5051.030048723071,0,0,1100,0.617,33.483,,,,,,,,request_failed,,,,,,,,,,
Iganga,2018,2.0754236773638493,487.452479109298,471.254737142589,77.61843553443155,324.00883966529943,1360.334491451618,0.4833219158559287,243.9691697361135,17.591076342275656,11,27.37931148679243,17.211494587393723,1132.0832028198306,0,0,27.412811982460585,16.030953522037994,1065.7160499638153,0,0,27.83467334898478,17.108073452200742,1119.845783378022,0,0,26.883775883186093,15.75920516895888,1040.1940216378846,0,0,27.37764317535597,16.527431682647833,4357.839057799552,0,0,1100,0.617,33.483,,,,,,,,request_failed,,,,,,,,,,
Iganga,2019,2.6797249808028747,438.8570919235933,571.1855029925582,94.1115157307935,350.5518125223989,1454.705923169344,0.4793267179271031,297.49589200501737,11.594149205631554,9,30.34952867037371,21.190197682929263,1450.8266358703986,0,0,29.45277440347331,18.82886221179553,1287.5226742401858,0,0,32.97946798117833,20.93128330048029,1526.9497543287368,0,0,28.622645634301545,19.82275323999416,1307.755733165649,0,0,30.351104172331727,20.19327410879981,5573.05479760497,0,0,1100,0.617,33.483,,,,,,,,request_failed,,,,,,,,,,
Iganga,2020,2.018791183526957,585.702464783476,566.2544731191389,131.86474081548076,430.3651960424623,1714.1868747605577,0.423389173499331,278.8683008298996,21.93337157135109,10,29.16172233051384,19.516591812110956,1318.9195333845082,0,0,29.77824714169117,17.755312039406462,1252.8215815789204,0,0,32.06308983605148,19.491502307628327,1435.3929324157357,0,0,28.340365859246976,17.707005322250357,1199.8552126912434,0,0,29.835856291875867,18.61760287034902,5206.989260070408,0,0,1100,0.617,33.483,,,,,,,,request_failed,,,,,,,,0.2537254927059014,,
Iganga,2021,2.2376424102876458,461.7931654891477,520.1474958776157,92.49664707958688,376.02651320564473,1450.463821651995,0.4527157503893335,248.7992568827284,11.305005868765654,8,28.548128831743316,18.912798103542816,1262.632205810271,0,0,29.14173558695855,17.003616542415433,1189.4268132824802,0,0,29.836292376328743,18.796213789420527,1286.2018289486284,0,0,24.295586691775217,16.980097599875062,978.731793838232,0,0,27.955435871701457,17.92318150881346,4716.992641879612,0,0,1100,0.617,33.483,,,,,,,,request_failed,,,,,,,,0.2417514336605866,,
Iganga,2022,2.1255740157169964,410.6166651140644,537.1430209949531,106.60955194947584,368.621960535661,1422.9911985941542,0.4403255470188394,291.65859726565503,15.381350005369368,11,28.444152200107435,19.30750537561544,1276.3999348342754,0,0,29.024447139055276,16.579337607193153,1165.4344300825076,0,0,30.685247516809472,18.844526419152803,1322.7174616797356,0,0,27.604814757869487,17.25673375794818,1142.9149040820134,0,0,28.93966540346042,17.997025789977396,4907.466730678532,0,0,1100,0.617,33.483,,,,,,,,request_failed,,,,,,,,0.2407828097542127,,
Iganga,2023,2.8589523149053666,373.11805366328485,484.6856675952312,119.1247078342125,331.0064249479973,1307.934854040726,0.4052040486098561,239.14406319834703,19.759036932855302,8,29.692096353004853,19.7145156024222,1354.0609939921983,0,0,30.538441040154925,19.09685982178843,1348.8777006388234,0,0,29.358983128348047,21.391737772494167,1379.2151000637427,0,0,28.987445969697,19.589708828244586,1314.7911814961667,0,0,29.644241622801204,19.948205506237343,5396.944976190931,0,0,1100,0.617,33.483,,,,,,,,request_failed,,,,,,,,0.2415722099443276,,
Jinja,2015,2.157477255557838,361.7462842535506,463.34740327688655,106.55265613021722,307.3947472013553,1239.0410908620097,0.419649840140375,241.52743131445135,18.203141052361588,9,28.26171294352752,18.02943776026426,1209.0185334381815,0,0,26.373222436479253,15.649958558404622,1002.5040541109372,0,0,29.99942477652056,16.992098756240313,1212.5082408810044,0,0,26.827577213292304,16.366014265746895,1067.1407811306128,0,0,27.865484342454906,16.75937733516402,4491.171609560736,0,0,1200,0.425,33.204,,,,,,,,request_failed,,,,,,,,,,
Jinja,2016,2.1393457445737467,467.2067519581082,587.3387067814517,92.3542787349982,340.0687809263508,1486.968518400909,0.4935615496400753,278.20915771361655,15.51493066046108,10,29.008930209357448,16.804955929415055,1185.9586097349825,0,0,28.056144171835975,16.692847465569596,1126.4310357676643,0,0,27.437349602979584,17.623249061628353,1137.2466851933743,0,0,27.74953423642152,16.54597638168714,1117.5109369255565,0,0,28.062989555148636,16.916757209575035,4567.147267621578,0,0,1200,0.425,33.204,,,,,,,,request_failed,,,,,,,,,,
Jinja,2017,2.5194855688405977,455.29479764683566,673.2707117124264,120.08987128103854,410.2494869953024,1658.9048676356028,0.4751432432587158,334.41671714362303,24.89652417924527,10,28.163084582132644,18.36288422874313,1220.7786026145268,0,0,26.6684603503018,17.21304214734661,1085.9685644015167,0,0,28.54664304486576,18.162863767161024,1201.5454009106388,0,0,26.61193004432268,15.933125571913628,1037.418808336634,0,0,27.497529505405723,17.417978928791097,4545.711376263316,0,0,1200,0.425,33.204,,,,,,,,request_failed,,,,,,,,,,
Jinja,2018,2.0879275922606277,374.68538825003697,349.1599473787142,63.29096166773706,244.60137770095872,1031.737674997447,0.4748942110018572,190.35056985454264,12.257273490175308,9,28.9971466938716,17.317359537119085,1211.7228384630112,0,0,29.46716160223044,16.63712340499927,1188.3080675637705,0,0,30.364025394799643,18.428802906945087,1292.2702665539548,0,0,27.82506022802946,16.537897079416627,1121.6562177252565,0,0,29.16334847973278,17.230295732120016,4813.957390305993,0,0,1200,0.425,33.204,,,,,,,,request_failed,,,,,,,,,,
Jinja,2019,2.535568199388824,579.8806008339973,707.555894574923,122.68601797323868,446.2431933631643,1856.3657067453232,0.4690702103670708,367.78280635470986,19.78617244249413,11,27.504752572882182,19.17915116138636,1226.6817370707104,0,0,27.297705944835545,15.893253364042003,1054.8903840475225,0,0,30.51688169049564,18.398685224799667,1294.4009187254164,0,0,27.82992151635037,17.18655278065265,1150.388429880724,0,0,28.28731543114093,17.664410632720173,4726.361469724373,0,0,1200,0.425,33.204,,,,,,,,request_failed,,,,,,,,,,
Jinja,2020,1.6262372925553266,490.2309839137142,502.2243199324212,130.87709858549246,348.72087945446407,1472.0532818860918,0.4065862464549883,275.86848620567986,13.840711470276908,8,28.174841975613464,19.106666666971904,1255.363689365303,0,0,28.735366013097984,17.019193323548876,1173.192599276585,0,0,30.710292726652412,18.74704786906524,1337.4481754820831,0,0,26.1355128364856,17.46366777081615,1084.770812013977,0,0,28.43900338796236,18.084143907600534,4850.775276137949,0,0,1200,0.425,33.204,,,,,,,,request_failed,,,,,,,,0.2677227469782035,,
Jinja,2021,2.1208120720301182,430.603214210481,510.0206459600387,116.79220783921892,301.7638807955273,1359.179948805266,0.4374999165057678,248.7498488156905,11.469750610515742,9,28.47453692472672,18.27104003986401,1229.5465226566434,0,0,28.61079099590965,17.26314905660254,1176.9526030862753,0,0,31.50275901618374,18.582006591374554,1353.633044342926,0,0,25.837876843538822,17.39607361470954,1069.3884811440082,0,0,28.60649094508973,17.878067325637662,4829.520651229853,0,0,1200,0.425,33.204,,,,,,,,request_failed,,,,,,,,0.2654743020733197,,
Jinja,2022,2.2412074599150142,482.21790581538,580.3476948622102,58.11096314751464,245.43985981657968,1366.1164236416846,0.5971748564757045,315.7273838690753,11.346730584483732,10,27.58241659764125,18.161877558570747,1184.1080420913397,0,0,27.48427601059387,16.25774061864514,1080.2443724380505,0,0,29.8269270540205,17.940869137647265,1248.7016018447978,0,0,26.497397823686555,16.577343139014,1060.2014986295817,0,0,27.847754371485543,17.234457613469285,4573.25551500377,0,0,1200,0.425,33.204,,,,,,,,request_failed,,,,,,,,0.2593992215891679,,
Jinja,2023,2.218307504269608,415.3248004366408,575.4720275589814,81.61475989980585,334.0523342293767,1406.4639221248049,0.5075176408515988,308.26761071053227,14.43290064584173,10,27.48594778955804,17.543760752726644,1151.8765395540936,0,0,25.835912332059763,15.63298281944214,976.9896251818586,0,0,26.66167232937926,16.829985337710877,1053.925121355339,0,0,24.999123996400755,15.37662426559716,937.6639542768858,0,0,26.24566411184945,16.345838293869203,4120.455240368176,0,0,1200,0.425,33.204,,,,,,,,request_failed,,,,,,,,0.2645751051604748,,
Kabale,2015,0.9026544399921282,477.86072117770016,448.503795921796,146.4447001739871,316.9903803957859,1389.7995976692691,0.3767738347521936,203.7555708603878,18.49115746566897,11,21.18930372900424,11.517087623752644,584.4288911043778,0,0,21.810728482673635,10.201199761137085,546.1506054851529,0,0,22.535716241575454,12.675950464143073,679.9074395688631,0,0,20.587756071998797,11.29352535600875,546.1214180142904,0,0,21.530876131313036,11.421940801260384,2356.6083541726844,0,0,2000,-1.25,29.983,,,,,,,,request_failed,,,,,,,,,,
Kabale,2016,0.9190323268477576,297.01773365281053,224.7353554865057,78.46719423918583,248.8730885060831,849.0933718845852,0.3840223026319901,168.1398143610069,14.731368491850631,11,24.754539119918885,12.701096474697655,802.7393903929432,0,0,22.78301076162092,11.415741591090836,645.8947459197559,0,0,24.59540387305233,13.702214432269043,830.6565826769454,0,0,22.529399848980347,11.676000377154692,652.1615078915885,0,0,23.665588400893125,12.37376321880306,2931.452226881233,0,0,2000,-1.25,29.983,,,,,,,,request_failed,,,,,,,,,,
Kabale,2017,1.3230611097652965,299.548375820574,396.9731573567277,94.65392417093344,105.86363231755092,897.0390896657862,0.574142848285012,196.7041778881081,9.253306525964645,8,22.542657320653277,12.157039092609477,675.6087516833179,0,0,22.88693890008579,11.529741805827545,655.8631278366965,0,0,24.17066941178112,12.674785429337044,753.3145199927262,0,0,22.787007455045934,10.918932102720632,630.7186018291999,0,0,23.09681827189153,11.820124607623674,2715.5050013419404,0,0,2000,-1.25,29.983,,,,,,,,request_failed,,,,,,,,,,
Kabale,2018,1.2842607854573114,355.4744729842941,537.0299282494117,148.32748549344757,257.0090226035041,1297.8409093306573,0.4405276416176917,309.6168162971353,23.12444754457297,9,22.060627298023743,11.731994636652084,634.7761888369419,0,0,21.25296114285249,9.772973120835005,501.8680441113552,0,0,24.76353301739329,11.10733136554102,714.2274902238491,0,0,20.67949727556025,11.398813801684245,555.7973959199978,0,0,22.18915468345745,11.00277823117809,2406.669119092144,0,0,2000,-1.25,29.983,,,,,,,,request_failed,,,,,,,,,,
Kabale,2019,1.8468718097315933,316.17661098909946,433.67164872652086,86.4832322349525,209.1780527082036,1045.5095446587763,0.4914476502503133,192.87826651148345,24.237497703740694,8,23.02718823191097,14.015279207147003,783.4969243404131,0,0,23.16181205694104,12.002643496058354,690.87933403954,0,0,27.20635953685159,13.387521247425129,920.7722057632764,0,0,21.303946267040143,12.340519009166057,628.4433042393691,0,0,23.67482652318593,12.936490739949136,3023.5917683825987,0,0,2000,-1.25,29.983,,,,,,,,request_failed,,,,,,,,,,
Kabale,2020,1.210801416399163,407.33746750443777,544.2669686857549,141.79165176340564,223.141539045052,1316.5376269986505,0.4773316842547456,257.4052408977245,26.529463968316875,9,24.98897264781495,13.705331511797333,859.8711142792781,0,0,24.83830731234853,13.451627821058189,833.0253342588828,0,0,25.326435446775875,13.843491378003357,872.5330452251106,0,0,20.5706842503773,13.00528253944664,625.9080100854285,0,0,23.931099914329167,13.50143331257638,3191.3375038487,0,0,2000,-1.25,29.983,,,,,,,,request_failed,,,,,,,,0.2302015386521816,,
Kabale,2021,0.9817566756573022,252.3615843731058,363.57562054873415,150.21111224712945,315.7719961930085,1081.920313361978,0.2952560587411174,176.8070894832395,27.917970189800407,10,24.74582581441589,13.637057267471665,845.6206920972643,0,0,24.9561898381121,12.41280978504875,791.528758175685,0,0,24.665689155701827,13.30249210026055,804.5152312824125,0,0,21.33171706856528,12.660671106532186,643.72701703586,0,0,23.92485546919877,13.003257564828289,3085.391698591222,0,0,2000,-1.25,29.983,,,,,,,,request_failed,,,,,,,,0.2283664432664712,,
Kabale,2022,1.0433397118264494,345.57957966098166,492.3234558253077,162.5766874802721,148.7838870774495,1149.2636100440109,0.492749761539212,229.9516109730695,20.27460509397289,9,24.00334095871056,12.834083889387244,774.1006820482951,0,0,23.701329753262247,12.775488862199422,749.4105646743046,0,0,26.75190747702986,14.554518668719178,961.5151564389928,0,0,22.329083078667747,12.126761743672075,664.406935682942,0,0,24.19641531691761,13.07271329099448,3149.433338844535,0,0,2000,-1.25,29.983,,,,,,,,request_failed,,,,,,,,0.2285194074114163,,
Kabale,2023,1.7635046909500098,296.4388762978211,534.7617874330754,132.7303443906439,230.24404461347643,1194.1750527350168,0.4967185239276734,296.9797764943382,22.508565603345406,10,22.699741549696,13.84817870576415,761.6144550686116,0,0,22.08617529741032,11.561635657116677,621.3717125243318,0,0,23.526308784395923,12.840532906741185,734.0987075558693,0,0,21.647629818863543,11.179741523497492,591.5254195704696,0,0,22.48996386259144,12.357522198279876,2708.610294719282,0,0,2000,-1.25,29.983,,,,,,,,request_failed,,,,,,,,0.228571438541015,,
Kapchorwa,2015,2.81647373655601,426.297719976628,588.0775336901614,75.47963035992245,274.7815160121598,1364.6364000388714,0.5546231469862534,321.953405563652,6.031691943260918,10,24.211602086786908,15.039294416341956,886.82622702064,0,0,23.41787762897253,13.722053349524664,777.5913161675244,0,0,24.90702197164794,14.28031480623323,861.8649094323056,0,0,22.209842975483465,12.00407533431816,652.9268973446973,0,0,23.686586165722705,13.7614344766045,3179.209349965168,0,0,1800,1.4,34.45,,,,,,,,request_failed,,,,,,,,,,
Kapchorwa,2016,2.929133121170043,444.23440740538007,418.6559859806271,66.8781950643444,256.28071639743,1186.0493048477815,0.5089389749648249,204.8373883090937,11.388973983781534,10,24.496514354491747,14.338328953847888,865.4864825102665,0,0,23.43287118750824,13.155730096751936,755.85871012599,0,0,25.9074530105956,14.535212872086454,930.3581293826404,0,0,23.729722628183836,13.287477104423532,784.076942937075,0,0,24.39164029519485,13.82918725677745,3335.780264955972,0,0,1800,1.4,34.45,,,,,,,,request_failed,,,,,,,,,,
Kapchorwa,2017,3.012560728764376,469.6556564644948,490.0627623671216,91.46027829190776,318.408218391668,1369.5869155151922,0.4653384145781411,230.55134525147488,12.580478204215936,10,25.050575612340293,15.224023685687817,932.7725108711828,0,0,24.29944886037315,14.586174748950802,858.7344592746431,0,0,27.36799828578842,16.871823012197037,1089.8277395872385,0,0,24.529849350855,14.220134021489926,863.4147307631825,0,0,25.311968027339216,15.225538867081395,3744.749440496247,0,0,1800,1.4,34.45,,,,,,,,request_failed,,,,,,,,,,
Kapchorwa,2018,2.6878077083579823,543.529294494343,456.3916152910466,109.71639309139157,314.2346889089493,1423.8719917857306,0.4608475898648654,283.17662061903474,14.469769732519344,10,25.978077215203182,15.05671769801414,968.0693300569684,0,0,24.4012736561501,13.63368313133454,820.9273461019458,0,0,26.08881645820735,15.613121150073685,974.735877562987,0,0,23.189327250378664,12.955652343656729,743.3273234288226,0,0,24.914373644984824,14.314793580769772,3507.059877150724,0,0,1800,1.4,34.45,,,,,,,,request_failed,,,,,,,,,,
Kapchorwa,2019,2.6851571367430145,368.7761101129789,412.4747973968328,36.31708072317468,302.25894444892623,1119.8269326819127,0.5216424410270286,183.45456412661872,7.391560115712087,10,23.3359711771876,14.67142464589501,829.0173589033974,0,0,23.84081640082997,12.813878407393156,758.8676591788605,0,0,27.20683225894712,14.598569465012265,979.8259802384624,0,0,23.04482581249244,12.664593966479671,722.8937592426097,0,0,24.35711141236428,13.687116621195026,3290.60475756333,0,0,1800,1.4,34.45,,,,,,,,request_failed,,,,,,,,,,
Kapchorwa,2020,2.6246303461837384,463.2597670976912,455.3540149680204,77.95517976530977,358.68826321632173,1355.2572250473431,0.4608231152937389,220.09204615838263,17.17099052121067,10,25.0558849005552,15.262844287454556,934.0818085850544,0,0,24.128237395231498,14.034293444819722,826.1243300028846,0,0,27.48763130747732,14.750204553900744,1009.2239909753794,0,0,23.69875769486518,12.588498278952532,750.1535193490771,0,0,25.0926278245323,14.158960141281888,3519.583648912396,0,0,1800,1.4,34.45,,,,,,,,request_failed,,,,,,,,0.2378369122743606,,
Kapchorwa,2021,2.9061029429596017,396.0506345979812,621.4702322967422,37.86526214835585,247.439652223426,1302.8257812665054,0.653831134355159,314.1297018361786,6.757846620454223,9,25.580647183114596,14.54584996381034,926.0794862349024,0,0,25.02773402229255,14.6025661780343,892.2559643483726,0,0,26.97923843538304,16.517881548821162,1053.12605021633,0,0,23.864873670084904,14.126781935544264,828.9673632439656,0,0,25.36312332771877,14.948269906552516,3700.42886404357,0,0,1800,1.4,34.45,,,,,,,,request_failed,,,,,,,,0.2036782590051492,,
Kapchorwa,2022,2.455965613956167,497.4115254787701,625.7818496727998,102.34764465972138,358.72498312227845,1584.2660029335698,0.490078763213751,304.6533855139506,14.619909656257764,9,24.091471271908915,13.309012256511387,800.6642748665472,0,0,22.972739467620052,10.785466796074772,625.9921112870843,0,0,23.458339104556455,11.975632942500445,694.2195778099837,0,0,20.08587170752988,11.604185455023762,537.055931455389,0,0,22.652105387903827,11.918574362527592,2657.931895419004,0,0,1800,1.4,34.45,,,,,,,,request_failed,,,,,,,,0.1992406969269116,,
Kapchorwa,2023,2.6875370410921,501.2206663790117,583.5464152287409,34.8661728670094,338.5866550472637,1458.2199095220258,0.5753975674799444,286.36914124081966,10.54911349947528,11,21.963016281972603,13.11711495488876,693.9306328217083,0,0,22.910986939525653,11.751763620326154,667.1516699896636,0,0,25.06144990261146,13.141266614939992,818.298933568047,0,0,21.11137847288522,12.278422030883428,616.1897264448014,0,0,22.761707899248734,12.572141805259584,2795.5709628242203,0,0,1800,1.4,34.45,,,,,,,,request_failed,,,,,,,,0.1965387836098671,,
Kasese,2015,1.0958546461832848,213.99445397665997,220.139509281058,66.75466847683303,219.90209323934047,720.7907249738914,0.3637260934694362,143.59850088603466,12.760414948292985,9,31.06409957908602,20.55524418103438,1454.8875838805898,0,0,30.006212066884988,19.63187148602638,1348.2286993007044,0,0,31.708763654976952,20.373321958202517,1444.4646902648003,0,0,29.897172599820305,19.55157740827584,1353.629717754751,0,0,30.66906197519207,20.028003758384774,5601.210691200846,0,0,1000,0.183,30.083,,,,,,,,request_failed,,,,,,,,,,
Kasese,2016,1.914074158446034,385.4183187807882,434.1687188322555,75.25039510634402,295.2876583525449,1190.1250910719327,0.462694331335512,220.3882470185393,15.386415890072213,9,30.511342694253543,20.280833793546,1416.3242396049875,0,0,30.091972182216097,18.05321749032241,1280.2931425074237,0,0,31.543787515055342,20.605877974509795,1461.7813728009492,0,0,28.000805664953504,17.99308378732431,1195.8658218138648,0,0,30.036977014119618,19.233253261425627,5354.264576727225,0,0,1000,0.183,30.083,,,,,,,,request_failed,,,,,,,,,,
Kasese,2017,1.8828825198002783,343.4524534197253,495.8395222820821,160.82927833504286,309.96365645843787,1310.084910495288,0.363448509229642,252.8841728670478,24.50807522480592,9,28.786179043006104,19.63196821474951,1307.7040174048204,0,0,29.033503061417093,16.948116357829335,1181.5949289680054,0,0,32.52008095136939,19.488769562927,1437.4935240907198,0,0,26.482910308067925,18.8264765413823,1163.0986197821644,0,0,29.20566834096513,18.723832669222038,5089.89109024571,0,0,1000,0.183,30.083,,,,,,,,request_failed,,,,,,,,,,
Kasese,2018,1.3464826456753904,389.79510210545993,419.25028609507433,81.11369922209863,297.73665674896233,1187.8957441715952,0.4459716853349902,235.36464232452903,11.295762079121571,9,30.601928884094605,21.18430695637028,1463.8654133164716,0,0,30.024774592432465,19.789555827530883,1356.3101382126374,0,0,31.57420366320296,20.313022962542007,1435.5029379834864,0,0,29.047967739137533,19.555224063097548,1316.0270438730086,0,0,30.31221871971689,20.21052745238518,5571.705533385604,0,0,1000,0.183,30.083,,,,,,,,request_failed,,,,,,,,,,
Kasese,2019,1.7847554336721312,335.6852556902235,532.1453541652143,142.974809869868,334.9477745043248,1345.7531942296307,0.4089825264427745,303.60859333376845,19.96018898279347,9,29.922843132774016,19.846801470614437,1370.872948638836,0,0,29.68504956369324,17.784167972041796,1249.128634793224,0,0,31.9950983068852,21.237531911386053,1494.0738728623485,0,0,29.952298934310125,18.20730006206852,1293.5712891476333,0,0,30.38882248441565,19.268950354027695,5407.646745442042,0,0,1000,0.183,30.083,,,,,,,,request_failed,,,,,,,,,,
Kasese,2020,1.2692080314648204,306.2542126399636,424.41615556615136,62.79305999898605,142.07363155940462,935.5370597645056,0.6017893962360694,215.8186946191843,23.68336791682376,10,29.372567307956476,18.52708584024327,1284.1713360842946,0,0,29.198391939232533,17.31713718498885,1206.5446766660634,0,0,30.412853508243064,19.438142162981524,1353.332527151763,0,0,28.38828058969987,17.622501579335708,1196.5127272014197,0,0,29.343023336282982,18.22621669188734,5040.5612671035415,0,0,1000,0.183,30.083,,,,,,,,request_failed,,,,,,,,0.2709987411896388,,
Kasese,2021,1.8656140598610256,390.8829125683401,474.6365990593411,106.909838142237,258.2355883572112,1230.6649381271295,0.4525669700805887,246.7476666723905,27.22842883941467,10,30.58262012924781,17.836736890258187,1305.7371875768165,0,0,26.90262811470913,17.233090431587144,1099.6360145425576,0,0,30.28301970382647,17.70820657498383,1259.3117660914002,0,0,27.39174919646598,17.174703516792984,1129.9837503707745,0,0,28.790004286062352,17.488184353405536,4794.668718581549,0,0,1000,0.183,30.083,,,,,,,,request_failed,,,,,,,,0.2648642373581727,,
Kasese,2022,1.5612710629069724,415.7018095337669,517.0439049917646,113.88934895245448,371.9689146489336,1418.6039781269196,0.4190909895035622,309.29577453063206,21.601321494281382,9,28.99989411398464,19.32113881342593,1302.977687069314,0,0,29.746105397412475,18.288045048958818,1275.8246165990513,0,0,31.083269281638213,19.525743939009207,1376.4799553694347,0,0,28.43119709595526,18.556649291396383,1241.1437607906291,0,0,29.56511647224765,18.92289427319759,5196.426019828429,0,0,1000,0.183,30.083,,,,,,,,request_failed,,,,,,,,0.2628489149113496,,
Kasese,2023,1.882598065754904,322.0196147623114,370.93092043941925,56.7324884204079,321.5440014077373,1071.227025029876,0.4611710459598761,186.9318195634777,3.00561023802938,10,29.26007832031948,18.777487806495717,1290.2701611559712,0,0,27.27698546936948,18.44519379879189,1169.8584469662756,0,0,29.879207080283663,17.191341798762306,1215.0342861776944,0,0,26.811630370796557,17.69179659696511,1127.6061113797152,0,0,28.306975310192296,18.026455000253755,4802.769005679656,0,0,1000,0.183,30.083,,,,,,,,request_failed,,,,,,,,0.267688429603974,,
Lira,2015,1.5297303428993887,195.13072427122697,372.8675418885792,35.20881585775523,297.3459470440229,900.5530290615843,0.5618880956970441,186.30070185166488,0.0,10,30.302258105882498,19.894274301927368,1389.7316739207554,0,0,28.12392900310365,18.218441375209483,1198.64744704427,0,0,31.63821757593924,19.431246586191747,1397.604565225762,0,0,27.63314389775181,16.90130564623305,1128.0149939969626,0,0,29.4243871456693,18.611316977390413,5113.998680187749,0,0,1100,2.25,32.917,,,,,,,,request_failed,,,,,,,,,,
Lira,2016,1.2399169495417977,345.94243228065767,558.1897796292017,101.08571496681584,337.9236372200177,1343.141564096693,0.4817137047414818,256.9643716397674,29.714418177385276,8,29.76777256124683,19.85582475094252,1362.400123855035,0,0,30.32411209266486,19.135679682284955,1340.6780687784526,0,0,30.82330834319312,18.769532175739837,1345.248386873552,0,0,27.89840251226237,17.715748625418133,1177.6557457067445,0,0,29.703398877341797,18.869196308596365,5225.982325213784,0,0,1100,2.25,32.917,,,,,,,,request_failed,,,,,,,,,,
Lira,2017,1.0984358837303054,283.1468026044324,503.7256856824063,72.66186541905482,369.53488441122425,1229.0692381171175,0.5096550415825071,303.2613796350098,6.574788630175696,8,27.733543195127428,17.7585795051376,1174.2175454358144,0,0,29.563041489530804,16.634990169392896,1192.5500180640424,0,0,29.8584247692154,19.254336658625835,1308.5410192666418,0,0,27.07981979414436,17.932195573599728,1151.116568192566,0,0,28.5587073120045,17.895025476689018,4826.425150959065,0,0,1100,2.25,32.917,,,,,,,,request_failed,,,,,,,,,,
Lira,2018,1.2151944721115582,385.4085242801736,286.86706909478806,99.99287634127384,405.0588178698124,1177.327287586048,0.4104500370442344,161.0616042867432,14.952041419810564,11,30.72658710918469,18.693343216707664,1353.7611478267845,0,0,28.75074119622268,17.894801415239083,1213.5635820255138,0,0,30.931373821302504,18.60559126043469,1324.8673830125133,0,0,27.112030656715337,18.13550882270329,1161.1610932639444,0,0,29.380183195856308,18.332311178771175,5053.353206128756,0,0,1100,2.25,32.917,,,,,,,,request_failed,,,,,,,,,,
Lira,2019,1.2145725569466268,298.24277240763854,471.162349852932,92.48762914655644,284.2594988640426,1146.1522502711696,0.4678465922786861,228.3433555018059,15.066655743194357,9,29.799676757391264,19.433638298319657,1344.460901804572,0,0,28.26231300776971,18.38946849605028,1213.4953929923647,0,0,30.803352162131844,19.484134828547717,1357.4181726418742,0,0,27.60145032256247,18.13182282133976,1182.6586036021192,0,0,29.116698062463826,18.859766111064356,5098.03307104093,0,0,1100,2.25,32.917,,,,,,,,request_failed,,,,,,,,,,
Lira,2020,1.2477902473774565,419.50780504657047,554.949771144334,55.194811257896426,376.8178946013805,1406.4702820501816,0.5214194530078318,287.2623767967254,3.0884961651896763,8,28.65445708775238,18.774312962368608,1261.5259552792368,0,0,28.07573122239894,17.653805521196762,1171.6819059773904,0,0,31.531281008302063,18.1511760836188,1350.1297352280058,0,0,27.695096289017044,17.931951451072617,1178.7144139796424,0,0,28.9891414018676,18.1278115045642,4962.052010464276,0,0,1100,2.25,32.917,,,,,,,,request_failed,,,,,,,,0.2728252038359642,,
Lira,2021,1.3409249132240475,388.0723351248,442.93268687144166,87.28328600042865,402.1755300226521,1320.4638380193223,0.4290594437090119,254.3942882893203,9.511767511873469,9,29.36381799664244,21.50457656174329,1419.507585511565,0,0,31.64158247590096,18.65296150903126,1377.8873988361152,0,0,32.208860118889454,20.88143521346475,1482.1705262622963,1,0,27.595968015039546,19.58298884622857,1250.701157100566,0,0,30.202557151618105,20.15549053261697,5530.266667710542,1,0,1100,2.25,32.917,,,,,,,,request_failed,,,,,,,,0.2430795133113861,,
Lira,2022,1.2319751867636397,327.29776634028644,512.3071707743819,49.06007191208288,427.2031902085447,1315.8681992352958,0.530042308930918,252.4555426583312,5.563063549418615,9,30.840467337207425,20.400361909177093,1437.4949004727227,0,0,29.613128427325904,19.92200302404447,1343.3099544479264,0,0,31.26077802642111,20.13146133016565,1412.803213338233,0,0,29.30263009941656,19.085335547337166,1305.0523710602906,0,0,30.254250972592757,19.88479045268109,5498.660439319173,0,0,1100,2.25,32.917,,,,,,,,request_failed,,,,,,,,0.2414260593553384,,
Lira,2023,1.260352372874988,426.0702796862445,412.7188864499033,103.34987226471654,341.7311030157736,1283.870141416638,0.4039859362574074,237.969034573714,6.375590275581796,10,28.107423772775437,20.845038911327944,1332.613750779123,0,0,31.0544777813989,17.77697679250947,1312.887586451683,0,0,31.389014557006405,20.483289971159305,1434.629475238056,0,0,28.56360882983085,18.812640565162592,1259.7548185501978,0,0,29.7786312352529,19.479486560039827,5339.88563101906,0,0,1100,2.25,32.917,,,,,,,,request_failed,,,,,,,,0.2547090960045655,,
Masaka,2015,1.8693225175488524,436.05284571413546,479.96590282362007,107.38400198491162,336.6627300921055,1360.0654806147727,0.4234935544970112,262.0489890521405,18.46847190746213,10,28.30220315490151,17.804431398765864,1202.6782243154094,0,0,27.773410998049865,16.62055689482099,1110.239212119829,0,0,30.66456990364263,16.96768901258881,1242.1119477929417,0,0,27.160834997593284,16.94376427478667,1108.0447932998372,0,0,28.47525476354682,17.084110395240582,4663.074177528017,0,0,1200,-0.333,31.733,,,,,,,,request_failed,,,,,,,,,,
Masaka,2016,2.389395547761444,545.5175478130866,549.3535427525389,81.14207750313332,317.13551322347314,1493.148681292232,0.5173203745054397,248.90782378112297,14.027766695125814,9,26.96662243619888,17.065783466817372,1104.970535306648,0,0,26.967975875340425,16.50328888908227,1067.4766780436285,0,0,30.129407835092778,16.734912215537012,1219.4661425162835,0,0,27.09372988608612,16.847902905703787,1101.692811482399,0,0,27.78943400817955,16.78797186928511,4493.606167348959,0,0,1200,-0.333,31.733,,,,,,,,request_failed,,,,,,,,,,
Masaka,2017,2.105817190373931,391.1869762822888,536.2458806487292,54.66804580216757,384.06747578152215,1366.168378514708,0.5165047821031402,277.57488997262544,10.391489638597308,10,31.08208010909108,19.448411788198182,1405.696459769572,1,0,28.372322636175085,17.954548875120363,1197.4454110430547,0,0,31.304874100320745,19.710258160512527,1391.1225241474697,0,0,29.19882862198742,18.419869931416827,1269.9664807425893,0,0,29.98952636689357,18.88327218881197,5264.230875702686,1,0,1200,-0.333,31.733,,,,,,,,request_failed,,,,,,,,,,
Masaka,2018,1.9934485710323475,430.51896019342,589.5792424116703,102.25013996522392,405.2112591203583,1527.5596016906727,0.4614938578414146,302.4619002821706,5.193082946781747,8,28.407597892394737,18.91718551228797,1258.384354903686,0,0,27.464912560530585,17.437774026155008,1132.589458891299,0,0,30.68365122114424,18.891656580590546,1325.8082196866076,0,0,28.13827197457997,17.471801821839644,1177.9330520744115,0,0,28.67360841216238,18.17960448521829,4894.715085556004,0,0,1200,-0.333,31.733,,,,,,,,request_failed,,,,,,,,,,
Masaka,2019,2.2328134074023063,420.4240147985335,542.2655470967721,82.01673952451495,322.9809960759396,1367.6872974957605,0.4941906280607344,242.9995516114216,9.053290356864636,10,29.58792834559902,18.122987813795103,1275.4902285705316,0,0,28.338032290199,17.477147643226452,1175.879955737419,0,0,30.724365594509152,20.18558648206708,1391.0244086112043,0,0,28.494822006768743,16.952141092916307,1172.2115173356092,0,0,29.28628705926897,18.184465758001235,5014.606110254765,0,0,1200,-0.333,31.733,,,,,,,,request_failed,,,,,,,,,,
Masaka,2020,1.8491721976164168,388.9514223102809,313.68450058849874,131.62366191510233,262.7683758856666,1097.0279606995489,0.341975311855027,196.38212729409483,22.83246096859521,9,29.19854569262311,18.904033183525826,1292.3776036216336,0,0,27.907885864911464,17.1242572085187,1139.3178366010798,0,0,30.875816145157632,19.15999176976004,1364.707386510945,0,0,27.565604301254805,17.885967827335353,1170.9742217033167,0,0,28.886963000986757,18.268562497284982,4967.377048436975,0,0,1200,-0.333,31.733,,,,,,,,request_failed,,,,,,,,0.2285488471388816,,
Masaka,2021,2.059674387250465,406.397578898399,619.0668027218612,86.03623128777313,358.9220417638396,1470.4226546718728,0.5163107440839343,295.4698728584129,14.164429428810712,10,28.266908381121983,17.866140944436484,1201.7361860904834,0,0,27.514463497588796,16.825484251824054,1106.7490634379858,0,0,29.35345436332993,17.621164791715383,1209.1530067004026,0,0,26.868572161442163,16.571474269276404,1077.947372535396,0,0,28.00084960087072,17.221066064313078,4595.585628764267,0,0,1200,-0.333,31.733,,,,,,,,request_failed,,,,,,,,0.2151179773112138,,
Masaka,2022,2.2649274744759915,443.4756969149589,582.2251565271315,127.68056774904755,424.09048509284094,1577.471906283979,0.4199392818869448,269.3569595583305,25.927507161565103,10,29.127917986677755,18.22355529633816,1258.536945097533,0,0,27.660897136492537,17.65099954490091,1151.7012669972712,0,0,30.867726372813397,18.38246737138243,1311.8711184774245,0,0,28.002077340462037,17.611711854612036,1178.315374627163,0,0,28.91465470911143,17.967183516808387,4900.424705199392,0,0,1200,-0.333,31.733,,,,,,,,request_failed,,,,,,,,0.2115473002195358,,
Masaka,2023,2.3620249904962884,380.1037899498616,451.9057637045051,102.22743863436344,309.2019128793316,1243.4389051680616,0.4201050629820956,199.2459946780505,18.93889569409039,11,28.699706264343632,17.598908846564665,1210.1891602590676,0,0,28.363294722858807,16.590486803595706,1135.0667188172663,0,0,27.802733067367523,17.906610591371052,1153.270722605429,0,0,26.463201884264592,16.463086105245456,1054.007208754492,0,0,27.83223398470864,17.13977308669422,4552.533810436255,0,0,1200,-0.333,31.733,,,,,,,,request_failed,,,,,,,,0.2332650882502397,,
Mbale,2015,2.7757343839091724,579.4831695985783,664.7639531378957,85.25071833565426,404.12697482262655,1733.6248158947549,0.5119595828237358,301.8509393349929,13.918928519253452,11,28.67913203568457,18.86468640590217,1266.749249308698,0,0,26.912953680595496,17.586275678007905,1114.3567935639182,0,0,29.537699865342763,19.089326864408097,1288.347478035942,0,0,26.739460016430247,16.04231262136956,1047.7382312498985,0,0,27.967311399513267,17.89565039242193,4717.191752158456,0,0,1300,1.075,34.175,,,,,,,,request_failed,,,,,,,,,,
Mbale,2016,2.8064774912952046,515.1303937801925,605.1650745574321,62.721162371124194,319.39642088519685,1502.4130515939455,0.5540395241980771,323.6455943453741,10.255751292570755,11,27.688229278116093,18.83311910471536,1220.178236901438,0,0,27.763766495573407,16.910788215711502,1122.1105032893556,0,0,29.827699517701983,17.974937928521005,1265.213166082137,0,0,27.116584661767444,16.97626459164489,1107.8261093702056,0,0,28.099069988289727,17.673777460148187,4715.3280156431365,0,0,1300,1.075,34.175,,,,,,,,request_failed,,,,,,,,,,
Mbale,2017,2.5243229961592943,495.9819310484604,658.9878916175836,62.23120947251284,401.1695297479308,1618.3705618864874,0.5390912789954498,308.644248324249,16.761502391609632,10,28.37537259787501,17.35609779119886,1183.819931553154,0,0,28.152191277350827,16.58938465401202,1127.643584498535,0,0,31.48516098512276,18.590951953353933,1351.3999103419865,0,0,26.246410053841952,16.641111524523012,1051.3425133227236,0,0,28.564783728547635,17.29438648077196,4714.205939716399,0,0,1300,1.075,34.175,,,,,,,,request_failed,,,,,,,,,,
Mbale,2018,2.4980758828211123,447.24964038259697,634.2608985735807,92.8956556558467,388.5843952213115,1562.990589833336,0.4975838584607563,287.4192418260509,16.817860605320742,9,27.145684049671683,15.307272510720855,1032.814824491674,0,0,25.56517547882598,15.28021750474627,948.4670511809728,0,0,27.31095593780469,17.622368528384765,1120.5817548259108,0,0,25.047698389168364,14.142351235805352,882.6545411530453,0,0,26.267378463867683,15.588052444914313,3984.518171651603,0,0,1300,1.075,34.175,,,,,,,,request_failed,,,,,,,,,,
Mbale,2019,2.6487367082837325,566.9127133381821,622.6042222533196,130.18728635751953,356.61006286032875,1676.31428480935,0.4630650284124777,301.1049595766603,9.274823164157516,10,27.501486739414105,17.12277664291079,1132.9958769472803,0,0,26.55987998244488,14.801232077081758,971.723347552741,0,0,29.93287267921539,17.548285316098916,1234.2232050075777,0,0,25.01950256722453,15.219157423681404,931.7281889123924,0,0,27.25343549207473,16.172862864943216,4270.670618419992,0,0,1300,1.075,34.175,,,,,,,,request_failed,,,,,,,,,,
Mbale,2020,2.435189037499056,527.0082786232006,624.8365593057108,72.11707209003995,312.380487331854,1536.3423973508054,0.553612543676101,306.78258747564524,5.297259459835274,9,25.624482981761734,16.49670567639598,1018.992156213548,0,0,27.012195118134425,15.263962359289613,1014.2199643307704,0,0,28.269009801206145,15.898776174306718,1100.5133775693637,0,0,24.610824586698403,14.736467520778469,890.7543351823003,0,0,26.379128121950178,15.598977932692693,4024.479833295983,0,0,1300,1.075,34.175,,,,,,,,request_failed,,,,,,,,0.2037665310005346,,
Mbale,2021,2.715421968302116,330.4017328271321,425.8228392974794,53.31410698604147,342.13466388823525,1151.6733429988883,0.4874910770524286,209.59695858580736,4.757760282586274,11,28.09137559786865,17.609808545509594,1183.1403094592824,0,0,25.50724213958539,14.713657066561344,919.8919882163934,0,0,29.149101813334298,17.368025498169953,1193.7791194680024,0,0,26.14483869059644,16.034860250301787,1020.0812390960738,0,0,27.223139560346198,16.43158784013567,4316.892656239752,0,0,1300,1.075,34.175,,,,,,,,request_failed,,,,,,,,0.1791329719126224,,
Mbale,2022,2.599436684307111,510.8918649323501,489.3127174176186,99.026035590355,355.41287356418536,1454.6434915045093,0.4509297338607256,265.294957746338,17.950182484598255,9,28.10614036315975,16.258565333806917,1120.5814145575437,0,0,26.611362148863577,15.662451850076968,1013.5662622992264,0,0,29.629306382419006,16.571929339415547,1176.1540214107836,0,0,24.018517229401937,16.259997963555524,932.6998496892202,0,0,27.09133153096107,16.18823612171374,4243.001547956774,0,0,1300,1.075,34.175,,,,,,,,request_failed,,,,,,,,0.1708706219991048,,
Mbale,2023,2.925310514415306,595.5486055134563,689.0607056084519,130.40166193121036,425.0934335372098,1840.1044065903288,0.4620207843222064,334.61097187769656,20.893035843741927,11,26.45560928908288,16.36189316732234,1050.115115263797,0,0,26.4680591499688,14.77478304799462,967.1738767208578,0,0,28.313431565185464,15.946793557358973,1089.941417733711,0,0,24.88458601727144,14.39083817903937,886.943161051038,0,0,26.530421505377145,15.368576987928824,3994.173570769404,0,0,1300,1.075,34.175,,,,,,,,request_failed,,,,,,,,0.1687730389336744,,
Mbarara,2015,1.388410846406103,427.94228411845137,511.8797102979619,134.6837424343323,291.1743006422276,1365.680037492973,0.4188674473448526,268.5984915040912,23.461905509978543,10,28.658982587985605,17.001128460365077,1181.3434967671485,0,0,27.26096305389268,16.11041144689857,1064.2910388409996,0,0,30.80762350342913,18.750835560509124,1329.7626966512714,0,0,25.025964337663638,16.50712062773897,988.879796219291,0,0,27.938383370742766,17.092374023877934,4564.27702847871,0,0,1400,-0.607,30.658,,,,,,,,request_failed,,,,,,,,,,
Mbarara,2016,1.90038502066178,277.05767148896257,402.5750086223878,76.8382485235508,247.16090760112277,1003.631836236024,0.4630804977143467,212.15748636698075,18.224423023452488,10,28.926698113325877,17.127699546609772,1199.8442811811497,0,0,25.580594800411248,15.406462528088012,953.5750625321392,0,0,29.03060759781904,17.253522823870572,1196.405183717786,0,0,26.51990060743089,16.25615731786493,1048.4639214074111,0,0,27.514450279746768,16.510960554108323,4398.288448838486,0,0,1400,-0.607,30.658,,,,,,,,request_failed,,,,,,,,,,
Mbarara,2017,2.0871851762407365,341.8040075263558,387.0486860154712,84.497213935027,262.77619604987194,1076.126103526726,0.4291363530941424,229.41550027809132,11.49481249399031,11,28.144098731412253,18.335693636423198,1219.3399837648303,0,0,27.860228549738792,16.804692812691158,1122.275562214989,0,0,30.0411624160446,18.09407826469617,1263.4258561779263,0,0,26.79660582054596,17.476016593351346,1116.728120791936,0,0,28.2105238794354,17.677620326790468,4721.769522949681,0,0,1400,-0.607,30.658,,,,,,,,request_failed,,,,,,,,,,
Mbarara,2018,1.888768761013113,226.43283469869627,440.67679148578986,137.96043013947104,292.69180692885965,1097.761863252817,0.4028770764126517,246.8158918186392,17.334324312581696,10,26.397489587411822,16.12418928633497,1037.209390871585,0,0,26.53644501566576,14.28510179364685,947.4939123294952,0,0,28.133312792900277,16.98511674243994,1127.0104817499632,0,0,25.156555891386223,14.914728572889514,924.0681833652906,0,0,26.55595082184102,15.577284098827818,4035.781968316334,0,0,1400,-0.607,30.658,,,,,,,,request_failed,,,,,,,,,,
Mbarara,2019,1.8339964785365768,399.3632345339021,549.073553316314,140.07508464967984,325.84097135844263,1414.3528438583387,0.4162945292521232,284.68225728030296,28.67922088955908,10,25.600979613859963,17.419742483214055,1058.7836068058543,0,0,26.49017688263612,15.869073186588466,1015.9281245965796,0,0,28.988962223225457,17.247711388691794,1180.8664393285062,0,0,25.77574319035598,17.198225987280644,1057.049741852171,0,0,26.713965477519377,16.933688261443738,4312.627912583112,0,0,1400,-0.607,30.658,,,,,,,,request_failed,,,,,,,,,,
Mbarara,2020,1.4654330272760838,412.2634673876736,576.1851524543157,110.47504022468308,270.37502270287285,1369.2986827695452,0.5028229599376641,274.3017698055505,20.887284291921475,11,28.20443434749096,17.897185324259812,1199.62686028794,0,0,28.615705994575496,16.02916957635423,1121.1966155138475,0,0,30.85851727896288,18.07407316871004,1314.1782200955631,0,0,29.272555068888508,17.046708131518134,1209.5413725060437,0,0,29.237803172479463,17.261784050210554,4844.5430684033945,0,0,1400,-0.607,30.658,,,,,,,,request_failed,,,,,,,,0.2167044033606847,,
Mbarara,2021,1.9419876474407145,455.2678508437144,493.1216458822397,106.52309847288242,209.7378059189917,1264.650401117828,0.5147412167429725,261.48589426166427,20.98127065118578,10,26.319911618023127,16.571582305061778,1052.7761133240929,0,0,26.661728105938483,14.531545820964952,965.061793178067,0,0,28.49601376812843,16.622064106183984,1125.8833093241078,0,0,25.690098809305997,14.750628083865976,940.4206541549636,0,0,26.79193807534901,15.618955079019171,4084.141869981231,0,0,1400,-0.607,30.658,,,,,,,,request_failed,,,,,,,,0.2078429746131102,,
Mbarara,2022,1.943255029341652,504.5693483854423,580.520686622461,145.70756838356988,342.2473852978366,1573.0449886893098,0.4242443600990329,314.4399821933598,17.077123490276904,11,23.50928597279417,15.584672018836818,877.1230989347928,0,0,25.568434724818403,16.927696886965773,1025.1424961296766,0,0,27.50637268348274,16.11632670959045,1059.162321867535,0,0,24.587247002343123,14.852506694128593,893.6768106228039,0,0,25.29283509585961,15.870300577380409,3855.104727554808,0,0,1400,-0.607,30.658,,,,,,,,request_failed,,,,,,,,0.2035781356195608,,
Mbarara,2023,1.8766338299578544,378.8114064839506,518.7033287934759,73.71205397138684,261.51918622517235,1232.7459754739857,0.5293614591576566,245.34924809795447,18.260575473188688,8,27.43575305976433,16.529742753793247,1103.8045235599463,0,0,28.01835615350811,15.391769489030182,1065.231731760575,0,0,28.58413231629224,16.331838823604983,1119.1362532839123,0,0,27.146082354473837,15.589919376284175,1046.657128200689,0,0,27.79608097100963,15.960817610678149,4334.829636805122,0,0,1400,-0.607,30.658,,,,,,,,request_failed,,,,,,,,0.2111121962467829,,
Soroti,2015,0.9486037110004332,296.2090876242254,352.54393533141774,62.10144553910087,218.95686631371225,929.8113348084562,0.4697230264475863,190.91443981237032,15.7505859247943,10,29.61310592887386,19.842602886462966,1356.027947938073,0,0,29.376665453669485,16.408682161569942,1173.361632079174,0,0,31.48928874528046,19.041688858831545,1367.1061414818464,0,0,27.228345178183734,17.48895393692487,1137.070376332566,0,0,29.42685132650188,18.19548196094733,5033.566097831659,0,0,1100,1.715,33.611,,,,,,,,request_failed,,,,,,,,,,
Soroti,2016,1.6586773341232848,170.98073503201311,414.7328830197238,53.54771094718878,268.0150893701372,907.2764183690628,0.5838522548707602,221.53357045584892,10.143622060054124,10,30.150386145713277,20.36256146320933,1403.8468745934863,0,0,29.430331586183588,16.91440450830375,1198.8743353962514,0,0,33.7576404028148,20.091168007676107,1539.407407041438,0,0,27.65279473005256,18.963665722366844,1224.7715465707263,0,0,30.24778821619105,19.082949925389013,5366.900163601903,0,0,1100,1.715,33.611,,,,,,,,request_failed,,,,,,,,,,
Soroti,2017,1.6858595322371952,305.8649529431632,369.36844750244217,71.72008763722818,382.7750520420661,1129.7285401248996,0.4428506855982003,166.8423304026159,20.25403270677924,9,28.738748740293104,19.26827998890129,1287.898501966025,0,0,28.423538503719318,17.275773357395877,1169.0284381974436,0,0,31.80528426980201,18.800681502159925,1374.4510550445927,0,0,27.866343731509147,18.770325489766368,1225.9158612693527,0,0,29.20847881133089,18.528765084555864,5057.293856477414,0,0,1100,1.715,33.611,,,,,,,,request_failed,,,,,,,,,,
Soroti,2018,1.245349282977662,350.3070629988303,452.9547852061702,88.36375915584463,321.60200356561927,1213.2276109264644,0.4396842252232916,255.3526846845503,14.316537300677927,11,25.780132182103348,17.948784338553267,1091.8899967215948,0,0,25.75196587355556,16.236312715102695,1002.1102269181222,0,0,30.214355644106305,16.88148925083698,1212.5033988379523,0,0,26.607282610422345,14.993717630229051,992.9719915352272,0,0,27.088434077546893,16.5150759836805,4299.475614012897,0,0,1100,1.715,33.611,,,,,,,,request_failed,,,,,,,,,,
Soroti,2019,1.947059882044739,399.06913779864914,519.2120987657875,108.41892851448654,463.4629935334721,1490.1631586123951,0.4249365959959453,268.8046298993366,21.107393054828613,10,27.684599503552462,18.274626731258312,1193.915852021559,0,0,28.98275967286788,16.61852350886434,1164.4079132614922,0,0,30.392236944840796,19.232818932065623,1332.6429516787084,0,0,26.991650581577016,17.37945853060991,1121.0890703519835,0,0,28.512811675709543,17.87635692569955,4812.055787313743,0,0,1100,1.715,33.611,,,,,,,,request_failed,,,,,,,,,,
Soroti,2020,1.3941558560275455,383.4682516032457,475.6996523139293,117.88953361537094,358.52371174571994,1335.581149278266,0.3957162189289711,273.868634815181,19.447465849340105,8,27.36196248855892,17.40591336077803,1139.6013489412885,0,0,28.75948056423057,16.272081847923506,1138.357846407214,0,0,29.62199222998419,18.123779337028,1260.5137494874853,0,0,26.2823613894698,16.601686343404467,1052.8518972691747,0,0,28.006449168060872,17.1008652222835,4591.324842105162,0,0,1100,1.715,33.611,,,,,,,,request_failed,,,,,,,,0.2555432729423046,,
Soroti,2021,1.492984321262801,202.05414345876923,423.1863479927114,50.399433137332814,359.565505994078,1035.2054305828915,0.5593666557489465,206.05519720042815,8.272960290966367,8,29.96159097272658,20.215507001815123,1390.1645017866867,0,0,30.1461410325598,19.865322606944176,1365.112133561112,0,0,32.54428088880851,20.732572455737277,1495.906569812057,0,0,27.19161474888342,19.81187321197392,1240.9906966135982,0,0,29.960906910744573,20.15631881911762,5492.1739017734535,0,0,1100,1.715,33.611,,,,,,,,request_failed,,,,,,,,0.2227186871071656,,
Soroti,2022,1.4963203048284204,200.35193584318984,349.45575418520866,94.6682257388163,394.7358389815295,1039.2117547487444,0.4596716479565357,205.87707072646404,10.943156907489984,9,27.94981492340176,17.749711954007296,1181.2889194140978,0,0,28.22821029349767,17.436603714937462,1168.5008909180842,0,0,30.868554365236577,18.677979686894545,1327.3459055320243,0,0,26.463914833999088,17.049102562354395,1081.633607030955,0,0,28.37762360403377,17.728349479548424,4758.769322895162,0,0,1100,1.715,33.611,,,,,,,,request_failed,,,,,,,,0.2177027935783068,,
Soroti,2023,1.6923209502016945,458.15469076118,465.9528941469032,92.66419044763576,457.9974912290672,1474.7692665847862,0.4323316639129655,215.450073713968,15.632332907112314,9,28.685500942015192,20.208512425686777,1329.880830940619,0,0,29.054493899165166,17.960072410515803,1229.956425763683,0,0,30.26805205551209,19.578444839038163,1339.59064656955,0,0,29.377618743792613,17.103045531776207,1217.90608519342,0,0,29.346416410121265,18.71251880175424,5117.333988467272,0,0,1100,1.715,33.611,,,,,,,,request_failed,,,,,,,,0.2301837243139743,,
Tororo,2015,2.464883242716228,390.6555608095029,582.9562149697808,93.44396422718494,264.63279306793544,1331.6885330744042,0.5370324029453954,302.9297631120136,22.570771220794164,8,28.402578854813537,18.83515722363168,1252.1347639233422,0,0,28.848753333190576,16.887086406142284,1170.5015270000313,0,0,30.689586284748813,17.35767060333092,1259.5778497852878,0,0,26.678324465989625,17.005794728024565,1088.5255725740294,0,0,28.65481073468564,17.52142724028236,4770.739713282691,0,0,1200,0.693,34.181,,,,,,,,request_failed,,,,,,,,,,
Tororo,2016,2.7555672754133376,601.6387855035284,621.3918063742536,107.59571047615078,397.28052245942354,1727.9068248133565,0.4787647729427416,299.1066377057254,23.377668321615666,11,27.278661720641008,18.238694551999377,1175.152161851222,0,0,28.12771361905148,14.93778450381756,1047.754182136621,0,0,28.96615591757977,17.881898186316665,1217.6598154347878,0,0,26.04129112564405,17.543265160346024,1085.7345581285465,0,0,27.603455595729077,17.150410600619907,4526.300717551177,0,0,1200,0.693,34.181,,,,,,,,request_failed,,,,,,,,,,
Tororo,2017,2.6847229047938144,542.6001326576347,749.8827878106202,84.68198588085927,460.2871761415555,1837.45208249067,0.5239535811783328,378.8996095745631,10.856574295404304,11,28.78368475915856,18.91855136613532,1273.9329962436068,0,0,28.625403597880023,17.009837744034805,1166.250039938648,0,0,31.347897218254715,18.332715262371785,1333.2550855518934,0,0,28.2116387610174,17.396881396503638,1178.697965490021,0,0,29.242156084077678,17.914496442261385,4952.136087224169,0,0,1200,0.693,34.181,,,,,,,,request_failed,,,,,,,,,,
Tororo,2018,2.2533503302502487,381.7106896166936,476.88630370050674,98.357329288584,361.6577206607264,1318.612043266511,0.42606708389593,297.74335888466777,15.9097436816479,10,26.15842589288634,17.56806500569588,1090.919555227237,0,0,26.509654404991693,16.575532156482918,1050.799455368008,0,0,29.29044854239906,17.327267305453013,1193.3996769635623,0,0,26.812028212221165,17.06016663567111,1098.719237453816,0,0,27.19263926312456,17.13275777582573,4433.837925012624,0,0,1200,0.693,34.181,,,,,,,,request_failed,,,,,,,,,,
Tororo,2019,2.644381464724715,468.09935833079777,579.2737037491244,62.83150259949606,319.92299355141023,1430.1275582308283,0.5410086856272208,256.2651703970104,12.468032712942406,10,29.252033364718056,18.83844994952511,1292.6656743744982,0,0,28.18035827458404,17.781659938424287,1181.6504509203526,0,0,31.52130407726874,18.845933303220143,1362.6965481996012,0,0,29.06258651494936,17.11009112429654,1204.9647173515336,0,0,29.50407055788005,18.14403357886652,5041.977390845986,0,0,1200,0.693,34.181,,,,,,,,request_failed,,,,,,,,,,
Tororo,2020,2.560471922471225,402.5086394561366,527.8422521306034,55.78921758837417,445.7071288260847,1431.847238001199,0.5033342257010299,261.8132875565552,18.202348996228903,11,27.129897655564083,20.220989891916403,1258.9079765526635,0,0,29.95752262360399,17.52342231025431,1248.7839538320904,0,0,31.13257727137274,20.02624384446054,1416.0430188397988,0,0,28.31469291343294,17.088516070088286,1168.518287054293,0,0,29.13367261599344,18.714793029179884,5092.253236278846,0,0,1200,0.693,34.181,,,,,,,,request_failed,,,,,,,,0.2507131857176621,,
Tororo,2021,2.450355196012232,494.6539699176004,567.95312366864,46.76725178801871,389.6082746600089,1498.982620034268,0.5328571884480885,311.5783889172691,4.666728457122138,10,29.31553481111625,18.97461570045157,1301.0693166285062,0,0,28.48767672698071,17.193851897762364,1170.277726685492,0,0,29.417991161550987,19.41128354007656,1295.4054581631513,0,0,27.196422529902687,17.827735445641196,1149.972374602369,0,0,28.60440630738766,18.35187164598292,4916.724876079518,0,0,1200,0.693,34.181,,,,,,,,request_failed,,,,,,,,0.2282975216706594,,
Tororo,2022,2.342048652097677,498.03836142604223,548.1586702271346,50.917405062155,343.40479159665443,1440.5192283119864,0.538196420928372,270.9447271491168,13.798241726401434,10,30.665070152885672,17.94220542576902,1315.3787653661643,0,0,27.242404555684747,18.86315126389941,1187.7208512865568,0,0,30.17231610540747,18.749628925560675,1299.9352825325584,0,0,27.30165378984375,17.848370942645516,1158.1948686349997,0,0,28.84536115095541,18.350839139468658,4961.229767820279,0,0,1200,0.693,34.181,,,,,,,,request_failed,,,,,,,,0.2318437981108824,,
Tororo,2023,2.595874155618118,436.4261777216351,592.6935608999244,72.1392184302758,317.2304553272945,1418.4894123791298,0.5360865833622571,319.5633161975326,9.684697065153175,11,26.280772871147803,17.712287149639796,1104.460274577501,0,0,27.141243666981413,17.17580472722561,1106.411237801154,0,0,30.356205533793855,17.301765099267044,1243.0593007253278,0,0,26.039716546190885,15.57488519207457,995.6569524360714,0,0,27.45448465452849,16.941185542051755,4449.587765540055,0,0,1200,0.693,34.181,,,,,,,,request_failed,,,,,,,,0.2280101776123047,,
