crop,table_id,entity_type,sub_region,season_group,area_planted_ha,area_harvested_ha,production_mt,yield_mt_per_ha_production_over_harvested,yield_mt_per_ha_production_over_planted,cv_area_planted_pct,cv_area_harvested_pct,cv_production_pct
maize,Table 6-1,sub_region,South Buganda,first_season_2020,125557.02432467446,115468.58604451432,191530.03240854797,1.658719821291578,1.5254425902391229,22.20082568868207,23.033297881011123,18.255009247480807
maize,Table 6-1,sub_region,South Buganda,second_season_2020,102766.93537164225,83933.63233029463,194276.26534969616,2.314641460829224,1.8904549858096207,19.10868159790685,22.71591307493866,21.704358314262265
maize,Table 6-1,sub_region,South Buganda,total_2020,228323.9596963167,199402.21837480896,385806.2977582441,1.9348144714872644,1.6897319855147372,16.453591932179805,17.576797197466302,16.432129845884923
maize,Table 6-1,sub_region,North Buganda,first_season_2020,215227.03722187396,192545.52599748352,417709.7937484132,2.169407944352197,1.9407868042052874,14.404944499910464,14.57607379166666,15.123540005708215
maize,Table 6-1,sub_region,North Buganda,second_season_2020,223403.78002482187,160691.5591261233,431736.49277496454,2.686740331121587,1.932538888675005,12.96591442306122,14.189739878565364,15.35713871023032
maize,Table 6-1,sub_region,North Buganda,total_2020,438630.81724669586,353237.08512360684,849446.2865233778,2.404748318614775,1.9365859696210765,13.26216373897659,14.01329983761593,14.730685246237874
maize,Table 6-1,sub_region,West Nile,first_season_2020,39239.518416528,33132.1575052303,41948.48039033027,1.2660956469166913,1.0690365754504578,13.395643531209506,14.64938004915027,15.930838937998889
maize,Table 6-1,sub_region,West Nile,second_season_2020,13264.093799427596,6748.346308868425,17794.31864810569,2.6368413584111803,1.3415404713794767,17.81649627869704,22.056781947081973,19.444188801140015
maize,Table 6-1,sub_region,West Nile,total_2020,52503.612215955596,39880.50381409872,59742.79903843596,1.4980452432828955,1.137879786112705,11.56729450230512,13.437074758945519,13.8931134538772
maize,Table 6-1,sub_region,Lango,first_season_2020,69185.29275555443,67264.57029434633,103057.8844719054,1.5321273000173696,1.4895923738594221,15.146786439866341,14.909516987867702,15.107604414408504
maize,Table 6-1,sub_region,Lango,second_season_2020,137032.14525612045,66295.05738240275,195502.2530964039,2.9489717758099068,1.4266889913384897,11.73544245354198,13.956450921521279,14.755382612409312
maize,Table 6-1,sub_region,Lango,total_2020,206217.43801167488,133559.62767674908,298560.1375683093,2.235407081928281,1.447792875554038,11.978033285828339,13.072659794416117,13.762194947479353
maize,Table 6-1,sub_region,Acholi,first_season_2020,47942.140325612876,41732.53402677024,67894.06728161349,1.6268858066002263,1.4161667964861675,16.589763354664175,17.47189964546245,20.00325538597934
maize,Table 6-1,sub_region,Acholi,second_season_2020,10696.561668655642,6348.980979146792,12646.657888078615,1.9919193221111422,1.1823105666877405,18.42136967448647,19.386080764407403,21.47042551825298
maize,Table 6-1,sub_region,Acholi,total_2020,58638.701994268515,48081.515005917034,80540.7251696921,1.6750870924050658,1.3735079807456232,13.304035591871061,15.445166147719688,16.958306618026867
maize,Table 6-1,sub_region,Kigezi,first_season_2020,5228.6625781950825,4389.13769589533,7368.617378566739,1.6788303054282812,1.4092738378827194,25.818016485199202,27.983785955587038,32.09402224593719
maize,Table 6-1,sub_region,Kigezi,second_season_2020,9892.739728998818,3581.735668011803,16405.878281369343,4.580426866194772,1.658375609870581,23.034586873294348,18.717003393404777,25.934220948867154
maize,Table 6-1,sub_region,Kigezi,total_2020,15121.402307193901,7970.873363907132,23774.49565993608,2.9826713553861293,1.5722414612714544,20.81745801460174,21.86894045193839,23.20254881528554
maize,Table 6-1,sub_region,Bunyoro,first_season_2020,175979.4170716595,170452.2552073215,399310.89354733896,2.3426553850030096,2.269077260238554,15.251338188788091,15.331678571489354,15.499039803341756
maize,Table 6-1,sub_region,Bunyoro,second_season_2020,157769.22991330645,93771.61150004598,286465.37767513114,3.0549264654046246,1.8157240029157948,14.894061671122882,18.231437997273936,17.07727225114018
maize,Table 6-1,sub_region,Bunyoro,total_2020,333748.64698496595,264223.8667073675,685776.2712224701,2.5954365128642194,2.0547686931997107,14.823885150160562,15.179980716754743,15.202880651236114
maize,Table 6-1,sub_region,Tooro,first_season_2020,64066.41396896392,53605.05896159952,161020.45271850307,3.0038294115831783,2.5133364385980332,26.093121792626295,23.904563954035098,25.692759896606
maize,Table 6-1,sub_region,Tooro,second_season_2020,85373.47509107928,45901.87972764587,196466.20980452397,4.280134298861751,2.301255859562086,21.151534637209917,29.602955829093236,22.956032838810632
maize,Table 6-1,sub_region,Tooro,total_2020,149439.8890600432,99506.93868924539,357486.66252302704,3.592580248493403,2.392176980132748,22.696027053238037,25.203967087463457,23.46609714536129
maize,Table 6-1,sub_region,Busoga,first_season_2020,124578.5300679457,117552.77324600064,178943.35255991446,1.5222384603844508,1.4363899819841985,11.366694662683921,12.294182115478415,11.292854602544352
maize,Table 6-1,sub_region,Busoga,second_season_2020,104778.51309650268,73939.46604062416,127450.43128546735,1.7237131684916813,1.2163794610072722,11.190791135109194,12.872859677786522,13.081074447411623
maize,Table 6-1,sub_region,Busoga,total_2020,229357.04316444838,191492.2392866248,306393.7838453818,1.6000323824443499,1.335881295023926,10.621829411430818,11.651995171789789,10.762188417763424
maize,Table 6-1,sub_region,Teso,first_season_2020,43328.557223445394,38173.183394774285,52369.138238923326,1.3718829183654722,1.2086517898312572,16.33521281097101,12.485533058134896,17.74650106778382
maize,Table 6-1,sub_region,Teso,second_season_2020,50805.87175391593,20599.10335032369,31725.841334267127,1.540156423059482,0.6244522579581919,13.912503766713566,14.26600221224707,18.56680274224161
maize,Table 6-1,sub_region,Teso,total_2020,94134.42897736133,58772.286745097976,84094.97957319045,1.4308611121074775,0.8933498666403416,13.392231446533739,11.427057424158702,16.686383697504095
maize,Table 6-1,sub_region,Bukedi,first_season_2020,46005.41547499803,44579.344761353,68965.01039394768,1.5470171390615695,1.499062875139715,9.875934481201492,9.809122856761505,11.446508316265888
maize,Table 6-1,sub_region,Bukedi,second_season_2020,38307.0939749609,19856.169874066632,51510.810059110154,2.594196684748674,1.344680703077601,10.48923636761742,12.632343295255433,12.560235646556675
maize,Table 6-1,sub_region,Bukedi,total_2020,84312.50944995893,64435.51463541963,120475.82045305784,1.8697114647833253,1.4289198748681833,9.070555188461107,9.033549190034977,10.570414759153103
maize,Table 6-1,sub_region,Elgon,first_season_2020,77029.08377880692,61935.39105335199,160513.2619783088,2.591624259545572,2.083800742577065,17.732660565732,17.573481259724826,21.831516561483628
maize,Table 6-1,sub_region,Elgon,second_season_2020,13874.652805084006,4762.830529997424,16304.835535656615,3.423349924580549,1.175152687761825,28.232076906195186,22.691492693937057,31.38085242054418
maize,Table 6-1,sub_region,Elgon,total_2020,90903.73658389092,66698.22158334941,176818.0975139654,2.6510166735556018,1.9451136351341072,16.2786131481389,16.80140034136693,20.825727510031903
maize,Table 6-1,sub_region,Karamoja,first_season_2020,28988.393844896622,18613.29150292707,22662.576952294614,1.2175480596073385,0.7817810491175018,18.944210044857705,24.146308958298484,27.302096025044857
maize,Table 6-1,sub_region,Karamoja,second_season_2020,5237.1645655681905,698.6315802523923,5060.932846228637,7.244065383360269,0.9663497839082256,93.49124060339659,63.29115911092179,95.80405164331675
maize,Table 6-1,sub_region,Karamoja,total_2020,34225.558410464815,19311.923083179463,27723.50979852325,1.4355644271735017,0.8100235930715013,22.711789575580205,24.430162425892956,32.239936609426564
maize,Table 6-1,sub_region,Ankole,first_season_2020,8773.79237101778,8025.209403876534,18387.179968769935,2.291177593433027,2.095693537210635,19.024986164773527,20.499349643686564,20.05132831229202
maize,Table 6-1,sub_region,Ankole,second_season_2020,11986.055961617616,7469.261789492012,35452.1339451982,4.746403988018382,2.9577814469350803,13.196671304950222,15.758581518624698,16.529419799404966
maize,Table 6-1,sub_region,Ankole,total_2020,20759.848332635396,15494.471193368547,53839.31391396813,3.474743554785576,2.5934348387955395,14.60853377532311,17.349762463883344,16.65697322495451
maize,Table 6-1,sub_region,Uganda,first_season_2020,1071129.2794241728,967469.0190954446,1891680.7420373778,1.9552881846346297,1.7660620229281048,5.4687496318715,5.5787628516511,6.043301999207678
maize,Table 6-1,sub_region,Uganda,second_season_2020,965188.3130117016,594598.266187296,1618798.4385242015,2.7225078352554206,1.6771840445032158,5.3045847771749965,6.639548418504226,6.741444814111584
maize,Table 6-1,sub_region,Uganda,total_2020,2036317.5924358747,1562067.2852827404,3510479.1805615793,2.2473290450648986,1.7239350058171867,4.96214917799329,5.371491747117241,5.873954644427142
