district,year,DJF_rzsm_1,JJA_rzsm_1,MAM_rzsm_1,SON_rzsm_1,DJF_rzsm_1m,JJA_rzsm_1m,MAM_rzsm_1m,SON_rzsm_1m,DJF_rzsm_2,JJA_rzsm_2,MAM_rzsm_2,SON_rzsm_2,DJF_rzsm_3,JJA_rzsm_3,MAM_rzsm_3,SON_rzsm_3,DJF_surface_sm,JJA_surface_sm,MAM_surface_sm,SON_surface_sm,annual_surface_sm,annual_rzsm_1m,annual_rzsm_1,annual_rzsm_2,annual_rzsm_3,surface_sm_cv,rzsm_1m_cv,min_surface_sm,max_surface_sm,min_rzsm_1m,max_rzsm_1m,annual_surface_nobs,annual_rzsm_1m_nobs,soil_moisture_index
Arua,2020,0.19500715037186941,0.2653673440217972,0.20479571322600046,0.2791133026281993,0.2235679974158605,0.24808412293593088,0.20147286852200827,0.2766462067763011,0.20776731769243875,0.25875231623649597,0.20070610443751016,0.2802732785542806,0.23622848093509674,0.2398694952329,0.20130244394143423,0.27442150314648944,0.18597908318042755,0.2690197378396988,0.2083685298760732,0.27807116508483887,0.2353596289952596,0.23744279891252518,0.23607087756196657,0.23687475423018137,0.2379554808139801,0.18230794294879157,0.13987530278431445,0.1732388138771057,0.2855159044265747,0.19155775010585785,0.2778775095939636,30.5,30.5,0.23744279891252518
Arua,2021,0.1700433393319448,0.2500874350468318,0.19755445420742035,0.27131255467732746,0.20211303730805716,0.2379607856273651,0.18700939416885376,0.26781294743220013,0.18249579767386118,0.24742341538270315,0.18927039206027985,0.27190128962198895,0.21726660430431366,0.23120835423469543,0.18412138521671295,0.26518548528353375,0.1639645000298818,0.25125251213709515,0.20259254177411398,0.27062569558620453,0.22210881238182387,0.22372404113411903,0.2222494458158811,0.22277272368470827,0.22444545725981394,0.2221083060639221,0.1693493175354695,0.1422998607158661,0.2887035012245178,0.16462509334087372,0.2747252285480499,30.166666666666668,30.416666666666668,0.22372404113411903
Arua,2022,0.18015970786412558,0.26090321441491443,0.21113837758700052,0.2698950469493866,0.20445589224497476,0.24714957674344382,0.19660559793313345,0.26863540212313336,0.18975884715716043,0.25654957195123035,0.20205999910831451,0.2710481782754262,0.2158537656068802,0.24015729626019797,0.191456268231074,0.26721907655398053,0.17455331981182098,0.2622372756401698,0.21814659237861633,0.26804540554682416,0.23074564834435782,0.22921161726117134,0.2305240867038568,0.2298541491230329,0.22867160166303316,0.19809014868285016,0.1678715325141498,0.14001235365867615,0.28595370054244995,0.16748102009296417,0.272611141204834,30.416666666666668,30.416666666666668,0.22921161726117134
Arua,2023,0.191878413160642,0.2561801075935364,0.23465702931086221,0.2758314112822215,0.21741199990113577,0.2495704640944799,0.2191996971766154,0.26894094546635944,0.20335769653320312,0.25446782012780506,0.22617230316003165,0.27333367864290875,0.2286947468916575,0.24602019786834717,0.21313717464605966,0.2655961712201436,0.18484225869178772,0.2573336064815521,0.23954307536284128,0.27719105283419293,0.23972749834259352,0.23878077665964761,0.2396367403368155,0.23933287461598715,0.238362072656552,0.17155696847275204,0.1327270728306816,0.1513788402080536,0.2866109609603882,0.17849881947040558,0.27978384494781494,30.416666666666668,30.416666666666668,0.23878077665964761
Arua,2024,0.18203142285346985,0.2567957242329915,0.21515638132890066,0.27048027515411377,0.2123286376396815,0.24413758019606271,0.2073517789443334,0.2686377267042796,0.19449974099795023,0.25175659358501434,0.20997041960557303,0.27152150869369507,0.22629261513551077,0.2382183720668157,0.2047416865825653,0.26688875754674274,0.1759711056947708,0.2599287082751592,0.21673919260501862,0.2699830134709676,0.23065550501147905,0.2331139308710893,0.23111595089236894,0.23193706572055817,0.23403535783290863,0.1844297231730454,0.12939631161037732,0.1631656438112259,0.2769785225391388,0.1842033565044403,0.27028071880340576,30.25,30.5,0.2331139308710893
Fort_Portal,2020,0.2515714814265569,0.23778657615184784,0.25246600310007733,0.2776047686735789,0.25834622979164124,0.24058814843495688,0.2515265494585037,0.2674915095170339,0.25521520773569745,0.23806064327557883,0.25175898273785907,0.27403944730758667,0.26104087630907696,0.24231883883476257,0.25125375886758167,0.26253198583920795,0.2489222784837087,0.2391592562198639,0.25256914893786114,0.279128760099411,0.2549448609352112,0.25448810930053395,0.25485720733801526,0.2547685702641805,0.2542863649626573,0.06627096170689477,0.04933324421296885,0.2320837676525116,0.2860085666179657,0.23847390711307526,0.2774370014667511,0.0,0.0,0.25448810930053395
Fort_Portal,2021,0.2508173684279124,0.24425955613454184,0.25693509976069134,0.27891895174980164,0.2592679113149643,0.2476293941338857,0.2542390525341034,0.270601361989975,0.2547982682784398,0.24543332556883493,0.254947692155838,0.27601200342178345,0.26291115085283917,0.24928906559944153,0.2534353931744893,0.2665097713470459,0.2483870287736257,0.24449468155701956,0.2577173908551534,0.28038586179415387,0.25774624074498814,0.2579344299932321,0.2577327440182368,0.25779782235622406,0.258036345243454,0.06041479882853301,0.04211406201289189,0.2372519075870514,0.28346166014671326,0.24553552269935608,0.2748759388923645,0.0,0.0,0.2579344299932321
Fort_Portal,2022,0.24381558100382486,0.2341977854569753,0.24096419413884482,0.2721335093180339,0.2532062927881877,0.2348326841990153,0.24093544483184814,0.2641032139460246,0.24829309185345969,0.2335052788257599,0.23980281750361124,0.270026554663976,0.25722802678744,0.23560220499833426,0.24149697025616965,0.2598031759262085,0.24071664114793143,0.23530012865861258,0.24168639381726584,0.2726324200630188,0.24758389592170715,0.24826940894126892,0.2477777674794197,0.24790693571170172,0.2485325944920381,0.07327390553960263,0.0526737932659115,0.22385726869106293,0.28168004751205444,0.22961871325969696,0.2666205167770386,0.0,0.0,0.24826940894126892
Fort_Portal,2023,0.22635161379973093,0.22563258310159048,0.23679334918657938,0.2560875068108241,0.239556685090065,0.22807151079177856,0.23323765397071838,0.24780470629533133,0.23312673966089884,0.22617465754350027,0.23394547899564108,0.25288839638233185,0.24497250219186148,0.2294264237085978,0.23229112227757773,0.24388240277767181,0.22233520448207855,0.22609406212965646,0.23808362086613974,0.25753892461458844,0.23601295302311578,0.23716763903697333,0.23621626322468123,0.23653381814559302,0.23764311273892721,0.07232874166154227,0.04768119827730571,0.20273029804229736,0.2633298635482788,0.2226019650697708,0.2558440864086151,0.0,0.0,0.23716763903697333
Fort_Portal,2024,0.21610835691293082,0.2153355379899343,0.21713932851950327,0.24884551763534546,0.2282621463139852,0.2150197078784307,0.2177737553914388,0.24057947099208832,0.2216490109761556,0.21432469288508096,0.21647888918717703,0.24657495816548666,0.23359433809916177,0.21531457702318826,0.21852691968282065,0.23620404799779257,0.21366806825002035,0.216405987739563,0.2172615627447764,0.24928350249926248,0.22415478030840555,0.22540877014398575,0.22435718526442847,0.22475688780347505,0.22590997070074081,0.07405292971440594,0.05364488404287769,0.20758233964443207,0.25513678789138794,0.2120378613471985,0.24864639341831207,0.0,0.0,0.22540877014398575
Gulu,2020,0.24037089943885803,0.2821355958779653,0.25649017592271167,0.289125790198644,0.25549475848674774,0.27633466323216754,0.253694752852122,0.28805088996887207,0.2466533879439036,0.28046560287475586,0.25439536074797314,0.28975003957748413,0.2624360918998718,0.27330238620440167,0.2528785467147827,0.2870221634705861,0.2353698710600535,0.2834520737330119,0.25830631454785663,0.28825851281483966,0.26634669303894043,0.26839376613497734,0.26703061535954475,0.26781609778602916,0.2689097970724106,0.09331699731759971,0.05986852536584615,0.2211475372314453,0.2947862446308136,0.24657517671585083,0.2897981107234955,30.416666666666668,30.5,0.26839376613497734
Gulu,2021,0.20219837625821432,0.2704105277856191,0.2374512106180191,0.2787669797738393,0.22718840340773264,0.2648404041926066,0.22336486975351968,0.2776668270428975,0.21231070160865784,0.270290086666743,0.22820391257603964,0.27935194969177246,0.23879225552082062,0.261187215646108,0.21859761575857797,0.276640921831131,0.19551660120487213,0.27086159586906433,0.24319182336330414,0.27874162793159485,0.24707791209220886,0.24826512609918913,0.24720677360892296,0.24753916263580322,0.2488045021891594,0.16731241452583645,0.12061267564607797,0.17381706833839417,0.2878864109516144,0.19178593158721924,0.2801978588104248,30.25,30.416666666666668,0.24826512609918913
Gulu,2022,0.20532041291395822,0.2645546992619832,0.228780930240949,0.2776248554388682,0.2248528003692627,0.256644070148468,0.21443530917167664,0.274952491124471,0.21285081406434378,0.2626291712125142,0.2198116978009542,0.277867058912913,0.23410919805367789,0.25233306487401325,0.2093561738729477,0.27304980158805847,0.2014172077178955,0.26587724685668945,0.2342512011528015,0.27672861019770306,0.24456856648127237,0.2427211677034696,0.24407022446393967,0.2432896854976813,0.24221205959717432,0.164612804481236,0.13804452706959328,0.1644025593996048,0.2843725085258484,0.18427304923534393,0.2767094671726227,30.166666666666668,30.416666666666668,0.2427211677034696
Gulu,2023,0.21083826323350272,0.2665816843509674,0.24470536907513937,0.28339462478955585,0.23569026589393616,0.26203276713689166,0.2300343910853068,0.2761893073717753,0.22334201633930206,0.2662089765071869,0.23564969499905905,0.2801354130109151,0.24600638449192047,0.2591864963372548,0.22478158275286356,0.2730153799057007,0.2020146151383718,0.2673571705818176,0.24957137803236643,0.2856999933719635,0.25116078928112984,0.2509866828719775,0.25137998536229134,0.2513340252141158,0.2507474608719349,0.1559709257557158,0.11465893991563701,0.15608397126197815,0.29236677289009094,0.19670680165290833,0.2858704924583435,30.333333333333332,30.416666666666668,0.2509866828719775
Gulu,2024,0.21769449611504874,0.27263760566711426,0.25765061875184375,0.2796345253785451,0.23917819559574127,0.2698625524838765,0.2454955130815506,0.2781568467617035,0.22661429146925607,0.27274131774902344,0.2505851884682973,0.2797635595003764,0.24904077251752219,0.267960657676061,0.24092483520507812,0.2771071990331014,0.21450593074162802,0.2728843589623769,0.26178794105847675,0.2788952887058258,0.2570183798670769,0.25817327698071796,0.25690431147813797,0.2574260892967383,0.2587583661079407,0.11840164821071406,0.08148072728188106,0.20535574853420258,0.2853640615940094,0.22162097692489624,0.2805190086364746,30.333333333333332,30.5,0.25817327698071796
Hoima,2020,0.24301483233769736,0.2556732992331187,0.25553807119528454,0.28180312116940814,0.25642113387584686,0.2562534809112549,0.2513549228509267,0.27545540531476337,0.2496108959118525,0.2560061017672221,0.2525728742281596,0.27988537152608234,0.26206064224243164,0.25647387901941937,0.2500487466653188,0.27218247453371686,0.23787575960159302,0.25664113958676654,0.25747716426849365,0.28210877378781635,0.2585257093111674,0.259871235738198,0.2590073309838772,0.2595188108583291,0.2601914356152217,0.06865386677445191,0.04577766527770049,0.2272038608789444,0.28516942262649536,0.24084600806236267,0.27916598320007324,30.25,30.5,0.259871235738198
Hoima,2021,0.2185006390015284,0.22779075304667154,0.24477247397104898,0.27104541659355164,0.2369135320186615,0.23431972662607828,0.23393206298351288,0.2605684697628021,0.22668728729089102,0.23102310796578726,0.23777331908543906,0.26769593358039856,0.2450954665740331,0.23705620070298514,0.23020469148953757,0.25525858501593274,0.21313265462716421,0.2272327939669291,0.2486553688844045,0.27258087197939557,0.24040042236447334,0.2414334478477637,0.24052732065320015,0.24079491198062897,0.24190373594562212,0.12018200225779992,0.07745807444654229,0.19002309441566467,0.28222882747650146,0.21039441227912903,0.2675546407699585,30.25,30.416666666666668,0.2414334478477637
Hoima,2022,0.22226125995318094,0.230787456035614,0.23079107205073038,0.2655664086341858,0.23605327804883322,0.23259156942367554,0.22358501454194388,0.2564741869767507,0.2288864403963089,0.23181251188119253,0.22534670929114023,0.262546827395757,0.24193536738554636,0.2332817812760671,0.22150316337744394,0.25192249814669293,0.21741453806559244,0.23047609130541483,0.23513686656951904,0.26663065950075787,0.23741453886032104,0.23717601224780083,0.2373515491684278,0.23714812224109968,0.2371607025464376,0.11419534621083033,0.07733059467684913,0.184866800904274,0.2711522579193115,0.20383644104003906,0.26109981536865234,30.416666666666668,30.416666666666668,0.23717601224780083
Hoima,2023,0.20936788121859232,0.2370170603195826,0.23815896610418955,0.27242915829022724,0.23035003741582236,0.23764763275782266,0.22677575051784515,0.26209593812624615,0.22017217675844827,0.23754792412122092,0.23116340239842734,0.2687161862850189,0.23893599212169647,0.23780258496602377,0.2226847211519877,0.2570636073748271,0.2022530883550644,0.2376322994629542,0.24238060414791107,0.27390405535697937,0.23904251183072725,0.23921733970443407,0.23924326648314795,0.23939992239077887,0.23912172640363374,0.1333830766266543,0.09289812992899334,0.17002429068088531,0.28066739439964294,0.19904837012290955,0.2728537321090698,30.25,30.416666666666668,0.23921733970443407
Hoima,2024,0.21199757357438406,0.2398031453291575,0.24531084795792898,0.2704097032546997,0.23021067678928375,0.2396402806043625,0.2365965743859609,0.2643769284089406,0.2192874550819397,0.2395677169164022,0.24072936673959097,0.26922207077344257,0.23870781064033508,0.23964941998322806,0.2330777943134308,0.2609488864739736,0.21034906804561615,0.24092614650726318,0.2463157574335734,0.2701754967371623,0.24194161718090376,0.24270611504713693,0.24188031752904257,0.24220165237784386,0.24309597785274187,0.10360543908831592,0.07041613280861879,0.19873449206352234,0.27637287974357605,0.21300312876701355,0.2687648832798004,30.5,30.5,0.24270611504713693
Iganga,2020,0.23895174264907837,0.22691348691781363,0.26828086376190186,0.2755199174086253,0.2526457955439885,0.2377170224984487,0.2607064147790273,0.2638327380021413,0.2463201383749644,0.23077853520711264,0.264227161804835,0.2712685863176982,0.25809097786744434,0.24298685789108276,0.2576836446921031,0.25816694895426434,0.23305849730968475,0.2262417326370875,0.27081061402956647,0.2772367298603058,0.2518368934591611,0.25372549270590145,0.2524165026843548,0.25314860542615253,0.25423210735122365,0.0967098894306033,0.05649565576230492,0.2137088030576706,0.27982261776924133,0.22818532586097717,0.27336370944976807,30.333333333333332,30.5,0.25372549270590145
Iganga,2021,0.23108749588330588,0.2174424727757772,0.2563556184371312,0.2558887004852295,0.2423305114110311,0.229507178068161,0.2480108638604482,0.2471571813027064,0.23645534118016562,0.22221899032592773,0.25167275965213776,0.2526158293088277,0.24714193244775137,0.23516206443309784,0.2447891334692637,0.242972602446874,0.22638337314128876,0.2160934954881668,0.2581528176863988,0.2589669426282247,0.23989915723601976,0.24175143366058668,0.24019357189536095,0.2407407301167647,0.24251643319924673,0.1033641470617048,0.059689282284274975,0.20550411939620972,0.2821629047393799,0.2169221043586731,0.2662050724029541,30.333333333333332,30.416666666666668,0.24175143366058668
Iganga,2022,0.2213514745235443,0.22907093664010367,0.25396745403607685,0.2671954135100047,0.22829192876815796,0.2356554220120112,0.24054489036401114,0.2586389978726705,0.22234114507834116,0.23162823418776193,0.2485042760769526,0.2642941474914551,0.23242405553658804,0.23876644174257913,0.23432810604572296,0.2543853521347046,0.22365936636924744,0.22799772024154663,0.25561076899369556,0.268621822198232,0.2439724194506804,0.2407828097542127,0.2428963196774324,0.2416919507086277,0.23997598886489868,0.12541527339943404,0.08922779917851768,0.1871432662010193,0.27795273065567017,0.20593199133872986,0.2657493054866791,30.166666666666668,30.416666666666668,0.2407828097542127
Iganga,2023,0.21045570572217306,0.22146361569563547,0.2628873387972514,0.2715146740277608,0.23399960498015085,0.23345914979775748,0.2445370356241862,0.2542930493752162,0.224170391758283,0.22692951560020447,0.25337035953998566,0.2627751777569453,0.2428381939729055,0.23872323830922446,0.23706198235352835,0.24718171854813895,0.20159809788068137,0.21852333347002664,0.26762189467748004,0.2777854601542155,0.2413821965456009,0.24157220994432768,0.24158033356070518,0.2418113611638546,0.2414512832959493,0.174132690678863,0.104159531049993,0.16181416809558868,0.30264216661453247,0.1952698528766632,0.27662214636802673,29.916666666666668,30.416666666666668,0.24157220994432768
Iganga,2024,0.23589763045310974,0.1981468548377355,0.25923215846220654,0.25017451246579486,0.24766947329044342,0.2112291008234024,0.2553292016188304,0.2382135639588038,0.24287834266821542,0.20134120682875314,0.2573537826538086,0.24541547894477844,0.2520269999901454,0.2183534155289332,0.25366643567879993,0.2326191117366155,0.23058811326821646,0.19892660776774088,0.25704000890254974,0.2527692566315333,0.2348309966425101,0.23811033492287,0.23586278905471167,0.23674720277388892,0.2391664907336235,0.12362942408804961,0.08414735567196499,0.18238882720470428,0.2773350775241852,0.19918736815452576,0.2619594633579254,30.0,30.5,0.23811033492287
Jinja,2020,0.25639739632606506,0.2467398246129354,0.2776181201140086,0.28717974821726483,0.2684791584809621,0.2550887813170751,0.2709178825219472,0.2764051655928294,0.2629934350649516,0.24997384349505106,0.2738279402256012,0.2828077971935272,0.27323563893636066,0.2590377430121104,0.2683461507161458,0.2714080810546875,0.2512357880671819,0.24582849939664206,0.2798670828342438,0.28933337330818176,0.2665661859015624,0.2677227469782035,0.2669837723175685,0.26740075399478275,0.2680069034298261,0.0786435212929272,0.04801794452377329,0.2365059107542038,0.29651156067848206,0.2478557974100113,0.2879510819911957,0.0,0.0,0.2677227469782035
Jinja,2021,0.2545284330844879,0.2434448003768921,0.2800972064336141,0.2787420451641083,0.26463117202123004,0.2543028990427653,0.27231932679812115,0.27064381043116253,0.2593989670276642,0.24784267942110697,0.27583712339401245,0.275818665822347,0.2689310510953267,0.259342685341835,0.2692641119162242,0.2667066653569539,0.25059492886066437,0.24190261960029602,0.2818476955095927,0.2809124290943146,0.26381441826621693,0.26547430207331973,0.2642031212647756,0.26472435891628265,0.26606112842758495,0.08039373495179694,0.04715218842826786,0.23529238998889923,0.295535147190094,0.2440708875656128,0.28706666827201843,0.0,0.0,0.26547430207331973
Jinja,2022,0.24959243337313333,0.24821837743123373,0.27055556575457257,0.2754431962966919,0.25339556237061817,0.25529679159323376,0.2600352813800176,0.2688692510128021,0.2493849645058314,0.2513764450947444,0.26586950321992237,0.27272796630859375,0.2560347119967143,0.2584367096424103,0.2553647706906001,0.2658442258834839,0.2517565091451009,0.2472910682360331,0.27201710641384125,0.2769314448038737,0.26199903214971226,0.2593992215891679,0.2609523932139079,0.259839719782273,0.2589201045533021,0.09264825033620244,0.06056365655914024,0.22313541173934937,0.29247939586639404,0.2347944676876068,0.281436026096344,0.0,0.0,0.2593992215891679
Jinja,2023,0.24544700980186462,0.24797101318836212,0.2807140549023946,0.2854774296283722,0.2616412540276845,0.2583034336566925,0.2671593377987544,0.2711963951587677,0.25599504510561627,0.253012090921402,0.27356480558713275,0.2779415746529897,0.26716339588165283,0.26267116765181225,0.2616974910100301,0.2654436230659485,0.2379848708709081,0.2446652501821518,0.2837485472361247,0.29121168454488117,0.2644025882085164,0.2645751051604748,0.26490237688024837,0.26512837906678516,0.2642439194023609,0.11768062608168489,0.0720668770689573,0.21271277964115143,0.3145096004009247,0.2336432933807373,0.29210954904556274,0.0,0.0,0.2645751051604748
Jinja,2024,0.2562091449896495,0.23653925955295563,0.26858092347780865,0.27770092089970905,0.26661903659502667,0.24384130537509918,0.2657628158728282,0.266761710246404,0.26175835231939953,0.2383896013100942,0.2671107351779938,0.2731838524341583,0.27078436811765033,0.24778417746225992,0.26461918155352276,0.2617274572451909,0.2536213795344035,0.2372128168741862,0.2675829033056895,0.279507448275884,0.2594811369975408,0.2607462170223395,0.2597575622300307,0.26011063531041145,0.261228796094656,0.08167257775043955,0.051975125137767954,0.22845621407032013,0.2931336760520935,0.23587992787361145,0.2806716561317444,0.0,0.0,0.2607462170223395
Kabale,2020,0.2437863995631536,0.19170149664084116,0.24713013072808585,0.23943228522936502,0.24244392414887747,0.20552275081475577,0.24703957637151083,0.22579990327358246,0.24454006552696228,0.19581328332424164,0.24819847444693247,0.23312415182590485,0.24117211004098257,0.21268103023370108,0.2464450349410375,0.2198657145102819,0.24302922189235687,0.19136470556259155,0.24484727283318838,0.24261481563250223,0.23046400398015976,0.23020153865218163,0.2305125780403614,0.2304189937810103,0.23004097243150076,0.11200539222169258,0.08556517230209099,0.1787641942501068,0.25587567687034607,0.19244861602783203,0.24775652587413788,30.083333333333332,30.5,0.23020153865218163
Kabale,2021,0.24053093294302622,0.1880916953086853,0.2469335744778315,0.23626080652077994,0.24048561851183572,0.2021306206782659,0.24578707416852316,0.22506245970726013,0.2412709891796112,0.19227970143159231,0.2470203439394633,0.23169158895810446,0.24008538325627646,0.20939591030279794,0.24497934182484946,0.2198814998070399,0.2403810272614161,0.18704689045747122,0.24513588845729828,0.23933546245098114,0.2279748171567917,0.22836644326647124,0.22795425231258074,0.22806565587719282,0.22858553379774094,0.11205559880202186,0.08420715689679552,0.17619341611862183,0.25494012236595154,0.19289138913154602,0.24882429838180542,29.666666666666668,30.416666666666668,0.22836644326647124
Kabale,2022,0.24695826570192972,0.1883043497800827,0.24078465004762015,0.24166527390480042,0.24262175460656485,0.19989152252674103,0.242346261938413,0.22921809057394663,0.24579335749149323,0.19081771870454153,0.24255295594533285,0.23708240687847137,0.24031321704387665,0.20635961989561716,0.24250318109989166,0.2232113927602768,0.2476156105597814,0.1880292942126592,0.2398457626501719,0.2431425799926122,0.22965831185380617,0.22851940741141638,0.22942813485860825,0.22906160975495973,0.22809685269991556,0.12469831596080153,0.0869686893222996,0.16067270934581757,0.25268712639808655,0.1871577352285385,0.24625028669834137,29.5,30.416666666666668,0.22851940741141638
Kabale,2023,0.23753965894381204,0.18330811460812887,0.25586701432863873,0.23861835896968842,0.23972547550996146,0.20146706700325012,0.2511792480945587,0.22191396355628967,0.24034618337949118,0.189553772409757,0.25453534225622815,0.23024900257587433,0.23977942764759064,0.21045020719369253,0.24871990581353506,0.21496238311131796,0.23648862540721893,0.18186703821023306,0.25332142412662506,0.24360545972983041,0.22882063686847687,0.228571438541015,0.228833286712567,0.22867107515533766,0.22847798094153404,0.14000440908882858,0.10055791948809678,0.16866716742515564,0.2680026888847351,0.18252912163734436,0.25627750158309937,29.333333333333332,30.416666666666668,0.228571438541015
Kabale,2024,0.24331675469875336,0.1827613115310669,0.2429420401652654,0.2253606766462326,0.24097758531570435,0.19721544782320657,0.24346153438091278,0.2145195702711741,0.24354450404644012,0.18689260383447012,0.2439155081907908,0.22038501004378,0.23930426438649496,0.20478589832782745,0.24332113564014435,0.2097799926996231,0.24194835126399994,0.18238950272401175,0.24126012126604715,0.22849469383557638,0.2235231672724088,0.22404353444774947,0.22359519576032957,0.22368440652887026,0.22429782276352248,0.12194964970573606,0.09718674058095914,0.17690934240818024,0.2582972049713135,0.1877666413784027,0.2470998466014862,30.333333333333332,30.5,0.22404353444774947
Kapchorwa,2020,0.20782355467478433,0.24433498084545135,0.23965851465861002,0.24923970798651376,0.22471598784128824,0.2442442625761032,0.2323849449555079,0.25000245372454327,0.21579847733179727,0.24498208363850912,0.23520363867282867,0.25044550995031994,0.2319901535908381,0.2438602348168691,0.2297633389631907,0.24990805486838022,0.20063447455565134,0.24435679614543915,0.24336581925551096,0.24818944931030273,0.23413663481672606,0.23783691227436066,0.23526418954133987,0.23660742739836374,0.23888044555981955,0.09640317819416847,0.05432628400514649,0.18808379769325256,0.2585684061050415,0.216218501329422,0.2547553777694702,30.5,30.5,0.23783691227436066
Kapchorwa,2021,0.16679119567076364,0.20194790760676065,0.20659831166267395,0.23065418004989624,0.1872254659732183,0.20482411980628967,0.19427513082822165,0.22838831941286722,0.1737255404392878,0.20383448898792267,0.19938408335049948,0.23180371026198068,0.19738114376862845,0.2057983030875524,0.18966678778330484,0.22630298137664795,0.16308784981568655,0.2017089823881785,0.20999809602896372,0.23044111331303915,0.20130901038646698,0.20367825900514921,0.20149789874752363,0.20218695575992265,0.20478730400403342,0.18246698174510376,0.10957541074881011,0.15118345618247986,0.25553297996520996,0.16201390326023102,0.24122527241706848,30.416666666666668,30.416666666666668,0.20367825900514921
Kapchorwa,2022,0.16196625928084055,0.2250275363524755,0.19000815351804098,0.2247588038444519,0.17455466091632843,0.21656514704227448,0.176602174838384,0.2292408049106598,0.16419518490632376,0.2225291927655538,0.18268161018689474,0.22888983289400736,0.18183246751626334,0.212172731757164,0.17132811745007834,0.23016329606374106,0.16298779348532358,0.22656476497650146,0.19486598670482635,0.2208201934893926,0.201309684664011,0.19924069692691168,0.20044018824895224,0.1995739551881949,0.19887415319681168,0.1781572119204344,0.15694952921663735,0.14291627705097198,0.24901029467582703,0.14851048588752747,0.2445790320634842,30.25,30.416666666666668,0.19924069692691168
Kapchorwa,2023,0.1589267055193583,0.20352728168169656,0.20684475700060526,0.21611734728018442,0.1800367534160614,0.20658492545286813,0.1900091121594111,0.20952434341112772,0.16944899161656699,0.20681360363960266,0.19775954882303873,0.21229412655035654,0.18884897232055664,0.20698019862174988,0.18332795798778534,0.2070406178633372,0.15228648980458578,0.201322669784228,0.21217810610930124,0.21827149391174316,0.19601468990246454,0.1965387836098671,0.19635402287046114,0.19657906765739122,0.19654943669835725,0.1635946213626402,0.11059891450166327,0.12056557834148407,0.22470322251319885,0.14834487438201904,0.22263190150260925,30.333333333333332,30.416666666666668,0.1965387836098671
Kapchorwa,2024,0.1949700117111206,0.23229169845581055,0.22111923495928446,0.24464812874794006,0.20549355447292328,0.22778632740179697,0.21004086236159006,0.24326524138450623,0.19973008334636688,0.23078830043474832,0.2153334120909373,0.24543597300847372,0.21012921631336212,0.22553444902102152,0.20554819206396738,0.2419493943452835,0.1914685716231664,0.23365229864915213,0.22445437808831534,0.2442187120517095,0.22344849010308585,0.22164649640520415,0.2232572684685389,0.22282194222013155,0.22079031293590864,0.11443866481931084,0.09153181712635505,0.1728755682706833,0.25457489490509033,0.18650072813034058,0.2447035312652588,30.416666666666668,30.5,0.22164649640520415
Kasese,2020,0.26167455812295276,0.26035651564598083,0.2649332284927368,0.29721484581629437,0.2718108693758647,0.26019778847694397,0.26373331745465595,0.2882529894510905,0.26624001065889996,0.2591868539651235,0.264014999071757,0.2946366270383199,0.27628568808237713,0.2606767912705739,0.26339249809583026,0.28356751799583435,0.25970831016699475,0.26341800888379413,0.2642675538857778,0.2970644136269887,0.27111457164088887,0.2709987411896388,0.2710447870194912,0.2710196226835251,0.2709806238611539,0.06716687602318164,0.050529343402953966,0.2440703958272934,0.30205708742141724,0.2577698826789856,0.2967309057712555,0.0,0.0,0.2709987411896388
Kasese,2021,0.25728748242060345,0.25079577167828876,0.26070233682791394,0.28848357995351154,0.26848455270131427,0.25223635137081146,0.25850125153859455,0.28023479382197064,0.2623817523320516,0.25046734511852264,0.2585531373818715,0.2863248487313588,0.2734021147092183,0.25336095690727234,0.2581084668636322,0.2758149604002635,0.2539294362068176,0.25122640530268353,0.2619454562664032,0.2900306085745494,0.2642829765876134,0.2648642373581727,0.2643172927200794,0.26443177089095116,0.2651716247200966,0.0753826086826952,0.051317657586319676,0.23577353358268738,0.29243969917297363,0.24691738188266754,0.28570136427879333,0.0,0.0,0.2648642373581727
Kasese,2022,0.2582685550053914,0.2420829584201177,0.2587224543094635,0.2961483597755432,0.2680018792549769,0.24522781868775687,0.2552253057559331,0.28294065594673157,0.2632879267136256,0.2422702213128408,0.2561611781517665,0.29173274834950763,0.2719810903072357,0.2472307632366816,0.25417451560497284,0.27634333570798236,0.25566381216049194,0.24278530478477478,0.259990394115448,0.2979067762692769,0.2640865718324979,0.2628489149113496,0.263805581877629,0.2633630186319351,0.26243242621421814,0.10679783424867134,0.07457098312225556,0.21679356694221497,0.30109426379203796,0.23434868454933167,0.2955053746700287,0.0,0.0,0.2628489149113496
Kasese,2023,0.2589086890220642,0.24680401384830475,0.26937328775723773,0.2946348190307617,0.2725270042816798,0.25251983602841693,0.26525988181432086,0.28044699629147846,0.26664185523986816,0.2486873765786489,0.26644383867581684,0.28855303923288983,0.2777393062909444,0.2553887019554774,0.26398234566052753,0.27402933438618976,0.25420985122521716,0.24615865449110666,0.2706032693386078,0.2984512448310852,0.2673557549715042,0.26768842960397404,0.2674302024145921,0.2675815274318059,0.2677849220732848,0.09555479577130847,0.060973340604759806,0.23010067641735077,0.30610665678977966,0.2448459267616272,0.2938973903656006,0.0,0.0,0.26768842960397404
Kasese,2024,0.26154214640458423,0.2538517067829768,0.27657227714856464,0.2920576135317485,0.2723306218783061,0.25837333997090656,0.27197129527727765,0.2835602859656016,0.2668433388074239,0.2549249678850174,0.27391297618548077,0.2893117566903432,0.27687235673268634,0.2608511249224345,0.2702336410681407,0.2792683243751526,0.2586274395386378,0.2547125866015752,0.27665676673253375,0.2934095362822215,0.27085158228874207,0.27155888577302295,0.27100593596696854,0.2712482598920663,0.27180636177460354,0.0692394114401496,0.04550456127454254,0.24425940215587616,0.29739898443222046,0.25038906931877136,0.29016390442848206,0.0,0.0,0.27155888577302295
Lira,2020,0.2343766838312149,0.28294000029563904,0.2717278103033702,0.2924128969510396,0.2550383408864339,0.2814339299996694,0.2632039288679759,0.29162461558977765,0.24370364844799042,0.28337764739990234,0.2665170182784398,0.2932792802651723,0.2641492982705434,0.2802110513051351,0.2601267397403717,0.2906659046808879,0.227297176917394,0.28352871537208557,0.2756168246269226,0.29074500997861225,0.26929693172375363,0.2728252038359642,0.27036434784531593,0.27171939859787625,0.2737882484992345,0.10537346173344833,0.06131559074853052,0.21773484349250793,0.30064091086387634,0.24888041615486145,0.29676657915115356,30.333333333333332,30.5,0.2728252038359642
Lira,2021,0.18615696827570596,0.2585478027661641,0.2447957048813502,0.2739780942598979,0.21468835572401682,0.25800787409146625,0.2264391432205836,0.2731826802094777,0.19700059294700623,0.2602113087972005,0.23416159550348917,0.27519848942756653,0.228287473320961,0.25681617856025696,0.2195184826850891,0.2720421850681305,0.17891207337379456,0.2582341432571411,0.25037314494450885,0.27352487047513324,0.24026105801264444,0.2430795133113861,0.24086964254577956,0.2416429966688156,0.2441660799086094,0.19393844662991624,0.12733885541615497,0.1679418534040451,0.2974705100059509,0.18523794412612915,0.280394583940506,30.333333333333332,30.416666666666668,0.2430795133113861
Lira,2022,0.19579432904720306,0.26393818358580273,0.23459515472253165,0.28316208720207214,0.21354413529237112,0.25784621636072796,0.21441954374313354,0.27989434202512103,0.20126038789749146,0.2629747788111369,0.22360399862130484,0.2835363845030467,0.22264431416988373,0.254266619682312,0.20646471778551737,0.27752870321273804,0.19442174335320792,0.2648869901895523,0.24118932584921518,0.28134151299794513,0.24545989309748015,0.24142605935533842,0.2443724386394024,0.24284388745824495,0.24022608871261278,0.1849655664781372,0.16423114884336412,0.15350958704948425,0.2898191511631012,0.17530182003974915,0.28231143951416016,30.25,30.416666666666668,0.24142605935533842
Lira,2023,0.20256009697914124,0.2712372640768687,0.26099838813145954,0.28178876638412476,0.2298342486222585,0.2700795729955037,0.24130862454573312,0.27761393785476685,0.21546633541584015,0.2727177043755849,0.25011665125687915,0.2800235450267792,0.2415639062722524,0.2685675422350566,0.2336229830980301,0.27571330467859906,0.1954722354809443,0.27052247524261475,0.2668697237968445,0.2826906144618988,0.2538887622455756,0.25470909600456554,0.25414612889289856,0.25458105901877087,0.25486693407098454,0.16055826843129256,0.11254689298874729,0.1553327590227127,0.2874003052711487,0.19238770008087158,0.2812691032886505,30.416666666666668,30.416666666666668,0.25470909600456554
Lira,2024,0.2232507715622584,0.2692459225654602,0.2742424855629603,0.27764885624249774,0.2398574153582255,0.2697887619336446,0.2596171448628108,0.27764108777046204,0.22962666054566702,0.2699689467748006,0.26714736223220825,0.27854178349177044,0.247740571697553,0.2697891394297282,0.2534144769112269,0.277189443508784,0.21884744862715402,0.2695375184218089,0.2775789598623912,0.2777526080608368,0.2609291337430477,0.26172610248128575,0.2610970089832942,0.26132118826111156,0.262033407886823,0.11322753994773331,0.07271723447629397,0.21565987169742584,0.30050134658813477,0.22715641558170319,0.2806032598018646,30.416666666666668,30.5,0.26172610248128575
Masaka,2020,0.2363216131925583,0.18890651067097983,0.26390201846758526,0.22483072181542715,0.23502408961455026,0.20947126050790152,0.25653378665447235,0.2131662517786026,0.23792144656181335,0.19675275683403015,0.26183517277240753,0.21796762943267822,0.23335915803909302,0.21925797561804453,0.2526550640662511,0.2088214854399363,0.2346264123916626,0.18566877146561941,0.26339519023895264,0.22943889101346335,0.22828231627742449,0.22854884713888168,0.22849021603663763,0.22861925140023232,0.22852342079083124,0.1368464577126365,0.1031925007190541,0.17836567759513855,0.2702040672302246,0.1891890913248062,0.26577624678611755,30.333333333333332,30.5,0.22854884713888168
Masaka,2021,0.22629591325918832,0.1761451115210851,0.25007811188697815,0.20072663327058157,0.2249366839726766,0.19795413315296173,0.24451966087023416,0.19306143124898276,0.22662518918514252,0.18485928078492483,0.24825005729993185,0.1958554039398829,0.22386589646339417,0.20813640455404916,0.24172806243101755,0.19038691620031992,0.22503684957822165,0.17260363201300302,0.24970355133215585,0.20464817682902017,0.2129980524381002,0.21511797731121382,0.2133114424844583,0.21389748280247053,0.2160293199121952,0.15083881129923413,0.12114925716990936,0.16237473487854004,0.2597058117389679,0.17536118626594543,0.2560443580150604,30.333333333333332,30.416666666666668,0.21511797731121382
Masaka,2022,0.21878284215927124,0.18271295229593912,0.2377161681652069,0.2159014195203781,0.214735209941864,0.19969906409581503,0.2259144981702169,0.2058404286702474,0.2174866944551468,0.1901080161333084,0.23273334403832754,0.21052618324756622,0.2126848647991816,0.20732560257116953,0.22053812444210052,0.20182072619597116,0.21956578890482584,0.17940659821033478,0.2395507941643397,0.21959864596525827,0.21453045681118965,0.21154730021953583,0.21377834553519884,0.21271355946858725,0.2105923295021057,0.13532237747612294,0.08976282948123693,0.15891814231872559,0.25377610325813293,0.1808629184961319,0.2458411604166031,30.166666666666668,30.416666666666668,0.21154730021953583
Masaka,2023,0.2447307954231898,0.20058858891328177,0.26164668798446655,0.2295845995346705,0.2422390878200531,0.21822100381056467,0.25412022074063617,0.2184800406297048,0.24705159664154053,0.20748179157574972,0.25890911122163135,0.22266862293084463,0.2394175479809443,0.22652935485045114,0.250471368432045,0.21453498303890228,0.24145597716172537,0.19803954164187113,0.2623291611671448,0.2339426428079605,0.23394183069467545,0.2332650882502397,0.23413766796390215,0.23402778059244156,0.2327383135755857,0.12659133115600985,0.09012647994352797,0.1753307431936264,0.27411213517189026,0.19749192893505096,0.2632538378238678,30.25,30.416666666666668,0.2332650882502397
Masaka,2024,0.2541029751300812,0.2003438671429952,0.2718483606974284,0.231570432583491,0.24881105621655783,0.2191139062245687,0.26619962851206463,0.22279817859331766,0.2529813398917516,0.20724665621916452,0.27067827184995014,0.22636596858501434,0.24584391713142395,0.22817586859067282,0.2630188564459483,0.21955224374930063,0.254403089483579,0.19793492058912912,0.27102237939834595,0.23532491425673166,0.23967132593194643,0.2392306923866272,0.23946640888849893,0.23931805913647017,0.2391477214793364,0.13518677200190432,0.09542889304180217,0.19485259056091309,0.298372745513916,0.20859761536121368,0.27515098452568054,30.333333333333332,30.5,0.2392306923866272
Mbale,2020,0.17326126992702484,0.20539794862270355,0.21657611429691315,0.21350784599781036,0.18805484970410666,0.20840765039126077,0.20629232625166574,0.2123112976551056,0.1803693324327469,0.20723948379357657,0.21148520211378732,0.21331713100274405,0.19436320662498474,0.2094933440287908,0.2019819269577662,0.21160895625750223,0.1674384524424871,0.20501292745272318,0.2199114809433619,0.213261678814888,0.20140613491336504,0.20376653100053468,0.20218579471111298,0.2031027873357137,0.204361858467261,0.1078191771932366,0.05630814493513759,0.1611175835132599,0.22413532435894012,0.18485786020755768,0.2197318971157074,30.416666666666668,30.5,0.20376653100053468
Mbale,2021,0.14765043059984842,0.17952670653661093,0.1861537347237269,0.19387978812058768,0.16389374434947968,0.1830210636059443,0.17501935362815857,0.19459772606690726,0.15324370563030243,0.18149607380231222,0.1798493613799413,0.19582851231098175,0.17192599177360535,0.18436594804128012,0.1707486261924108,0.1941019892692566,0.14409589767456055,0.1795202245314916,0.18907504777113596,0.19317168494065604,0.17646571372946104,0.17913297191262245,0.17680266499519348,0.17760441328088442,0.1802856388191382,0.17488636867303473,0.09812326620093663,0.1282166987657547,0.21541112661361694,0.14678575098514557,0.20157358050346375,30.416666666666668,30.416666666666668,0.17913297191262245
Mbale,2022,0.13508680711189905,0.18927190701166788,0.16963163514931998,0.1970084309577942,0.14607524375120798,0.18537201980749765,0.15460733075936636,0.19742789367834726,0.13684475918610892,0.18864279488722482,0.16236318896214166,0.19853931665420532,0.1525218884150187,0.1830866535504659,0.14822535713513693,0.19694209595521292,0.1359295646349589,0.18996673822402954,0.1737953076759974,0.1947786509990692,0.17361756538351378,0.17087062199910483,0.17274969505767027,0.17159751492242017,0.1701939987639586,0.19437512166576165,0.16975189164927434,0.10886166244745255,0.21463830769062042,0.12552036345005035,0.20556776225566864,30.083333333333332,30.416666666666668,0.17087062199910483
Mbale,2023,0.13348877181609473,0.1715258260567983,0.17865086098512015,0.19140134255091348,0.15548150738080344,0.17561368147532144,0.16099164883295694,0.18300531804561615,0.14526602377494177,0.1747423162062963,0.16869335869948068,0.18690724670886993,0.164254700144132,0.17673067251841226,0.1541975885629654,0.17965501050154367,0.12546048561731973,0.1703441540400187,0.18464078505833945,0.19387125968933105,0.16857917110125223,0.16877303893367449,0.16876670035223165,0.16890223634739718,0.16870949293176332,0.20685978790587684,0.13685987908809102,0.08449622988700867,0.20921064913272858,0.12045459449291229,0.19705034792423248,30.333333333333332,30.416666666666668,0.16877303893367449
Mbale,2024,0.17550168434778848,0.19144238531589508,0.21319459875424704,0.19318527976671854,0.18122204144795737,0.19646131992340088,0.20186233520507812,0.19443968931833902,0.1779008756081263,0.1935584992170334,0.208074281613032,0.19412652651468912,0.18383601804574332,0.19874921441078186,0.19686764975388846,0.1948053389787674,0.17352711657683054,0.19115927815437317,0.21477283537387848,0.19364955524603525,0.19327719633777937,0.19349634647369385,0.19333098704616228,0.19341504573822021,0.19356455529729524,0.09838256583693653,0.060402462997187545,0.16531860828399658,0.23272323608398438,0.17661723494529724,0.2154829055070877,30.5,30.5,0.19349634647369385
Mbarara,2020,0.2274345556894938,0.17193574210007986,0.22874981661637625,0.2395967791477839,0.23137781023979187,0.18591628472010294,0.22801401217778525,0.2215095063050588,0.23063990473747253,0.17590409020582834,0.22883244852224985,0.23175502816836038,0.23240396877129874,0.19325247406959534,0.22748215993245444,0.21337220072746277,0.22553319235642752,0.17218422889709473,0.2262134850025177,0.243843341867129,0.21694356203079224,0.21670440336068472,0.21692922338843346,0.21678286790847778,0.2166277008752028,0.13692215820954723,0.10139194104036081,0.15967118740081787,0.2582789361476898,0.17560896277427673,0.24324266612529755,0.0,0.0,0.21670440336068472
Mbarara,2021,0.22125740349292755,0.1590634137392044,0.22522206604480743,0.2191642423470815,0.2252370019753774,0.17573252816994986,0.2247211386760076,0.20568122963110605,0.22403539220492044,0.16405950486660004,0.22486707071463266,0.21391704181830087,0.22650107741355896,0.18434723218282065,0.22456468641757965,0.19931614895661673,0.219309131304423,0.15869057178497314,0.2237744927406311,0.22210647662480673,0.2059701681137085,0.20784297461311022,0.20617678140600523,0.2067197524011135,0.20868228624264398,0.14357337264321718,0.11067708152712828,0.14637678861618042,0.23187567293643951,0.16514542698860168,0.2328227013349533,0.0,0.0,0.20784297461311022
Mbarara,2022,0.2231480876604716,0.15276377151409784,0.21129585802555084,0.2350928783416748,0.22156684597333273,0.16603353122870126,0.21144996583461761,0.2152621994415919,0.22302058835824332,0.15579608579476675,0.2119812915722529,0.22787472108999887,0.22057643036047617,0.17336387932300568,0.2112099826335907,0.20565082132816315,0.22367777427037558,0.15272916853427887,0.21013628939787546,0.23823364078998566,0.2061942182481289,0.20357813561956087,0.20557514888544878,0.20466817170381546,0.20270027841130892,0.18879183702858893,0.13181050835062746,0.12224188446998596,0.2557185888290405,0.14996497333049774,0.24453212320804596,0.0,0.0,0.20357813561956087
Mbarara,2023,0.2289317101240158,0.15291749437650046,0.23066239058971405,0.23028534154097238,0.23393607139587402,0.1737756629784902,0.23034843305746713,0.20638861755530039,0.23471918205420175,0.15997192760308585,0.23051396012306213,0.21866799890995026,0.23437858124574026,0.18415388961633047,0.23021334409713745,0.19626613954703012,0.2253819058338801,0.15046813587347665,0.22921444972356161,0.23663767675558725,0.21042554204662642,0.21111219624678293,0.21069923415780067,0.210968267172575,0.21125298862655958,0.18767654977127793,0.14210493529363424,0.13877466320991516,0.2571268081665039,0.15143156051635742,0.2401491403579712,0.0,0.0,0.21111219624678293
Mbarara,2024,0.2325119972229004,0.16790560384591421,0.226312925418218,0.21857576072216034,0.23190577824910483,0.18174959222475687,0.2282355080048243,0.20486736794312796,0.23391310373942056,0.17176791032155356,0.2277530630429586,0.21209863324960074,0.23080108563105264,0.1890477736790975,0.2287971576054891,0.19896699488162994,0.23154411216576895,0.16754004855950674,0.22325592736403146,0.2224019169807434,0.21118550126751265,0.2116895616054535,0.21132657180229822,0.21138317758838335,0.2119032529493173,0.1408804858334174,0.10850111266290356,0.15886850655078888,0.2490299493074417,0.17457623779773712,0.23397381603717804,0.0,0.0,0.2116895616054535
Soroti,2020,0.22856812179088593,0.2556080420811971,0.25928551455338794,0.2688954373200734,0.24468622108300528,0.2583024303118388,0.2524984876314799,0.26668595274289447,0.23696190615495047,0.25741058588027954,0.2549578050772349,0.26874659458796185,0.2512347350517909,0.2591974337895711,0.25013765692710876,0.2652873992919922,0.221460888783137,0.25531795620918274,0.263158917427063,0.26821422576904297,0.25203799704710644,0.2555432729423046,0.2530892789363861,0.2545192229251067,0.25646430626511574,0.0860954488055236,0.04288379700471325,0.20334018766880035,0.27889755368232727,0.2399296760559082,0.27108895778656006,0.0,0.0,0.2555432729423046
Soroti,2021,0.18078921238581339,0.22645292182763418,0.22738873461882272,0.24433006842931113,0.20427442093690237,0.23033744096755981,0.21307804683844248,0.24318483968575796,0.19013230999310812,0.22955564657847086,0.21837660173575082,0.2452699989080429,0.2152596910794576,0.23137575387954712,0.20804365475972494,0.24195139110088348,0.17477135360240936,0.22503431141376495,0.23291829725106558,0.24384345610936484,0.21914185459415117,0.22271868710716566,0.21974023431539536,0.22083363930384317,0.22415762270490328,0.1774554509183533,0.10228569587216713,0.15778636932373047,0.26615697145462036,0.17806915938854218,0.25359490513801575,0.0,0.0,0.22271868710716566
Soroti,2022,0.17232917249202728,0.23840132852395376,0.21642583111921945,0.2558068831761678,0.1877683401107788,0.2348960687716802,0.19513947268327078,0.25300729274749756,0.17635874450206757,0.2385733425617218,0.20551177362600961,0.25607189536094666,0.19604633748531342,0.232473224401474,0.18640559911727905,0.25100837151209515,0.17244277894496918,0.23867294689019522,0.2231477896372477,0.2539428224166234,0.2220515844722589,0.21770279357830682,0.22074080382784209,0.2191289390126864,0.2164833831290404,0.19885625594609047,0.17659306914560247,0.1415071338415146,0.2656460404396057,0.15461620688438416,0.25853437185287476,0.0,0.0,0.21770279357830682
Soroti,2023,0.18627709647019705,0.2473493367433548,0.23662816981474558,0.25247688591480255,0.20867409805456796,0.2471903661886851,0.21580604215463003,0.24906439085801443,0.19680326183636984,0.24949800968170166,0.225044384598732,0.2505113482475281,0.21834235390027365,0.24601005017757416,0.20771651963392893,0.24777216215928397,0.1790114144484202,0.24655989309151968,0.2421735723813375,0.25378205875555676,0.23038173466920853,0.23018372431397438,0.230682872235775,0.2304642510910829,0.22996027146776518,0.17412131515201373,0.1261909676048693,0.13601581752300262,0.2650209069252014,0.16937796771526337,0.2520560324192047,0.0,0.0,0.23018372431397438
Soroti,2024,0.21773559351762137,0.25497572620709735,0.2539123793443044,0.2546626925468445,0.23101334273815155,0.25375065207481384,0.2391614466905594,0.25614091753959656,0.22418116529782614,0.25511789321899414,0.24585971236228943,0.2557580868403117,0.23664239048957825,0.2528628508249919,0.23347871005535126,0.2565786838531494,0.21273513634999594,0.25516564150651294,0.25793377061684925,0.2560143669446309,0.24546222885449728,0.24501658976078033,0.2453215979039669,0.24522921442985535,0.24489065880576769,0.10804964599662063,0.06875684556822946,0.19570499658584595,0.288070946931839,0.21319906413555145,0.26126882433891296,0.0,0.0,0.24501658976078033
Tororo,2020,0.21869550148646036,0.2474888265132904,0.2591875692208608,0.2714219292004903,0.23723903795083365,0.25169436633586884,0.24911084274450937,0.26480849583943683,0.22801604866981506,0.24977691968282065,0.2538562665383021,0.26888540387153625,0.24494112034638724,0.2533540079991023,0.24505867063999176,0.2616677979628245,0.21115790804227194,0.2472104330857595,0.26278088490168255,0.2720635036627452,0.24830318242311478,0.25071318571766216,0.24919845660527548,0.2501336596906185,0.25125539923707646,0.10011760232577982,0.05385241515643682,0.20375196635723114,0.2727477550506592,0.2295130491256714,0.2706409990787506,30.166666666666668,30.5,0.25071318571766216
Tororo,2021,0.19544499119122824,0.23121449848016104,0.23144358893235525,0.24791795015335083,0.21406979858875275,0.23453640441099802,0.21893168985843658,0.24565219382445017,0.2022263159354528,0.2338807781537374,0.2237980216741562,0.24791852633158365,0.22309566537539163,0.23541786770025888,0.21441320578257242,0.24414138992627463,0.19087669253349304,0.2306604286034902,0.23543090124924979,0.24862185617287955,0.22639746963977814,0.2282975216706594,0.22650525718927383,0.2269559105237325,0.2292670321961244,0.13589177857366502,0.08394332295456382,0.17348667979240417,0.26640546321868896,0.19073162972927094,0.25130972266197205,30.333333333333332,30.416666666666668,0.2282975216706594
Tororo,2022,0.19922050336996713,0.24248961607615152,0.2311082532008489,0.26675934592882794,0.20950058102607727,0.24139229456583658,0.21512220799922943,0.2613601088523865,0.2009329249461492,0.24325166642665863,0.22364312907059988,0.265441636244456,0.21549774706363678,0.24027971923351288,0.20819740494092306,0.2584194839000702,0.20211445291837057,0.24258356789747873,0.23378627995649973,0.2664024730523427,0.23622169345617294,0.23184379811088243,0.23489442964394888,0.23331733917196593,0.23059858878453574,0.15456815882393127,0.13329089765546293,0.16545237600803375,0.2793188691139221,0.18164879083633423,0.2636256515979767,29.916666666666668,30.416666666666668,0.23184379811088243
Tororo,2023,0.18823616206645966,0.22521949311097464,0.23056873182455698,0.2659628490606944,0.2179097980260849,0.22824738919734955,0.2133225053548813,0.252561017870903,0.204340398311615,0.22754200299580893,0.2198508083820343,0.26013795534769696,0.22964010139306387,0.2291047324736913,0.20718399186929068,0.246538907289505,0.1778778930505117,0.22458669046560922,0.23736336827278137,0.2688064177831014,0.22715859239300093,0.2280101776123047,0.2274968090156714,0.2279677912592888,0.2281169332563877,0.1888300222094756,0.12482042977987054,0.1307198852300644,0.2837577760219574,0.17221182584762573,0.2692996561527252,30.083333333333332,30.416666666666668,0.2280101776123047
Tororo,2024,0.22325012584527335,0.22237752874692282,0.25111467639605206,0.23951906462510428,0.2346258113781611,0.23026329775651297,0.24429645637671152,0.23574241499106088,0.22857646147410074,0.22532680133978525,0.24704949061075845,0.23802796999613443,0.2395464281241099,0.23404583831628165,0.24178356925646463,0.23397019505500793,0.2204500436782837,0.22217417260011038,0.25211599965890247,0.24039817353089651,0.23378459736704826,0.23623199512561163,0.2340653489033381,0.23474518085519472,0.23733650768796602,0.08255389271365031,0.042984484017206344,0.2064249962568283,0.2736779451370239,0.22291626036167145,0.25720563530921936,30.333333333333332,30.5,0.23623199512561163
