district,clim_annual_mean,clim_annual_std,clim_MAM_mean,clim_MAM_std,clim_SON_mean,clim_SON_std,clim_DJF_mean,clim_DJF_std,clim_JJA_mean,clim_JJA_std
Agago,1218.6060571670532,113.60980891086085,355.49639892578125,59.15508305003673,303.30570220947266,65.49549466018121,60.036057472229004,24.994597617652797,499.7678985595703,67.03338794403409
Amuru,1425.7735567092896,117.5305734039291,406.83184814453125,61.39955511453957,457.7815170288086,66.68954720712095,76.85605335235596,31.398610888590817,484.30413818359375,67.89817261141154
Gulu,1437.920838356018,113.25617390040782,417.9989929199219,64.29430683456573,431.14239501953125,60.458404379023605,62.57363986968994,24.321078863713115,526.205810546875,66.68185283920684
Kitgum,1137.3816862106323,112.02314446107648,331.0772285461426,61.678649100356324,287.2655944824219,60.60743064119656,54.9249792098999,19.57118039677998,464.11388397216797,68.4736254995423
Lamwo,1155.4793243408203,95.66690321133689,339.865966796875,54.0484408393317,314.24703216552734,52.715992601689805,55.43004608154297,18.535806448794503,445.936279296875,55.75276151183882
Nwoya,1362.2758750915527,107.15567061774549,384.96468353271484,53.90806681712638,461.25508880615234,64.83022080624947,85.62249374389648,34.90282260116856,430.43360900878906,56.17021917585241
Omoro,1492.2435722351074,119.97930601330475,434.5471496582031,68.91589405867474,456.03868103027344,64.69053795278492,80.24163436889648,30.97245682246711,521.4161071777344,67.0930297071719
Pader,1344.581943511963,112.55184321466787,395.03367614746094,61.34984006084863,372.5477828979492,65.09111322645109,65.11938095092773,26.166744887681645,511.881103515625,63.1075508671647
Buhweju,1232.8756198883057,117.94508426922731,370.7223587036133,61.72737852518193,455.8041229248047,62.51885330232661,233.8157615661621,58.354468103583336,172.5333766937256,52.79131252198678
Bushenyi,1272.9377555847168,119.99312595417044,347.9741668701172,58.14249157586428,490.28900146484375,66.4378031764601,255.40158081054688,59.035935255198616,179.27300643920898,55.84422626587202
Ibanda,1022.769208908081,89.04126300728004,315.87095642089844,46.166112330262685,370.7296905517578,48.05571523810505,168.84645080566406,38.68407005122468,167.32211112976074,44.623172763344414
Isingiro,828.9769163131714,75.2337696413452,285.2614517211914,39.17712117276279,280.92562103271484,44.74701221133694,194.0633201599121,40.49187141271003,68.72652339935303,21.986052822566304
Kiruhura,942.4559116363525,83.35280383844221,296.6404724121094,37.80248982340286,351.122802734375,53.90222094746598,192.45597076416016,39.830137592614676,102.23666572570801,32.043289268820274
Mbarara,837.6147718429565,83.46434044730474,252.86578369140625,39.18970397715771,319.7439193725586,51.81926666814167,174.05357360839844,41.26458658442982,90.95149517059326,32.28716036566943
Mitooma,1148.9394340515137,103.89760961429266,325.4700241088867,48.74808858819947,418.4988555908203,56.59230941903657,241.89754486083984,49.026790988421375,163.0730094909668,53.02849632564256
Ntungamo,1020.449104309082,102.6981822084432,278.7740173339844,43.80183487897717,371.84688568115234,49.42661042425431,229.38673400878906,49.11484999171632,140.44146728515625,61.42521943317434
Rubirizi,1188.0438499450684,107.70341964207402,344.42604064941406,53.54755433336268,455.4773712158203,57.239206901553736,211.46092224121094,50.68975273951169,176.67951583862305,53.7299561511133
Sheema,1054.1664447784424,102.37970478987856,319.0005874633789,52.256643198567986,380.04681396484375,56.259597266823334,227.1818733215332,51.788982289360405,127.93717002868652,43.63033604371389
Budaka,1339.116039276123,123.19730992367307,460.61700439453125,66.5088727366862,367.1141815185547,67.1066676223297,153.1021385192871,58.03034159167376,358.28271484375,53.69657004972162
Busia,1587.623405456543,140.59185435034075,588.1754608154297,72.38879055338619,510.7697448730469,82.88765347276977,225.9746856689453,76.77974479452064,262.7035140991211,41.95760006186876
Butaleja,1053.5840454101562,93.26001325062664,393.47467041015625,53.07077664382095,264.7449188232422,49.34359680636415,126.66598510742188,44.40610943564266,268.69847106933594,38.395698156556854
Kibuku,1363.5597457885742,131.75101055352053,483.12442779541016,69.20671073330692,399.16468811035156,77.18628586572024,147.1791000366211,58.180293985915405,334.0915298461914,56.798685172440685
Pallisa,1351.0048141479492,135.77860201090624,500.1856002807617,80.91585629534234,366.79695892333984,70.9311343549478,148.38671875,54.564720186366124,335.63553619384766,62.28899143613974
Tororo,1537.9419555664062,146.99620665706547,567.8439331054688,77.24734576270095,441.40039825439453,82.75436386195344,223.8993682861328,80.68086996520223,304.79825592041016,47.7812183566511
Buliisa,1050.0716133117676,79.56390098628451,352.14686584472656,45.56392801351906,353.3833694458008,46.68775058584543,87.7889518737793,29.666532208484377,256.75242614746094,34.56144696176632
Hoima,1177.681785583496,87.04676097827247,405.3052444458008,46.902482615113236,385.6904830932617,51.24758811234471,105.88884735107422,34.15783914348449,280.7972106933594,39.802292133278
Kagadi,1188.315330505371,92.80758028459776,394.7976303100586,49.86076586277064,417.6768341064453,56.084306644812614,136.08562850952148,38.339017720017914,239.7552375793457,38.88214570075584
Kakumiro,1253.7960815429688,99.5395434539154,413.84339141845703,52.86125829911983,448.3299102783203,62.626254571875585,142.48159408569336,37.53923474516265,249.14118576049805,42.22044735781293
Kibaale,1311.1786804199219,102.55824095648434,427.20262908935547,54.30925883306923,452.7410430908203,59.62235332300947,166.73566818237305,43.33939620739295,264.49934005737305,46.21221606562304
Kiryandongo,1323.5024547576904,103.46988292798122,430.5770034790039,58.933332328737855,434.4478454589844,59.67486991741111,111.40028953552246,38.84150543316977,347.0773162841797,46.50942237639365
Masindi,1301.1255836486816,95.24171630472405,434.7767639160156,56.17635517859146,428.88500213623047,52.12202012778108,123.74042129516602,36.93918820564282,313.72339630126953,42.82514490373108
Bugiri,1413.8966102600098,113.1276709827207,517.8179779052734,56.65782076974469,421.6125030517578,64.20770479567493,202.00700759887695,60.88090155447831,272.45912170410156,41.936234432571275
Buyende,1249.006435394287,112.08680049725504,481.5903015136719,67.92545742418194,359.8374481201172,59.133769313310275,145.22909927368164,46.40679476037905,262.3495864868164,47.94986763584816
Iganga,1347.9309997558594,103.3011747327468,487.47731018066406,60.36080248310758,400.7386169433594,52.3877879621235,181.17901611328125,49.897451648198725,278.5360565185547,42.349382713470796
Jinja,1324.5409469604492,104.20680105854713,474.020751953125,59.19144575322316,403.5633316040039,56.548677542360046,189.003662109375,51.540787169269095,257.9532012939453,38.74563798263169
Kaliro,1334.0914573669434,113.60119673798341,507.1872024536133,67.29741978765048,369.48937225341797,60.16029446276834,154.78777694702148,47.66184910342116,302.6271057128906,49.85354852387619
Kamuli,1324.1209106445312,103.67255938853238,513.5060424804688,62.99527539459239,393.9006576538086,57.83957635145574,145.46676635742188,41.70148943763825,271.24744415283203,41.17236979206933
Luuka,1345.5965576171875,104.39423932090241,479.5160827636719,61.08200560997256,408.64015197753906,55.755078627863504,175.88805389404297,47.92661918638301,281.5522689819336,41.970896757364045
Mayuge,1278.8711280822754,102.14132026858658,464.2310485839844,60.16414720430999,387.1208801269531,52.85820264048288,191.42106246948242,51.87115577880623,236.09813690185547,36.44884510072385
Namayingo,1388.7423973083496,124.0783704580417,541.2570495605469,70.18043900431553,423.07667541503906,65.71523688126054,200.00833892822266,68.82229818523835,224.40033340454102,37.618438442159416
Namutumba,1375.9727172851562,114.03171972272764,501.86580657958984,61.58462747772551,388.7345962524414,61.56201565073231,182.46631622314453,55.35776316512845,302.90599822998047,48.54073596192199
Bududa,1628.0988807678223,165.3962043527469,538.964111328125,88.62316072671491,455.92393493652344,99.39243442437738,171.8895149230957,70.82922576722413,461.3213195800781,67.86902499309906
Bukwo,1424.6191787719727,161.25984192211686,431.3395538330078,75.12920329276871,395.57901763916016,106.65341863188176,141.09243774414062,56.470906322168005,456.60816955566406,76.13425288676216
Bulambuli,1507.2803039550781,143.3255189677848,493.54246520996094,76.83263071809439,409.7333984375,82.11347095557625,134.43890380859375,50.761555129378245,469.56553649902344,72.93554450881005
Kapchorwa,1797.9484558105469,176.4365145170811,548.6669692993164,87.66430017337066,536.9942932128906,113.20833379894837,155.66869354248047,58.3499761871972,556.6184997558594,84.99392665048916
Kween,1150.2905006408691,120.06291808771485,383.60118103027344,70.21194088022662,274.0122985839844,61.44554335452596,104.70296096801758,43.16812608555508,387.97406005859375,62.01891445113804
Manafwa,1558.0888633728027,149.05008763286966,542.5566101074219,80.42058287623385,444.13282775878906,86.58007634525109,170.29526138305664,67.03135366369335,401.10416412353516,61.31187877790314
Mbale,1949.167881011963,189.2730103095365,644.4556732177734,102.1410378707296,591.0565948486328,110.18187977589714,206.83211135864258,83.20705644165902,506.82350158691406,79.54885254790543
Sironko,1665.0650482177734,152.90026766794674,515.3032379150391,77.44110963665918,493.6613540649414,91.58768016132828,161.01360321044922,60.78330813315944,495.08685302734375,72.79047112245067
Abim,1186.687587738037,126.35298945159208,368.7107162475586,65.03119564241977,301.3356704711914,77.50703602385802,65.6849479675293,28.11792467644479,450.9562530517578,70.27135415912814
Amudat,975.2217245101929,118.88551739885614,333.9163055419922,67.02951749171005,247.35912322998047,70.09006785926991,67.71331691741943,31.7811727756596,326.2329788208008,60.976630576876545
Kaabong,832.6118445396423,134.23317432557195,254.1485252380371,56.19271043461061,167.42491912841797,56.01752300123605,35.02929067611694,15.327063510486878,376.0091094970703,107.18228689705629
Kotido,910.6286668777466,118.5440509610316,281.08394622802734,53.14728269294826,200.58920288085938,60.38970550274467,43.7147798538208,18.955574670460948,385.24073791503906,84.981339238752
Moroto,821.0935001373291,115.76399612286725,313.3993835449219,77.08173313093674,169.59435653686523,53.27516262626624,52.86237907409668,24.727498432471258,285.2373809814453,63.324695690412064
Nakapiripirit,1251.1885013580322,137.1181127739222,411.05078887939453,74.68453946225682,348.32542419433594,86.59823980243448,98.7248477935791,42.423290877521055,393.08744049072266,62.64667325751579
Napak,896.8624505996704,101.54868921256107,296.5818977355957,57.84760611673155,207.0005989074707,54.8920931350214,54.09359073638916,24.808367575884215,339.18636322021484,57.76844949302996
Kabale,1000.5234813690186,97.70059312621952,365.4513244628906,62.71156319210041,342.306884765625,48.129828007938464,212.89036178588867,46.9684299167262,79.87491035461426,33.01744972438258
Kanungu,1092.3382511138916,95.73222300574253,316.75450134277344,41.620969087363534,399.8475570678711,51.18682402502452,213.19120407104492,41.56947338289658,162.54498863220215,55.53594676198267
Kisoro,1260.154592514038,115.88265930707074,379.37957763671875,45.63102560928693,410.4447708129883,53.50256005215626,298.127685546875,70.42397766059322,172.20255851745605,59.36783361593135
Rubanda,1120.9793243408203,98.02756183904093,356.0054244995117,48.1363590767494,398.4702911376953,53.36210905601549,238.39385223388672,51.02488299176305,128.10975646972656,42.90967778615963
Rukungiri,1133.9733848571777,100.4488699113891,326.9974365234375,46.55536510146072,405.8276138305664,54.78163466690542,241.40132904052734,46.39554607599536,159.74700546264648,52.62128138193483
Alebtong,1405.1541576385498,138.50699588019253,424.2862777709961,71.55402066137925,371.5039749145508,75.66661058995258,82.39359855651855,32.45048362245839,526.9703063964844,85.35654743160374
Amolatar,1103.088207244873,92.5471901471098,377.5447006225586,54.82521682083267,364.36280059814453,54.84638910442924,93.63373184204102,29.488224873129376,267.5469741821289,41.00605078169909
Apac,1247.337438583374,104.3220950265697,410.9770050048828,61.11428662609696,395.7754211425781,57.13495698739386,104.5362606048584,37.98181096354928,336.0487518310547,49.40771404238172
Dokolo,1343.7230339050293,126.98174147985996,423.0899429321289,63.1046594199563,422.3636932373047,75.7870841852272,102.77139663696289,37.459449586254784,395.4980010986328,70.67723916612357
Kole,1373.7518157958984,115.87145789700607,417.2255172729492,60.66719505196344,416.42308807373047,68.60827204817234,91.85847473144531,35.803961656716304,448.24473571777344,61.29165959535632
Lira,1288.7140274047852,111.65787793697663,395.4984359741211,63.35827427579309,366.30919647216797,61.64465001421742,74.69725799560547,29.303932174876376,452.2091369628906,61.5989242592518
Otuke,1340.7040271759033,133.0965354867778,401.4327621459961,68.74132898129359,344.1426544189453,76.18479942242351,72.67470741271973,28.393379867802935,522.4539031982422,79.86870328931359
Oyam,1344.8377094268799,119.04368183298463,406.27684020996094,62.77490776835385,457.1007080078125,81.08061868710064,79.55298042297363,28.879480477313702,401.9071807861328,53.12831655252204
Buikwe,1319.4656372070312,128.2296654962768,473.8937530517578,67.38883734275123,379.5106658935547,78.49929509721622,234.35986328125,63.25217720456976,231.70135498046875,41.696696068167434
Buvuma,1442.553596496582,137.64943106730337,591.8919677734375,84.65061840834929,357.0946502685547,69.83759967068039,280.7971649169922,74.09135803703744,212.76981353759766,37.61407997946575
Kayunga,1282.5394744873047,106.14646182140768,466.14173126220703,56.61281932039276,393.93359375,65.30205578867474,163.12734985351562,46.737334324960855,259.33679962158203,40.16619394179355
Kiboga,1203.4435958862305,109.15368051183385,419.6200408935547,57.36611172237067,405.010498046875,73.3674965610626,158.1417465209961,39.8641384937588,220.6713104248047,40.64131033380777
Kyankwanzi,1122.3935222625732,98.52187892987028,376.9679412841797,51.04652765280145,389.7086410522461,66.65430895350973,124.17539024353027,35.55128362639336,231.5415496826172,37.337942805002015
Luwero,1231.2925148010254,113.10297279504907,452.1917190551758,66.8244284889936,377.7520065307617,67.38804442453076,166.68720626831055,46.236854671278614,234.66158294677734,40.592892862439854
Mityana,1272.3391380310059,110.9759691083052,455.5264587402344,61.93496936621199,406.52896881103516,65.86195412253393,205.01388931274414,51.25543623337048,205.2698211669922,38.92054142508837
Mubende,1209.4096336364746,100.03130126070003,368.7298812866211,44.46790346263214,455.0535430908203,66.35396120642139,164.78500747680664,37.108768196939565,220.84120178222656,47.42317944496646
Mukono,1397.945468902588,133.99795827677147,501.86558532714844,72.96533668675231,404.8762512207031,78.0061446229137,241.05366897583008,64.57048704571231,250.14996337890625,48.75660025351269
Nakaseke,1246.3090209960938,107.80890014169792,446.0867156982422,60.588308370316575,399.8014373779297,67.77293686923112,149.0558624267578,42.22805506247465,251.36500549316406,39.69176529641685
Nakasongola,1143.0387878417969,99.49001695287161,404.6541519165039,62.05875585581531,365.8857955932617,53.10596909540666,126.14902877807617,41.40999870552394,246.34981155395508,38.8837028658178
Bukomansimbi,1067.9472255706787,97.11667004861648,397.0757598876953,45.46175700405686,335.8292694091797,59.74592398857868,199.1776885986328,50.18738180423938,135.8645076751709,35.72852537990354
Butambala,1320.3162422180176,124.32560308675151,467.11524963378906,60.328811207274875,393.1205825805664,74.45043721455441,248.09396362304688,64.97104080772803,211.98644638061523,45.312099665803316
Gomba,1176.6146926879883,111.04967122253984,379.3420715332031,41.53878323442864,400.7677688598633,74.41297355331677,224.29744720458984,57.11012502716986,172.20740509033203,42.51707836119211
Kalangala,2055.9305725097656,197.54562115091764,926.5799560546875,134.2899396437284,419.69573974609375,90.12829325872873,387.9141540527344,88.24808491856227,321.74072265625,71.27166904780943
Kalungu,1142.506052017212,112.89002919565341,444.8728332519531,58.929190204084776,340.83241271972656,69.33220780468262,223.5689697265625,57.14973885803758,133.23183631896973,34.618803316589315
Lwengo,1055.507230758667,93.31527372501904,414.1900100708008,57.34934514234537,323.5746154785156,52.164639432899925,207.78673934936523,42.11054483633289,109.95586585998535,30.40304801400864
Lyantonde,957.8528594970703,83.89362192973695,331.46131134033203,45.54408982040558,325.97264099121094,51.23606748124426,180.7356948852539,34.28517782325475,119.68321228027344,34.106709803287316
Masaka,1209.512300491333,110.02961372501878,543.4096221923828,69.50928188000385,307.8219757080078,59.62959693310789,227.44691848754883,52.849768767233186,130.83378410339355,30.433349139522633
Mpigi,1365.7512855529785,127.01331958740872,493.59361267089844,67.28084391854429,397.42549896240234,73.00230784682383,248.81185913085938,64.92434921690993,225.92031478881836,45.40003658610855
Rakai,1075.1218643188477,91.99451647157896,439.69085693359375,56.83163070191647,330.6307907104492,54.30748730724163,211.7744903564453,40.21888756142762,93.02572631835938,25.81268522055833
Ssembabule,962.1287384033203,89.80207394686117,344.67015838623047,43.02111666956356,322.53382110595703,59.86951892656297,178.73678970336914,39.294199587066615,116.18796920776367,32.94241320812753
Wakiso,1255.5825004577637,121.03080798322878,472.68080139160156,67.44767625740255,348.14562225341797,67.04499066342356,223.77231979370117,61.656109673858026,210.98375701904297,42.45893092597189
Amuria,1343.4522094726562,144.66669735713444,416.9744873046875,72.92441208095771,366.6400375366211,80.25160290471696,90.98348236083984,40.505495687754355,468.8542022705078,86.77251003157818
Bukedea,1375.357521057129,136.99051107972414,468.96988677978516,76.61243037498846,363.0563049316406,74.77293138332536,120.12518310546875,47.3447674673021,423.2061462402344,71.16471993715133
Kaberamaido,1339.8100337982178,135.25512385262456,428.5087356567383,72.24854202686336,439.0594253540039,82.58881548617005,111.55568504333496,41.590738624073225,360.6861877441406,67.25618722970216
Katakwi,1196.1660499572754,136.11713061624607,384.3090133666992,73.82971559954662,310.73961639404297,77.85903340372323,76.93161392211914,36.18669442816698,424.18580627441406,75.53502767253508
Kumi,1258.8098106384277,133.19466847054173,487.2272720336914,80.28972126304832,300.3640365600586,63.46894529702739,112.91133499145508,53.01595581767141,358.30716705322266,66.74864627916577
Ngora,1280.8545017242432,131.171048821389,489.9612503051758,80.37913576520164,331.01175689697266,63.965623226651616,108.18913459777832,47.27724447981377,351.6923599243164,66.47029247840325
Serere,1361.1182708740234,135.88858580061387,499.1354675292969,82.1649830001549,399.2982940673828,72.26111608313661,119.01754760742188,42.409152404189825,343.6669616699219,68.51582455354904
Soroti,1396.8021411895752,147.62039766858936,480.2476272583008,78.1793413680295,401.0349884033203,86.3952167515741,104.3311710357666,43.975820188794444,411.1883544921875,79.25759365679058
Bundibugyo,1244.9109802246094,99.41577742070062,375.4974899291992,45.683824791846725,335.6159896850586,42.04775695101688,205.9200210571289,46.971066211252065,327.87747955322266,61.823862924574065
Kabarole,1352.9764442443848,108.34560466144137,416.4283905029297,54.64392083759311,520.7818298339844,70.90653831091726,186.9038429260254,43.47826774999086,228.8623809814453,42.833573551254524
Kamwenge,1110.4748191833496,94.73219653220977,344.3078308105469,46.842266365713165,419.3435516357422,60.7189424629402,160.30326461791992,40.39751972965691,186.52017211914062,38.226189548723454
Kasese,1090.8292083740234,87.23528385738116,358.2865219116211,47.295959808703216,370.48436737060547,46.437449789577165,173.73187255859375,37.22888501935731,188.32644653320312,42.78621638690864
Kyegegwa,1117.6457710266113,92.70201949785833,348.4280471801758,48.207297343228774,410.89402770996094,55.769687388018816,151.5788116455078,34.30205020979418,206.7448844909668,44.52900427687831
Kyenjojo,1212.546474456787,96.54393223437793,369.25474548339844,51.48717130328078,453.6345977783203,60.144737817324156,150.44892501831055,36.13202280291418,239.2082061767578,41.79580700881139
Adjumani,1378.7280006408691,111.78877387589473,401.65807342529297,59.63522924839627,427.1181640625,60.793902727221806,71.22800827026367,28.364698607877834,478.7237548828125,66.63268463182685
Arua,1289.769347190857,104.81448374422368,352.59471130371094,55.587312263547766,440.1048889160156,58.029837477698074,78.91528987884521,31.738643119032737,418.15445709228516,59.34073822558653
Koboko,1391.1011009216309,114.63248895043357,374.0228576660156,55.11413866377177,456.5039520263672,68.52168920392991,73.45934677124023,24.56924822151259,487.1149444580078,69.312115772003
Maracha,1387.1041660308838,111.04987965680127,358.4449234008789,51.72702760778606,473.83609771728516,66.44492608853582,83.89950752258301,34.16331527061129,470.9236373901367,63.83047918873248
Moyo,1286.7596673965454,108.40650091879598,344.33311462402344,53.72222094132982,415.5060729980469,66.44793664563947,55.534485816955566,20.533723422914115,471.38599395751953,63.473855535300586
Nebbi,1025.2475690841675,78.99063773617029,293.59362030029297,37.36667713496741,358.85562896728516,48.45270858027837,72.84253978729248,26.558675938898507,299.9557800292969,42.3110393805823
Yumbe,1239.7896814346313,100.80776244900785,342.4830322265625,53.61469164246198,409.87467193603516,59.3992224902151,56.18775272369385,20.10346325472389,431.24422454833984,57.92454525314122
Zombo,1339.4250812530518,100.77614363763699,359.0475082397461,46.81265312925243,458.8125686645508,54.05840269162366,101.27592658996582,35.62355199607348,420.28907775878906,61.42522507152287
