district,lat,lon,clay,sand,silt,soc,bdod,cec,phh2o,yield_source,rainfall_source,temperature_source,soil_source,soil_moisture_source,yield_granularity,is_proxy,is_imputed,data_quality_score,data_quality_note
Agago,2.7930061395530275,33.31204317423587,34.016666666666666,38.75,27.23333333333333,21.333333333333336,1.2983333333333333,22.0,6.2,,,,SoilGrids_v2.0,,district,False,False,F,SoilGrids v2.0 modelled mean at 0-30 cm depth-weighted average of 0-5/5-15/15-30 cm layers; point prediction at district centroid.
Amuru,2.9832032742483587,31.838702189644742,35.41666666666667,40.45,24.116666666666667,27.35,1.275,20.6,6.1,,,,SoilGrids_v2.0,,district,False,False,F,SoilGrids v2.0 modelled mean at 0-30 cm depth-weighted average of 0-5/5-15/15-30 cm layers; point prediction at district centroid.
Gulu,2.9779834598684705,32.38685513102706,37.516666666666666,37.45,25.033333333333335,23.7,1.3016666666666665,19.65,6.3,,,,SoilGrids_v2.0,,district,False,False,F,SoilGrids v2.0 modelled mean at 0-30 cm depth-weighted average of 0-5/5-15/15-30 cm layers; point prediction at district centroid.
Kitgum,3.307646037563655,33.16950142704869,35.43333333333333,38.266666666666666,26.28333333333333,22.25,1.3033333333333335,21.9,6.2,,,,SoilGrids_v2.0,,district,False,False,F,SoilGrids v2.0 modelled mean at 0-30 cm depth-weighted average of 0-5/5-15/15-30 cm layers; point prediction at district centroid.
Lamwo,3.3860375514530143,32.764728408701686,34.28333333333333,40.516666666666666,25.2,22.066666666666666,1.235,22.083333333333336,6.2,,,,SoilGrids_v2.0,,district,False,False,F,SoilGrids v2.0 modelled mean at 0-30 cm depth-weighted average of 0-5/5-15/15-30 cm layers; point prediction at district centroid.
Nwoya,2.6048242312904546,31.879100533692956,36.33333333333333,44.016666666666666,19.666666666666668,19.25,1.3616666666666666,22.55,6.3,,,,SoilGrids_v2.0,,district,False,False,F,SoilGrids v2.0 modelled mean at 0-30 cm depth-weighted average of 0-5/5-15/15-30 cm layers; point prediction at district centroid.
Omoro,2.679455304659223,32.443382834975075,39.266666666666666,39.666666666666664,21.0,25.016666666666666,1.2583333333333333,18.333333333333336,6.1,,,,SoilGrids_v2.0,,district,False,False,F,SoilGrids v2.0 modelled mean at 0-30 cm depth-weighted average of 0-5/5-15/15-30 cm layers; point prediction at district centroid.
Pader,2.8597845546680296,32.9142194521287,35.06666666666667,39.28333333333333,25.7,23.816666666666666,1.2916666666666665,22.666666666666664,6.316666666666666,,,,SoilGrids_v2.0,,district,False,False,F,SoilGrids v2.0 modelled mean at 0-30 cm depth-weighted average of 0-5/5-15/15-30 cm layers; point prediction at district centroid.
Buhweju,-0.3359757917834646,30.27755849899177,36.483333333333334,33.78333333333333,29.75,40.65,1.1033333333333333,21.316666666666666,5.8,,,,SoilGrids_v2.0,,district,False,False,F,SoilGrids v2.0 modelled mean at 0-30 cm depth-weighted average of 0-5/5-15/15-30 cm layers; point prediction at district centroid.
Bushenyi,-0.4206909534501584,30.13708980539892,36.86666666666667,34.1,29.06666666666667,30.35,1.2116666666666667,23.583333333333336,5.7,,,,SoilGrids_v2.0,,district,False,False,F,SoilGrids v2.0 modelled mean at 0-30 cm depth-weighted average of 0-5/5-15/15-30 cm layers; point prediction at district centroid.
Ibanda,-0.0051880907297385094,30.542685028242975,35.96666666666667,33.33333333333333,30.68333333333333,28.75,1.3116666666666665,27.883333333333333,5.8,,,,SoilGrids_v2.0,,district,False,False,F,SoilGrids v2.0 modelled mean at 0-30 cm depth-weighted average of 0-5/5-15/15-30 cm layers; point prediction at district centroid.
Isingiro,-0.7443276740301492,30.78529201274008,36.35,39.266666666666666,24.383333333333333,19.716666666666665,1.3516666666666666,19.266666666666666,6.0,,,,SoilGrids_v2.0,,district,False,False,F,SoilGrids v2.0 modelled mean at 0-30 cm depth-weighted average of 0-5/5-15/15-30 cm layers; point prediction at district centroid.
Kiruhura,-0.3574551174544705,30.868965556560568,37.08333333333333,38.233333333333334,24.68333333333333,25.083333333333336,1.3316666666666666,20.05,6.2,,,,SoilGrids_v2.0,,district,False,False,F,SoilGrids v2.0 modelled mean at 0-30 cm depth-weighted average of 0-5/5-15/15-30 cm layers; point prediction at district centroid.
Mbarara,-0.5387368894262103,30.643938944381986,36.33333333333333,35.41666666666667,28.25,25.96666666666667,1.3633333333333335,19.916666666666668,6.016666666666667,,,,SoilGrids_v2.0,,district,False,False,F,SoilGrids v2.0 modelled mean at 0-30 cm depth-weighted average of 0-5/5-15/15-30 cm layers; point prediction at district centroid.
Mitooma,-0.6178363077549905,29.997523979096798,34.36666666666667,33.3,32.35,35.83333333333333,1.1233333333333333,21.983333333333334,5.7,,,,SoilGrids_v2.0,,district,False,False,F,SoilGrids v2.0 modelled mean at 0-30 cm depth-weighted average of 0-5/5-15/15-30 cm layers; point prediction at district centroid.
Ntungamo,-0.9433335769230948,30.258978345679758,38.33333333333333,31.18333333333333,30.51666666666667,28.25,1.265,24.116666666666667,6.1,,,,SoilGrids_v2.0,,district,False,False,F,SoilGrids v2.0 modelled mean at 0-30 cm depth-weighted average of 0-5/5-15/15-30 cm layers; point prediction at district centroid.
Rubirizi,-0.2878831110051649,30.11649966665435,38.56666666666667,32.233333333333334,29.2,36.46666666666667,1.1933333333333334,21.2,5.6,,,,SoilGrids_v2.0,,district,False,False,F,SoilGrids v2.0 modelled mean at 0-30 cm depth-weighted average of 0-5/5-15/15-30 cm layers; point prediction at district centroid.
Sheema,-0.6064526724468084,30.30190643685336,36.56666666666667,33.95,29.51666666666667,26.166666666666668,1.2666666666666666,22.35,5.75,,,,SoilGrids_v2.0,,district,False,False,F,SoilGrids v2.0 modelled mean at 0-30 cm depth-weighted average of 0-5/5-15/15-30 cm layers; point prediction at district centroid.
Budaka,1.0887212520432252,34.009018494261014,39.33333333333333,39.03333333333333,21.65,20.583333333333336,1.3066666666666666,22.25,6.1,,,,SoilGrids_v2.0,,district,False,False,F,SoilGrids v2.0 modelled mean at 0-30 cm depth-weighted average of 0-5/5-15/15-30 cm layers; point prediction at district centroid.
Busia,0.44482608327348894,34.032737852243365,45.16666666666667,35.2,19.666666666666668,23.93333333333333,1.31,14.416666666666666,5.616666666666667,,,,SoilGrids_v2.0,,district,False,False,F,SoilGrids v2.0 modelled mean at 0-30 cm depth-weighted average of 0-5/5-15/15-30 cm layers; point prediction at district centroid.
Butaleja,0.8528562262542055,33.94419242105483,37.35,37.65,25.0,23.416666666666664,1.365,20.98333333333333,6.1,,,,SoilGrids_v2.0,,district,False,False,F,SoilGrids v2.0 modelled mean at 0-30 cm depth-weighted average of 0-5/5-15/15-30 cm layers; point prediction at district centroid.
Kibuku,1.073178462096525,33.82439760228314,40.016666666666666,36.05,23.95,22.333333333333332,1.31,20.1,5.9,,,,SoilGrids_v2.0,,district,False,False,F,SoilGrids v2.0 modelled mean at 0-30 cm depth-weighted average of 0-5/5-15/15-30 cm layers; point prediction at district centroid.
Pallisa,1.2229171619567758,33.664107182884344,37.18333333333333,38.7,24.166666666666664,21.31666666666667,1.3233333333333335,18.366666666666667,5.85,,,,SoilGrids_v2.0,,district,False,False,F,SoilGrids v2.0 modelled mean at 0-30 cm depth-weighted average of 0-5/5-15/15-30 cm layers; point prediction at district centroid.
Tororo,0.6510600243787987,34.12222831065202,40.88333333333333,35.36666666666667,23.75,21.7,1.3016666666666665,21.633333333333333,5.6,,,,SoilGrids_v2.0,,district,False,False,F,SoilGrids v2.0 modelled mean at 0-30 cm depth-weighted average of 0-5/5-15/15-30 cm layers; point prediction at district centroid.
Buliisa,1.864654201188387,31.48302008378839,36.1,40.983333333333334,22.916666666666664,20.583333333333336,1.3616666666666666,21.35,6.283333333333333,,,,SoilGrids_v2.0,,district,False,False,F,SoilGrids v2.0 modelled mean at 0-30 cm depth-weighted average of 0-5/5-15/15-30 cm layers; point prediction at district centroid.
Hoima,1.5211654549554645,31.299978645768878,32.08333333333333,44.05,23.883333333333333,22.966666666666665,1.3283333333333334,15.966666666666665,5.6,,,,SoilGrids_v2.0,,district,False,False,F,SoilGrids v2.0 modelled mean at 0-30 cm depth-weighted average of 0-5/5-15/15-30 cm layers; point prediction at district centroid.
Kagadi,1.0321445755460823,30.88287663217078,37.43333333333333,36.9,25.633333333333333,32.55,1.2433333333333332,20.266666666666666,6.1,,,,SoilGrids_v2.0,,district,False,False,F,SoilGrids v2.0 modelled mean at 0-30 cm depth-weighted average of 0-5/5-15/15-30 cm layers; point prediction at district centroid.
Kakumiro,0.9894182972172564,31.264369090715704,33.93333333333333,38.95,27.01666666666667,27.0,1.2833333333333334,21.21666666666667,5.766666666666667,,,,SoilGrids_v2.0,,district,False,False,F,SoilGrids v2.0 modelled mean at 0-30 cm depth-weighted average of 0-5/5-15/15-30 cm layers; point prediction at district centroid.
Kibaale,0.7999859385435735,31.078679757862314,43.36666666666667,31.93333333333333,24.7,40.38333333333333,1.1583333333333334,21.316666666666666,5.8,,,,SoilGrids_v2.0,,district,False,False,F,SoilGrids v2.0 modelled mean at 0-30 cm depth-weighted average of 0-5/5-15/15-30 cm layers; point prediction at district centroid.
Kiryandongo,1.988332474161616,32.02551924582113,34.483333333333334,43.05,22.46666666666667,24.5,1.3066666666666666,18.516666666666666,5.75,,,,SoilGrids_v2.0,,district,False,False,F,SoilGrids v2.0 modelled mean at 0-30 cm depth-weighted average of 0-5/5-15/15-30 cm layers; point prediction at district centroid.
Masindi,1.6608458899114968,31.719418971397126,34.03333333333333,44.983333333333334,20.983333333333334,23.75,1.25,18.366666666666667,5.95,,,,SoilGrids_v2.0,,district,False,False,F,SoilGrids v2.0 modelled mean at 0-30 cm depth-weighted average of 0-5/5-15/15-30 cm layers; point prediction at district centroid.
Bugiri,0.5925378321069249,33.79485653491775,40.28333333333333,36.36666666666667,23.35,20.916666666666664,1.3433333333333335,18.7,5.816666666666666,,,,SoilGrids_v2.0,,district,False,False,F,SoilGrids v2.0 modelled mean at 0-30 cm depth-weighted average of 0-5/5-15/15-30 cm layers; point prediction at district centroid.
Buyende,1.1716127263893188,33.21708354537384,38.266666666666666,38.61666666666666,23.116666666666667,21.21666666666667,1.33,18.516666666666666,6.0,,,,SoilGrids_v2.0,,district,False,False,F,SoilGrids v2.0 modelled mean at 0-30 cm depth-weighted average of 0-5/5-15/15-30 cm layers; point prediction at district centroid.
Iganga,0.6688530121573191,33.45184024191531,38.03333333333333,40.33333333333333,21.566666666666666,20.533333333333335,1.3183333333333334,16.733333333333334,5.8,,,,SoilGrids_v2.0,,district,False,False,F,SoilGrids v2.0 modelled mean at 0-30 cm depth-weighted average of 0-5/5-15/15-30 cm layers; point prediction at district centroid.
Jinja,0.583061945094639,33.25109632710175,36.61666666666667,39.33333333333333,24.05,21.816666666666666,1.3666666666666665,16.866666666666667,5.5,,,,SoilGrids_v2.0,,district,False,False,F,SoilGrids v2.0 modelled mean at 0-30 cm depth-weighted average of 0-5/5-15/15-30 cm layers; point prediction at district centroid.
Kaliro,1.0289683773172045,33.46058443837174,37.55,38.3,24.15,23.216666666666665,1.3116666666666665,19.466666666666665,5.933333333333334,,,,SoilGrids_v2.0,,district,False,False,F,SoilGrids v2.0 modelled mean at 0-30 cm depth-weighted average of 0-5/5-15/15-30 cm layers; point prediction at district centroid.
Kamuli,0.9036511167482101,33.13414797430668,40.16666666666667,37.983333333333334,21.85,24.283333333333335,1.335,17.683333333333334,5.7,,,,SoilGrids_v2.0,,district,False,False,F,SoilGrids v2.0 modelled mean at 0-30 cm depth-weighted average of 0-5/5-15/15-30 cm layers; point prediction at district centroid.
Luuka,0.7132207418035909,33.381326036289444,35.33333333333333,41.916666666666664,22.783333333333335,22.383333333333333,1.325,17.4,5.8,,,,SoilGrids_v2.0,,district,False,False,F,SoilGrids v2.0 modelled mean at 0-30 cm depth-weighted average of 0-5/5-15/15-30 cm layers; point prediction at district centroid.
Mayuge,0.4692019848415745,33.4624109875,38.05,41.08333333333333,20.85,20.2,1.35,15.216666666666665,5.5,,,,SoilGrids_v2.0,,district,False,False,F,SoilGrids v2.0 modelled mean at 0-30 cm depth-weighted average of 0-5/5-15/15-30 cm layers; point prediction at district centroid.
Namayingo,0.3365914367739261,33.866579171332326,35.46666666666667,42.36666666666667,22.216666666666665,24.633333333333333,1.2933333333333334,19.466666666666665,6.0,,,,SoilGrids_v2.0,,district,False,False,F,SoilGrids v2.0 modelled mean at 0-30 cm depth-weighted average of 0-5/5-15/15-30 cm layers; point prediction at district centroid.
Namutumba,0.7944023639261478,33.71814581780439,42.53333333333333,34.4,23.05,24.433333333333334,1.3216666666666665,20.5,5.8,,,,SoilGrids_v2.0,,district,False,False,F,SoilGrids v2.0 modelled mean at 0-30 cm depth-weighted average of 0-5/5-15/15-30 cm layers; point prediction at district centroid.
Bududa,1.0435111127569587,34.40505864267179,44.25,29.05,26.7,42.61666666666667,1.0666666666666667,21.05,5.516666666666667,,,,SoilGrids_v2.0,,district,False,False,F,SoilGrids v2.0 modelled mean at 0-30 cm depth-weighted average of 0-5/5-15/15-30 cm layers; point prediction at district centroid.
Bukwo,1.2922492998158397,34.69608578352513,41.483333333333334,32.86666666666667,25.65,41.15,1.1483333333333332,23.966666666666665,5.9,,,,SoilGrids_v2.0,,district,False,False,F,SoilGrids v2.0 modelled mean at 0-30 cm depth-weighted average of 0-5/5-15/15-30 cm layers; point prediction at district centroid.
Bulambuli,1.344303672909069,34.332707796406645,40.41666666666667,37.2,22.43333333333333,26.266666666666662,1.2483333333333333,23.03333333333333,6.016666666666667,,,,SoilGrids_v2.0,,district,False,False,F,SoilGrids v2.0 modelled mean at 0-30 cm depth-weighted average of 0-5/5-15/15-30 cm layers; point prediction at district centroid.
Kapchorwa,1.3459080440216822,34.44711805903888,40.7,36.25,23.0,57.88333333333334,1.0666666666666667,24.866666666666667,5.55,,,,SoilGrids_v2.0,,district,False,False,F,SoilGrids v2.0 modelled mean at 0-30 cm depth-weighted average of 0-5/5-15/15-30 cm layers; point prediction at district centroid.
Kween,1.4569156609849714,34.54439195173715,41.46666666666667,36.13333333333333,22.35,26.833333333333336,1.2366666666666668,22.9,6.05,,,,SoilGrids_v2.0,,district,False,False,F,SoilGrids v2.0 modelled mean at 0-30 cm depth-weighted average of 0-5/5-15/15-30 cm layers; point prediction at district centroid.
Manafwa,0.9040155096872904,34.28216847933992,37.65,36.68333333333333,25.7,27.583333333333332,1.1933333333333334,22.35,5.9,,,,SoilGrids_v2.0,,district,False,False,F,SoilGrids v2.0 modelled mean at 0-30 cm depth-weighted average of 0-5/5-15/15-30 cm layers; point prediction at district centroid.
Mbale,1.0294927840258596,34.213690997489344,40.1,35.05,24.85,30.18333333333333,1.2233333333333334,19.033333333333335,5.816666666666666,,,,SoilGrids_v2.0,,district,False,False,F,SoilGrids v2.0 modelled mean at 0-30 cm depth-weighted average of 0-5/5-15/15-30 cm layers; point prediction at district centroid.
Sironko,1.1830235417392074,34.32507966057993,42.46666666666667,34.266666666666666,23.183333333333334,29.016666666666662,1.2383333333333335,22.5,5.9,,,,SoilGrids_v2.0,,district,False,False,F,SoilGrids v2.0 modelled mean at 0-30 cm depth-weighted average of 0-5/5-15/15-30 cm layers; point prediction at district centroid.
Abim,2.65183532206906,33.7716142764045,38.61666666666667,39.91666666666667,21.45,21.35,1.2666666666666666,25.65,6.2,,,,SoilGrids_v2.0,,district,False,False,F,SoilGrids v2.0 modelled mean at 0-30 cm depth-weighted average of 0-5/5-15/15-30 cm layers; point prediction at district centroid.
Amudat,1.7105038023994157,34.778613739131046,39.13333333333333,39.18333333333333,21.7,22.9,1.2516666666666665,20.65,6.2,,,,SoilGrids_v2.0,,district,False,False,F,SoilGrids v2.0 modelled mean at 0-30 cm depth-weighted average of 0-5/5-15/15-30 cm layers; point prediction at district centroid.
Kaabong,3.4513383856017197,33.99402537180229,32.3,45.03333333333334,22.68333333333333,17.533333333333335,1.2733333333333334,24.616666666666667,6.8,,,,SoilGrids_v2.0,,district,False,False,F,SoilGrids v2.0 modelled mean at 0-30 cm depth-weighted average of 0-5/5-15/15-30 cm layers; point prediction at district centroid.
Kotido,3.1140191410414144,33.823586326362026,33.733333333333334,40.86666666666667,25.4,17.616666666666667,1.2716666666666667,22.35,6.45,,,,SoilGrids_v2.0,,district,False,False,F,SoilGrids v2.0 modelled mean at 0-30 cm depth-weighted average of 0-5/5-15/15-30 cm layers; point prediction at district centroid.
Moroto,2.4546842468939127,34.67330217331044,36.18333333333333,39.5,24.31666666666667,18.866666666666667,1.2933333333333334,27.383333333333333,6.8,,,,SoilGrids_v2.0,,district,False,False,F,SoilGrids v2.0 modelled mean at 0-30 cm depth-weighted average of 0-5/5-15/15-30 cm layers; point prediction at district centroid.
Nakapiripirit,1.7101543051354364,34.565217022071316,42.95,33.33333333333333,23.716666666666665,27.15,1.2533333333333332,26.65,6.3,,,,SoilGrids_v2.0,,district,False,False,F,SoilGrids v2.0 modelled mean at 0-30 cm depth-weighted average of 0-5/5-15/15-30 cm layers; point prediction at district centroid.
Napak,2.4977812437858136,34.13805428828976,36.18333333333333,38.16666666666667,25.65,18.583333333333336,1.315,24.55,6.65,,,,SoilGrids_v2.0,,district,False,False,F,SoilGrids v2.0 modelled mean at 0-30 cm depth-weighted average of 0-5/5-15/15-30 cm layers; point prediction at district centroid.
Kabale,-1.3222487711517437,30.013791310666353,44.81666666666666,30.583333333333332,24.65,30.133333333333333,1.245,21.616666666666667,5.5,,,,SoilGrids_v2.0,,district,False,False,F,SoilGrids v2.0 modelled mean at 0-30 cm depth-weighted average of 0-5/5-15/15-30 cm layers; point prediction at district centroid.
Kanungu,-0.7963978009044944,29.734042696813482,36.06666666666667,34.06666666666667,29.866666666666667,29.866666666666664,1.265,19.383333333333333,5.65,,,,SoilGrids_v2.0,,district,False,False,F,SoilGrids v2.0 modelled mean at 0-30 cm depth-weighted average of 0-5/5-15/15-30 cm layers; point prediction at district centroid.
Kisoro,-1.1497486032806357,29.67520247315182,43.41666666666667,31.48333333333333,25.1,45.05,1.0533333333333332,27.95,5.7,,,,SoilGrids_v2.0,,district,False,False,F,SoilGrids v2.0 modelled mean at 0-30 cm depth-weighted average of 0-5/5-15/15-30 cm layers; point prediction at district centroid.
Rubanda,-1.1097997431438307,29.83123852360904,37.88333333333334,31.616666666666667,30.53333333333333,48.416666666666664,1.0916666666666668,28.5,5.7,,,,SoilGrids_v2.0,,district,False,False,F,SoilGrids v2.0 modelled mean at 0-30 cm depth-weighted average of 0-5/5-15/15-30 cm layers; point prediction at district centroid.
Rukungiri,-0.7188219227669995,29.90370531323003,36.8,32.65,30.55,34.43333333333334,1.1716666666666666,22.95,5.75,,,,SoilGrids_v2.0,,district,False,False,F,SoilGrids v2.0 modelled mean at 0-30 cm depth-weighted average of 0-5/5-15/15-30 cm layers; point prediction at district centroid.
Alebtong,2.3132434092721423,33.266323164562756,35.66666666666667,40.03333333333333,24.333333333333336,22.733333333333334,1.3016666666666665,21.383333333333333,6.15,,,,SoilGrids_v2.0,,district,False,False,F,SoilGrids v2.0 modelled mean at 0-30 cm depth-weighted average of 0-5/5-15/15-30 cm layers; point prediction at district centroid.
Amolatar,1.6112529219003882,32.68450245416171,39.0,35.55,25.466666666666665,26.21666666666667,1.3233333333333335,19.43333333333333,6.1,,,,SoilGrids_v2.0,,district,False,False,F,SoilGrids v2.0 modelled mean at 0-30 cm depth-weighted average of 0-5/5-15/15-30 cm layers; point prediction at district centroid.
Apac,1.9426493805849774,32.439277346604705,39.4,36.95,23.666666666666664,27.48333333333333,1.3316666666666666,22.616666666666667,6.15,,,,SoilGrids_v2.0,,district,False,False,F,SoilGrids v2.0 modelled mean at 0-30 cm depth-weighted average of 0-5/5-15/15-30 cm layers; point prediction at district centroid.
Dokolo,1.9603107248231633,33.09781783605168,39.68333333333333,37.71666666666666,22.6,18.783333333333335,1.2933333333333334,17.183333333333334,6.1,,,,SoilGrids_v2.0,,district,False,False,F,SoilGrids v2.0 modelled mean at 0-30 cm depth-weighted average of 0-5/5-15/15-30 cm layers; point prediction at district centroid.
Kole,2.3295358464481875,32.77280396644526,38.96666666666667,39.46666666666667,21.6,22.55,1.3383333333333334,21.03333333333333,6.3,,,,SoilGrids_v2.0,,district,False,False,F,SoilGrids v2.0 modelled mean at 0-30 cm depth-weighted average of 0-5/5-15/15-30 cm layers; point prediction at district centroid.
Lira,2.3948669632318484,32.94536913071559,35.36666666666667,39.31666666666667,25.35,24.56666666666667,1.2583333333333333,20.85,6.216666666666667,,,,SoilGrids_v2.0,,district,False,False,F,SoilGrids v2.0 modelled mean at 0-30 cm depth-weighted average of 0-5/5-15/15-30 cm layers; point prediction at district centroid.
Otuke,2.4655362958876967,33.37592240993547,34.83333333333333,38.43333333333333,26.7,22.98333333333333,1.26,23.9,6.1,,,,SoilGrids_v2.0,,district,False,False,F,SoilGrids v2.0 modelled mean at 0-30 cm depth-weighted average of 0-5/5-15/15-30 cm layers; point prediction at district centroid.
Oyam,2.3694520335046176,32.516143000214996,40.46666666666667,37.7,21.81666666666667,22.766666666666666,1.3,21.7,6.216666666666667,,,,SoilGrids_v2.0,,district,False,False,F,SoilGrids v2.0 modelled mean at 0-30 cm depth-weighted average of 0-5/5-15/15-30 cm layers; point prediction at district centroid.
Buikwe,0.37361902946262626,33.03446193061818,35.9,38.61666666666666,25.466666666666665,29.333333333333332,1.3016666666666665,15.6,5.516666666666667,,,,SoilGrids_v2.0,,district,False,False,F,SoilGrids v2.0 modelled mean at 0-30 cm depth-weighted average of 0-5/5-15/15-30 cm layers; point prediction at district centroid.
Buvuma,0.16839032186404293,33.27736552367799,36.13333333333333,35.78333333333333,28.1,40.28333333333333,1.145,19.5,5.3,,,,SoilGrids_v2.0,,district,False,False,F,SoilGrids v2.0 modelled mean at 0-30 cm depth-weighted average of 0-5/5-15/15-30 cm layers; point prediction at district centroid.
Kayunga,0.8665786370556292,32.94045985291192,34.55,40.45,25.016666666666666,24.25,1.33,19.466666666666665,5.9,,,,SoilGrids_v2.0,,district,False,False,F,SoilGrids v2.0 modelled mean at 0-30 cm depth-weighted average of 0-5/5-15/15-30 cm layers; point prediction at district centroid.
Kiboga,0.7951726886562009,31.934944200910518,37.45,36.45,26.06666666666667,34.083333333333336,1.2483333333333335,22.6,6.116666666666666,,,,SoilGrids_v2.0,,district,False,False,F,SoilGrids v2.0 modelled mean at 0-30 cm depth-weighted average of 0-5/5-15/15-30 cm layers; point prediction at district centroid.
Kyankwanzi,1.1287866845477044,31.60949093464832,32.0,39.41666666666667,28.583333333333332,23.866666666666667,1.3583333333333334,20.766666666666666,6.05,,,,SoilGrids_v2.0,,district,False,False,F,SoilGrids v2.0 modelled mean at 0-30 cm depth-weighted average of 0-5/5-15/15-30 cm layers; point prediction at district centroid.
Luwero,0.813711465627938,32.53422184459911,29.93333333333333,44.93333333333334,25.133333333333333,21.9,1.3533333333333335,17.866666666666667,5.7,,,,SoilGrids_v2.0,,district,False,False,F,SoilGrids v2.0 modelled mean at 0-30 cm depth-weighted average of 0-5/5-15/15-30 cm layers; point prediction at district centroid.
Mityana,0.44313509727649947,32.06371925372011,29.5,43.11666666666667,27.43333333333333,30.21666666666667,1.32,17.866666666666667,5.616666666666667,,,,SoilGrids_v2.0,,district,False,False,F,SoilGrids v2.0 modelled mean at 0-30 cm depth-weighted average of 0-5/5-15/15-30 cm layers; point prediction at district centroid.
Mubende,0.5301646302498506,31.338399877838615,34.68333333333333,36.233333333333334,29.083333333333332,33.7,1.2383333333333333,23.5,6.216666666666667,,,,SoilGrids_v2.0,,district,False,False,F,SoilGrids v2.0 modelled mean at 0-30 cm depth-weighted average of 0-5/5-15/15-30 cm layers; point prediction at district centroid.
Mukono,0.43207138163643116,32.79011040424461,30.833333333333332,41.55,27.633333333333333,26.4,1.3666666666666665,19.416666666666668,5.5,,,,SoilGrids_v2.0,,district,False,False,F,SoilGrids v2.0 modelled mean at 0-30 cm depth-weighted average of 0-5/5-15/15-30 cm layers; point prediction at district centroid.
Nakaseke,1.0437404219885733,32.15389318179236,36.25,39.983333333333334,23.716666666666665,22.06666666666667,1.3683333333333334,18.05,6.0,,,,SoilGrids_v2.0,,district,False,False,F,SoilGrids v2.0 modelled mean at 0-30 cm depth-weighted average of 0-5/5-15/15-30 cm layers; point prediction at district centroid.
Nakasongola,1.3630633044136593,32.31010822302173,37.766666666666666,39.56666666666667,22.666666666666668,23.216666666666665,1.3683333333333334,19.05,6.2,,,,SoilGrids_v2.0,,district,False,False,F,SoilGrids v2.0 modelled mean at 0-30 cm depth-weighted average of 0-5/5-15/15-30 cm layers; point prediction at district centroid.
Bukomansimbi,-0.12566780325399027,31.589067188783485,35.28333333333333,37.75,27.0,21.216666666666665,1.3366666666666667,17.916666666666664,5.85,,,,SoilGrids_v2.0,,district,False,False,F,SoilGrids v2.0 modelled mean at 0-30 cm depth-weighted average of 0-5/5-15/15-30 cm layers; point prediction at district centroid.
Butambala,0.16934265801869158,32.104155231916316,35.63333333333333,42.71666666666667,21.6,24.85,1.3416666666666666,20.15,5.55,,,,SoilGrids_v2.0,,district,False,False,F,SoilGrids v2.0 modelled mean at 0-30 cm depth-weighted average of 0-5/5-15/15-30 cm layers; point prediction at district centroid.
Gomba,0.21189340276950638,31.815078573226113,33.56666666666667,36.33333333333333,30.1,28.48333333333333,1.3083333333333333,20.616666666666667,5.7,,,,SoilGrids_v2.0,,district,False,False,F,SoilGrids v2.0 modelled mean at 0-30 cm depth-weighted average of 0-5/5-15/15-30 cm layers; point prediction at district centroid.
Kalangala,-0.3043543889880096,32.163667555693046,33.96666666666667,39.166666666666664,26.833333333333332,50.03333333333334,1.1716666666666666,23.95,5.366666666666667,,,,SoilGrids_v2.0,,district,False,False,F,SoilGrids v2.0 modelled mean at 0-30 cm depth-weighted average of 0-5/5-15/15-30 cm layers; point prediction at district centroid.
Kalungu,-0.13767095748490565,31.806917952915093,35.53333333333333,41.233333333333334,23.26666666666667,23.76666666666667,1.3316666666666666,18.166666666666664,5.716666666666667,,,,SoilGrids_v2.0,,district,False,False,F,SoilGrids v2.0 modelled mean at 0-30 cm depth-weighted average of 0-5/5-15/15-30 cm layers; point prediction at district centroid.
Lwengo,-0.40072170063885576,31.482415182914778,34.08333333333333,43.88333333333333,22.0,19.933333333333334,1.3466666666666667,18.016666666666666,5.916666666666667,,,,SoilGrids_v2.0,,district,False,False,F,SoilGrids v2.0 modelled mean at 0-30 cm depth-weighted average of 0-5/5-15/15-30 cm layers; point prediction at district centroid.
Lyantonde,-0.22586578035515428,31.159330230337847,34.11666666666667,41.3,24.6,24.96666666666667,1.3416666666666666,21.083333333333336,6.4,,,,SoilGrids_v2.0,,district,False,False,F,SoilGrids v2.0 modelled mean at 0-30 cm depth-weighted average of 0-5/5-15/15-30 cm layers; point prediction at district centroid.
Masaka,-0.41403945663760683,31.771510916359542,37.65,38.81666666666667,23.55,31.25,1.2283333333333333,18.316666666666666,5.416666666666666,,,,SoilGrids_v2.0,,district,False,False,F,SoilGrids v2.0 modelled mean at 0-30 cm depth-weighted average of 0-5/5-15/15-30 cm layers; point prediction at district centroid.
Mpigi,0.15508288866782677,32.20643812182328,33.45,41.983333333333334,24.6,28.35,1.2483333333333333,17.033333333333335,5.3,,,,SoilGrids_v2.0,,district,False,False,F,SoilGrids v2.0 modelled mean at 0-30 cm depth-weighted average of 0-5/5-15/15-30 cm layers; point prediction at district centroid.
Rakai,-0.738687288481409,31.304580486513373,39.68333333333333,39.86666666666666,20.45,24.85,1.3066666666666666,18.633333333333333,5.85,,,,SoilGrids_v2.0,,district,False,False,F,SoilGrids v2.0 modelled mean at 0-30 cm depth-weighted average of 0-5/5-15/15-30 cm layers; point prediction at district centroid.
Ssembabule,-0.07825991182762237,31.37061456485245,34.16666666666667,40.7,25.166666666666664,19.733333333333334,1.34,19.116666666666667,6.3,,,,SoilGrids_v2.0,,district,False,False,F,SoilGrids v2.0 modelled mean at 0-30 cm depth-weighted average of 0-5/5-15/15-30 cm layers; point prediction at district centroid.
Wakiso,0.32452632530662934,32.51105440726909,35.53333333333333,45.86666666666667,18.633333333333333,21.683333333333334,1.385,14.333333333333334,5.6,,,,SoilGrids_v2.0,,district,False,False,F,SoilGrids v2.0 modelled mean at 0-30 cm depth-weighted average of 0-5/5-15/15-30 cm layers; point prediction at district centroid.
Amuria,2.104745827458959,33.5971858707727,37.233333333333334,39.05,23.716666666666665,23.9,1.2816666666666665,21.75,6.2,,,,SoilGrids_v2.0,,district,False,False,F,SoilGrids v2.0 modelled mean at 0-30 cm depth-weighted average of 0-5/5-15/15-30 cm layers; point prediction at district centroid.
Bukedea,1.33673969214377,34.20822165137673,42.916666666666664,35.18333333333333,21.95,25.033333333333335,1.3316666666666666,24.7,6.2,,,,SoilGrids_v2.0,,district,False,False,F,SoilGrids v2.0 modelled mean at 0-30 cm depth-weighted average of 0-5/5-15/15-30 cm layers; point prediction at district centroid.
Kaberamaido,1.7715105224757035,33.1574345042046,37.25,36.16666666666667,26.53333333333333,23.633333333333333,1.2883333333333333,20.5,6.05,,,,SoilGrids_v2.0,,district,False,False,F,SoilGrids v2.0 modelled mean at 0-30 cm depth-weighted average of 0-5/5-15/15-30 cm layers; point prediction at district centroid.
Katakwi,2.1006235215220403,33.90105446901385,37.71666666666667,37.15,25.116666666666667,22.7,1.3133333333333335,26.03333333333333,6.2,,,,SoilGrids_v2.0,,district,False,False,F,SoilGrids v2.0 modelled mean at 0-30 cm depth-weighted average of 0-5/5-15/15-30 cm layers; point prediction at district centroid.
Kumi,1.4420515599317698,33.93114888259595,41.43333333333333,37.93333333333334,20.633333333333333,24.466666666666665,1.32,21.1,6.116666666666666,,,,SoilGrids_v2.0,,district,False,False,F,SoilGrids v2.0 modelled mean at 0-30 cm depth-weighted average of 0-5/5-15/15-30 cm layers; point prediction at district centroid.
Ngora,1.475446179937896,33.75041700135742,40.083333333333336,36.35,23.53333333333333,20.616666666666667,1.325,21.4,6.15,,,,SoilGrids_v2.0,,district,False,False,F,SoilGrids v2.0 modelled mean at 0-30 cm depth-weighted average of 0-5/5-15/15-30 cm layers; point prediction at district centroid.
Serere,1.4833509613506786,33.45058142145701,40.53333333333333,37.16666666666667,22.333333333333336,21.23333333333333,1.3383333333333334,21.85,6.0,,,,SoilGrids_v2.0,,district,False,False,F,SoilGrids v2.0 modelled mean at 0-30 cm depth-weighted average of 0-5/5-15/15-30 cm layers; point prediction at district centroid.
Soroti,1.8443527292763873,33.578105330727965,40.86666666666666,37.66666666666667,21.516666666666666,22.01666666666667,1.2783333333333333,18.8,6.016666666666667,,,,SoilGrids_v2.0,,district,False,False,F,SoilGrids v2.0 modelled mean at 0-30 cm depth-weighted average of 0-5/5-15/15-30 cm layers; point prediction at district centroid.
Bundibugyo,0.6913731300069565,30.049763836755943,39.016666666666666,35.9,25.05,28.2,1.19,18.366666666666667,5.4,,,,SoilGrids_v2.0,,district,False,False,F,SoilGrids v2.0 modelled mean at 0-30 cm depth-weighted average of 0-5/5-15/15-30 cm layers; point prediction at district centroid.
Kabarole,0.5840987798868537,30.334254531618132,42.33333333333333,32.66666666666667,25.01666666666667,33.233333333333334,1.1316666666666668,20.083333333333332,5.5,,,,SoilGrids_v2.0,,district,False,False,F,SoilGrids v2.0 modelled mean at 0-30 cm depth-weighted average of 0-5/5-15/15-30 cm layers; point prediction at district centroid.
Kamwenge,0.34475032747355905,30.530502420484353,34.91666666666667,37.91666666666667,27.2,31.483333333333338,1.305,20.816666666666666,5.85,,,,SoilGrids_v2.0,,district,False,False,F,SoilGrids v2.0 modelled mean at 0-30 cm depth-weighted average of 0-5/5-15/15-30 cm layers; point prediction at district centroid.
Kasese,0.18666406884261577,30.047453915474968,36.95,35.1,27.95,30.733333333333338,1.2233333333333334,24.816666666666666,6.1,,,,SoilGrids_v2.0,,district,False,False,F,SoilGrids v2.0 modelled mean at 0-30 cm depth-weighted average of 0-5/5-15/15-30 cm layers; point prediction at district centroid.
Kyegegwa,0.4875341651700774,30.99939795052489,36.46666666666667,36.63333333333333,26.916666666666668,32.93333333333333,1.225,22.55,5.816666666666666,,,,SoilGrids_v2.0,,district,False,False,F,SoilGrids v2.0 modelled mean at 0-30 cm depth-weighted average of 0-5/5-15/15-30 cm layers; point prediction at district centroid.
Kyenjojo,0.6104591172015063,30.634728580955628,43.25,30.116666666666667,26.616666666666667,31.96666666666667,1.2583333333333333,19.56666666666667,5.8,,,,SoilGrids_v2.0,,district,False,False,F,SoilGrids v2.0 modelled mean at 0-30 cm depth-weighted average of 0-5/5-15/15-30 cm layers; point prediction at district centroid.
Adjumani,3.1071081067413435,31.73335152542036,37.08333333333333,39.86666666666666,23.1,25.316666666666666,1.3083333333333333,19.85,5.95,,,,SoilGrids_v2.0,,district,False,False,F,SoilGrids v2.0 modelled mean at 0-30 cm depth-weighted average of 0-5/5-15/15-30 cm layers; point prediction at district centroid.
Arua,3.052014223515101,31.074909972484136,36.63333333333333,40.18333333333334,23.233333333333334,19.016666666666666,1.315,20.233333333333334,6.116666666666666,,,,SoilGrids_v2.0,,district,False,False,F,SoilGrids v2.0 modelled mean at 0-30 cm depth-weighted average of 0-5/5-15/15-30 cm layers; point prediction at district centroid.
Koboko,3.510676781970545,30.978701242689617,38.85,38.63333333333333,22.516666666666666,25.083333333333332,1.2983333333333333,14.383333333333335,5.666666666666667,,,,SoilGrids_v2.0,,district,False,False,F,SoilGrids v2.0 modelled mean at 0-30 cm depth-weighted average of 0-5/5-15/15-30 cm layers; point prediction at district centroid.
Maracha,3.2566236007273885,30.961310266786835,36.71666666666667,38.516666666666666,24.68333333333333,25.55,1.2866666666666666,16.716666666666665,5.816666666666666,,,,SoilGrids_v2.0,,district,False,False,F,SoilGrids v2.0 modelled mean at 0-30 cm depth-weighted average of 0-5/5-15/15-30 cm layers; point prediction at district centroid.
Moyo,3.6243897011806876,31.68632753240945,37.66666666666667,39.43333333333333,22.916666666666668,27.81666666666667,1.2883333333333333,21.06666666666667,6.2,,,,SoilGrids_v2.0,,district,False,False,F,SoilGrids v2.0 modelled mean at 0-30 cm depth-weighted average of 0-5/5-15/15-30 cm layers; point prediction at district centroid.
Nebbi,2.4503989467547957,31.156356789392394,35.58333333333333,41.18333333333333,23.21666666666667,20.55,1.33,17.216666666666665,6.1,,,,SoilGrids_v2.0,,district,False,False,F,SoilGrids v2.0 modelled mean at 0-30 cm depth-weighted average of 0-5/5-15/15-30 cm layers; point prediction at district centroid.
Yumbe,3.3757578957767094,31.256700290815438,35.25,39.38333333333333,25.31666666666667,24.1,1.3183333333333334,19.616666666666667,6.016666666666667,,,,SoilGrids_v2.0,,district,False,False,F,SoilGrids v2.0 modelled mean at 0-30 cm depth-weighted average of 0-5/5-15/15-30 cm layers; point prediction at district centroid.
Zombo,2.563940024983629,30.920210701320602,45.08333333333333,36.83333333333333,18.05,27.3,1.23,14.633333333333335,5.8,,,,SoilGrids_v2.0,,district,False,False,F,SoilGrids v2.0 modelled mean at 0-30 cm depth-weighted average of 0-5/5-15/15-30 cm layers; point prediction at district centroid.
