district,year,yield_tons_ha,yield_source,yield_tons_ha_original,yield_tons_ha_aas2020,sub_region,source_granularity,MAM,SON,DJF,JJA,annual_rainfall,rain_cv,max_monthly,min_monthly,rainy_months,MAM_tmax,MAM_tmin,MAM_gdd,MAM_heat_stress,MAM_cold_stress,SON_tmax,SON_tmin,SON_gdd,SON_heat_stress,SON_cold_stress,DJF_tmax,DJF_tmin,DJF_gdd,DJF_heat_stress,DJF_cold_stress,JJA_tmax,JJA_tmin,JJA_gdd,JJA_heat_stress,JJA_cold_stress,annual_tmax,annual_tmin,annual_gdd,annual_heat_stress,annual_cold_stress,elevation_m,lat,lon,phh2o,soc,clay,sand,silt,bdod,cec,source_status,n_households,total_area_ha,total_production_kg,fertilizer_kg_ha,planting_density,ndvi_peak,evi_peak,soil_moisture_index,planting_date,solar_radiation,yield_tons_ha_planted_aas2020,area_planted_ha_aas2020,area_harvested_ha_aas2020,production_mt_aas2020,cv_area_planted_pct_aas2020,cv_area_harvested_pct_aas2020,cv_production_pct_aas2020
Iganga,2020,1.60003238244435,AAS2020_subregion_assigned_to_district,2.018791183526957,1.60003238244435,Busoga,sub_region_assigned_to_district,585.702464783476,566.2544731191389,131.86474081548076,430.3651960424623,1714.1868747605577,0.423389173499331,278.8683008298996,21.93337157135109,10,29.16172233051384,19.51659181211096,1318.9195333845082,0,0,29.77824714169117,17.755312039406462,1252.8215815789204,0,0,32.06308983605148,19.491502307628327,1435.3929324157357,0,0,28.340365859246976,17.707005322250357,1199.8552126912434,0,0,29.835856291875867,18.61760287034902,5206.989260070408,0,0,1100,0.617,33.483,,,,,,,,request_failed,,,,,,,,0.2537254927059014,,,1.335881295023926,229357.0431644484,191492.2392866248,306393.7838453818,10.621829411430818,11.651995171789787,10.762188417763424
Iganga,2021,2.2376424102876458,existing_model_table,2.2376424102876458,,,,461.7931654891477,520.1474958776157,92.49664707958688,376.02651320564473,1450.463821651995,0.4527157503893335,248.7992568827284,11.305005868765654,8,28.54812883174332,18.912798103542816,1262.632205810271,0,0,29.14173558695855,17.003616542415433,1189.4268132824802,0,0,29.836292376328743,18.796213789420527,1286.2018289486284,0,0,24.295586691775217,16.980097599875062,978.731793838232,0,0,27.955435871701457,17.92318150881346,4716.992641879612,0,0,1100,0.617,33.483,,,,,,,,request_failed,,,,,,,,0.2417514336605866,,,,,,,,,
Iganga,2022,2.1255740157169964,existing_model_table,2.1255740157169964,,,,410.6166651140644,537.1430209949531,106.60955194947584,368.621960535661,1422.9911985941542,0.4403255470188394,291.65859726565503,15.381350005369368,11,28.444152200107435,19.30750537561544,1276.3999348342754,0,0,29.02444713905528,16.579337607193153,1165.4344300825076,0,0,30.685247516809472,18.844526419152803,1322.7174616797356,0,0,27.604814757869487,17.25673375794818,1142.9149040820134,0,0,28.93966540346042,17.997025789977396,4907.466730678532,0,0,1100,0.617,33.483,,,,,,,,request_failed,,,,,,,,0.2407828097542127,,,,,,,,,
Iganga,2023,2.8589523149053666,existing_model_table,2.8589523149053666,,,,373.11805366328485,484.6856675952312,119.1247078342125,331.0064249479973,1307.934854040726,0.4052040486098561,239.14406319834703,19.759036932855302,8,29.692096353004853,19.7145156024222,1354.0609939921983,0,0,30.538441040154925,19.09685982178843,1348.8777006388234,0,0,29.358983128348047,21.391737772494167,1379.2151000637427,0,0,28.987445969697,19.589708828244586,1314.7911814961667,0,0,29.644241622801204,19.948205506237343,5396.944976190931,0,0,1100,0.617,33.483,,,,,,,,request_failed,,,,,,,,0.2415722099443276,,,,,,,,,
Jinja,2020,1.60003238244435,AAS2020_subregion_assigned_to_district,1.6262372925553266,1.60003238244435,Busoga,sub_region_assigned_to_district,490.2309839137142,502.2243199324212,130.87709858549246,348.72087945446407,1472.0532818860918,0.4065862464549883,275.86848620567986,13.840711470276908,8,28.174841975613464,19.106666666971904,1255.363689365303,0,0,28.735366013097984,17.019193323548876,1173.192599276585,0,0,30.71029272665241,18.74704786906524,1337.4481754820831,0,0,26.1355128364856,17.46366777081615,1084.770812013977,0,0,28.43900338796236,18.08414390760053,4850.775276137949,0,0,1200,0.425,33.204,,,,,,,,request_failed,,,,,,,,0.2677227469782035,,,1.335881295023926,229357.0431644484,191492.2392866248,306393.7838453818,10.621829411430818,11.651995171789787,10.762188417763424
Jinja,2021,2.1208120720301182,existing_model_table,2.1208120720301182,,,,430.603214210481,510.0206459600387,116.79220783921892,301.7638807955273,1359.179948805266,0.4374999165057678,248.7498488156905,11.469750610515742,9,28.47453692472672,18.27104003986401,1229.5465226566434,0,0,28.61079099590965,17.26314905660254,1176.9526030862753,0,0,31.50275901618374,18.582006591374554,1353.633044342926,0,0,25.837876843538822,17.39607361470954,1069.3884811440082,0,0,28.60649094508973,17.878067325637662,4829.520651229853,0,0,1200,0.425,33.204,,,,,,,,request_failed,,,,,,,,0.2654743020733197,,,,,,,,,
Jinja,2022,2.2412074599150142,existing_model_table,2.2412074599150142,,,,482.21790581538,580.3476948622102,58.11096314751464,245.43985981657968,1366.1164236416846,0.5971748564757045,315.7273838690753,11.346730584483732,10,27.58241659764125,18.161877558570747,1184.1080420913397,0,0,27.48427601059387,16.25774061864514,1080.2443724380505,0,0,29.8269270540205,17.940869137647265,1248.7016018447978,0,0,26.497397823686555,16.577343139014,1060.2014986295817,0,0,27.847754371485543,17.234457613469285,4573.25551500377,0,0,1200,0.425,33.204,,,,,,,,request_failed,,,,,,,,0.2593992215891679,,,,,,,,,
Jinja,2023,2.218307504269608,existing_model_table,2.218307504269608,,,,415.3248004366408,575.4720275589814,81.61475989980585,334.0523342293767,1406.4639221248049,0.5075176408515988,308.26761071053227,14.43290064584173,10,27.48594778955804,17.543760752726644,1151.8765395540936,0,0,25.835912332059763,15.63298281944214,976.9896251818586,0,0,26.66167232937926,16.829985337710877,1053.925121355339,0,0,24.999123996400755,15.37662426559716,937.6639542768858,0,0,26.24566411184945,16.345838293869203,4120.455240368176,0,0,1200,0.425,33.204,,,,,,,,request_failed,,,,,,,,0.2645751051604748,,,,,,,,,
Kapchorwa,2020,2.6510166735556018,AAS2020_subregion_assigned_to_district,2.6246303461837384,2.6510166735556018,Elgon,sub_region_assigned_to_district,463.2597670976912,455.3540149680204,77.95517976530977,358.68826321632173,1355.2572250473431,0.4608231152937389,220.09204615838263,17.17099052121067,10,25.0558849005552,15.262844287454556,934.0818085850544,0,0,24.128237395231498,14.034293444819722,826.1243300028846,0,0,27.48763130747732,14.750204553900744,1009.2239909753794,0,0,23.69875769486518,12.588498278952532,750.1535193490771,0,0,25.0926278245323,14.158960141281888,3519.583648912396,0,0,1800,1.4,34.45,,,,,,,,request_failed,,,,,,,,0.2378369122743606,,,1.9451136351341072,90903.73658389092,66698.22158334941,176818.0975139654,16.2786131481389,16.80140034136693,20.825727510031903
Kapchorwa,2021,2.9061029429596017,existing_model_table,2.9061029429596017,,,,396.0506345979812,621.4702322967422,37.86526214835585,247.439652223426,1302.8257812665054,0.653831134355159,314.1297018361786,6.757846620454223,9,25.5806471831146,14.54584996381034,926.0794862349024,0,0,25.02773402229255,14.6025661780343,892.2559643483726,0,0,26.97923843538304,16.517881548821162,1053.12605021633,0,0,23.864873670084904,14.126781935544264,828.9673632439656,0,0,25.36312332771877,14.948269906552516,3700.42886404357,0,0,1800,1.4,34.45,,,,,,,,request_failed,,,,,,,,0.2036782590051492,,,,,,,,,
Kapchorwa,2022,2.455965613956167,existing_model_table,2.455965613956167,,,,497.4115254787701,625.7818496727998,102.34764465972138,358.72498312227845,1584.2660029335698,0.490078763213751,304.6533855139506,14.619909656257764,9,24.091471271908915,13.309012256511387,800.6642748665472,0,0,22.97273946762005,10.785466796074772,625.9921112870843,0,0,23.45833910455645,11.975632942500445,694.2195778099837,0,0,20.08587170752988,11.604185455023762,537.055931455389,0,0,22.652105387903827,11.918574362527592,2657.931895419004,0,0,1800,1.4,34.45,,,,,,,,request_failed,,,,,,,,0.1992406969269116,,,,,,,,,
Kapchorwa,2023,2.6875370410921,existing_model_table,2.6875370410921,,,,501.2206663790117,583.5464152287409,34.8661728670094,338.5866550472637,1458.2199095220258,0.5753975674799444,286.36914124081966,10.54911349947528,11,21.963016281972603,13.11711495488876,693.9306328217083,0,0,22.910986939525653,11.751763620326154,667.1516699896636,0,0,25.06144990261146,13.141266614939992,818.298933568047,0,0,21.11137847288522,12.278422030883428,616.1897264448014,0,0,22.761707899248734,12.572141805259584,2795.5709628242203,0,0,1800,1.4,34.45,,,,,,,,request_failed,,,,,,,,0.1965387836098671,,,,,,,,,
Mbale,2020,2.6510166735556018,AAS2020_subregion_assigned_to_district,2.435189037499056,2.6510166735556018,Elgon,sub_region_assigned_to_district,527.0082786232006,624.8365593057108,72.11707209003995,312.380487331854,1536.3423973508054,0.553612543676101,306.78258747564524,5.297259459835274,9,25.624482981761734,16.49670567639598,1018.992156213548,0,0,27.012195118134425,15.263962359289613,1014.2199643307704,0,0,28.269009801206145,15.898776174306718,1100.5133775693637,0,0,24.610824586698403,14.736467520778469,890.7543351823003,0,0,26.379128121950178,15.598977932692693,4024.479833295983,0,0,1300,1.075,34.175,,,,,,,,request_failed,,,,,,,,0.2037665310005346,,,1.9451136351341072,90903.73658389092,66698.22158334941,176818.0975139654,16.2786131481389,16.80140034136693,20.825727510031903
Mbale,2021,2.715421968302116,existing_model_table,2.715421968302116,,,,330.4017328271321,425.8228392974794,53.31410698604147,342.13466388823525,1151.6733429988883,0.4874910770524286,209.59695858580736,4.757760282586274,11,28.09137559786865,17.609808545509594,1183.1403094592824,0,0,25.50724213958539,14.713657066561344,919.8919882163934,0,0,29.149101813334298,17.368025498169953,1193.7791194680024,0,0,26.14483869059644,16.034860250301787,1020.0812390960738,0,0,27.2231395603462,16.43158784013567,4316.892656239752,0,0,1300,1.075,34.175,,,,,,,,request_failed,,,,,,,,0.1791329719126224,,,,,,,,,
Mbale,2022,2.599436684307111,existing_model_table,2.599436684307111,,,,510.8918649323501,489.3127174176186,99.026035590355,355.41287356418536,1454.6434915045093,0.4509297338607256,265.294957746338,17.950182484598255,9,28.10614036315975,16.258565333806917,1120.5814145575437,0,0,26.611362148863577,15.662451850076968,1013.5662622992264,0,0,29.629306382419006,16.571929339415547,1176.1540214107836,0,0,24.018517229401937,16.259997963555524,932.6998496892202,0,0,27.09133153096107,16.18823612171374,4243.001547956774,0,0,1300,1.075,34.175,,,,,,,,request_failed,,,,,,,,0.1708706219991048,,,,,,,,,
Mbale,2023,2.925310514415306,existing_model_table,2.925310514415306,,,,595.5486055134563,689.0607056084519,130.40166193121036,425.0934335372098,1840.1044065903288,0.4620207843222064,334.61097187769656,20.893035843741927,11,26.45560928908288,16.36189316732234,1050.115115263797,0,0,26.4680591499688,14.77478304799462,967.1738767208578,0,0,28.313431565185464,15.946793557358973,1089.941417733711,0,0,24.88458601727144,14.39083817903937,886.943161051038,0,0,26.530421505377145,15.368576987928824,3994.173570769404,0,0,1300,1.075,34.175,,,,,,,,request_failed,,,,,,,,0.1687730389336744,,,,,,,,,
Tororo,2020,1.8697114647833253,AAS2020_subregion_assigned_to_district,2.560471922471225,1.8697114647833253,Bukedi,sub_region_assigned_to_district,402.5086394561366,527.8422521306034,55.78921758837417,445.7071288260847,1431.847238001199,0.5033342257010299,261.8132875565552,18.202348996228903,11,27.129897655564083,20.220989891916403,1258.9079765526635,0,0,29.95752262360399,17.52342231025431,1248.7839538320904,0,0,31.13257727137274,20.02624384446054,1416.0430188397988,0,0,28.31469291343294,17.088516070088286,1168.518287054293,0,0,29.13367261599344,18.714793029179884,5092.253236278846,0,0,1200,0.693,34.181,,,,,,,,request_failed,,,,,,,,0.2507131857176621,,,1.4289198748681833,84312.50944995893,64435.51463541963,120475.82045305784,9.070555188461109,9.033549190034975,10.570414759153104
Tororo,2021,2.450355196012232,existing_model_table,2.450355196012232,,,,494.6539699176004,567.95312366864,46.76725178801871,389.6082746600089,1498.982620034268,0.5328571884480885,311.5783889172691,4.666728457122138,10,29.31553481111625,18.97461570045157,1301.0693166285062,0,0,28.48767672698071,17.193851897762364,1170.277726685492,0,0,29.417991161550987,19.41128354007656,1295.4054581631513,0,0,27.196422529902687,17.827735445641196,1149.972374602369,0,0,28.60440630738766,18.35187164598292,4916.724876079518,0,0,1200,0.693,34.181,,,,,,,,request_failed,,,,,,,,0.2282975216706594,,,,,,,,,
Tororo,2022,2.342048652097677,existing_model_table,2.342048652097677,,,,498.03836142604223,548.1586702271346,50.917405062155,343.40479159665443,1440.5192283119864,0.538196420928372,270.9447271491168,13.798241726401434,10,30.665070152885672,17.94220542576902,1315.3787653661643,0,0,27.242404555684747,18.86315126389941,1187.7208512865568,0,0,30.17231610540747,18.749628925560675,1299.9352825325584,0,0,27.30165378984375,17.848370942645516,1158.1948686349997,0,0,28.84536115095541,18.350839139468658,4961.229767820279,0,0,1200,0.693,34.181,,,,,,,,request_failed,,,,,,,,0.2318437981108824,,,,,,,,,
Tororo,2023,2.595874155618118,existing_model_table,2.595874155618118,,,,436.4261777216351,592.6935608999244,72.1392184302758,317.2304553272945,1418.4894123791298,0.5360865833622571,319.5633161975326,9.684697065153175,11,26.280772871147803,17.712287149639796,1104.460274577501,0,0,27.141243666981413,17.17580472722561,1106.411237801154,0,0,30.35620553379385,17.301765099267044,1243.0593007253278,0,0,26.039716546190885,15.57488519207457,995.6569524360714,0,0,27.45448465452849,16.941185542051755,4449.587765540055,0,0,1200,0.693,34.181,,,,,,,,request_failed,,,,,,,,0.2280101776123047,,,,,,,,,
