district,year,MAM,SON,DJF,JJA,annual_rainfall,rain_cv,max_monthly,min_monthly,rainy_months,MAM_tmax,MAM_tmin,MAM_gdd,MAM_heat_stress,MAM_cold_stress,SON_tmax,SON_tmin,SON_gdd,SON_heat_stress,SON_cold_stress,DJF_tmax,DJF_tmin,DJF_gdd,DJF_heat_stress,DJF_cold_stress,JJA_tmax,JJA_tmin,JJA_gdd,JJA_heat_stress,JJA_cold_stress,annual_tmax,annual_tmin,annual_gdd,annual_heat_stress,annual_cold_stress,elevation_m,yield_tons_ha
Mbale,2015,501.6975201548878,632.2405033683964,133.44025926272195,360.3250925639217,1627.7033753499281,0.45431994250754953,311.4375125452146,30.13610728799062,8,27.736179577122346,18.081321440291987,1188.0958992150956,0,0,27.336301043719676,16.340947979096274,1077.0827744901098,0,0,27.736217032414757,17.60947745778933,1139.026028065997,0,0,27.83932506415535,17.437775374912164,1162.5114075963227,0,0,27.662005679353033,17.367380563022436,4566.716109367525,0,0,1300,2.7757343839091724
Mbale,2016,495.16033369803176,580.0614253683865,84.00379093099788,340.64853092580245,1499.8740809232186,0.5030951474518298,237.77973243032122,18.752480233817497,9,29.76941486401589,16.49612700132255,1209.3857519223084,0,0,27.659147781446176,16.691102434120616,1106.7559505190768,0,0,29.580655891053013,17.231890566855657,1218.2341210898273,0,0,26.396476813013248,16.335067352853898,1045.9854906601554,0,0,28.351423837382082,16.68854683878818,4580.361314191368,0,0,1300,2.8064774912952046
Mbale,2017,437.3732940985009,437.4563041822541,43.75383136700594,373.4152875474241,1291.9987171951848,0.5056539679308069,214.2126260813963,7.629946251273942,10,27.309292738316586,18.29579020486454,1178.6627651111971,0,0,28.933070293605237,16.718647932900392,1167.0901171928995,0,0,29.024701549092015,17.76698618294435,1204.0213572555772,0,0,26.014107634786342,16.68966880407474,1043.34856478942,0,0,27.820293053950042,17.36777328119601,4593.122804349094,0,0,1300,2.5243229961592943
Mbale,2018,404.0454627352389,433.3307821609085,59.60637333624688,332.79536812613355,1229.7779863585279,0.4803688228312755,222.48607110569787,6.756596854667951,10,25.85860235569145,16.649653044491675,1035.672177751341,0,0,24.639181372550354,16.20000175756842,948.1639182441903,0,0,28.644568182892566,16.074942769484522,1108.3103400026544,0,0,26.31613334150781,14.44618263960531,955.0941754619001,0,0,26.364621313160544,15.842695052787482,4047.240611460086,0,0,1300,2.4980758828211123
Mbale,2019,426.33701340729993,608.4456812238021,59.333138723554754,358.8319783362208,1452.9478116908776,0.5445246506361707,265.02943813430556,3.247926209433639,11,28.177029061710797,17.293019210377768,1172.6919353679652,0,0,28.18195432757514,17.015073647863584,1145.7252527721243,0,0,29.669821849602247,18.146351519764725,1248.616344506432,0,0,26.309920352137052,16.671411647139294,1058.0572210702437,0,0,28.084681397756313,17.281464006286342,4625.090753716765,0,0,1300,2.6487367082837325
Mbale,2020,502.2711229887547,626.1347373873218,66.89896777575885,287.01993229734325,1482.3247604491787,0.5753730688753069,328.54137703033456,8.459119654311676,9,29.26345468454096,19.27521465775297,1313.4341848952504,0,0,27.42319485663761,18.42191580463171,1176.4873619293,0,0,30.071195057415295,19.5064963315108,1343.859292136443,0,0,27.044979786673668,18.00835233878759,1152.909584146816,0,0,28.45070609631689,18.802994783170764,4986.69042310781,0,0,1300,2.4351890374990557
Mbale,2021,411.6404057110067,602.5361872226883,84.08402051693147,333.97047814810725,1432.2310915987339,0.5192789042773037,313.50161938816154,19.169001031968335,10,27.26664161855531,16.761688860697497,1106.976459398363,0,0,26.187754949226477,15.737491994497068,997.455795549193,0,0,27.894481156214425,16.362186176232587,1087.9722366672354,0,0,25.006396484840906,14.463911828755082,894.774847615652,0,0,26.58881855220928,15.83131971504556,4087.1793392304435,0,0,1300,2.715421968302116
Mbale,2022,523.2834403558643,585.1733803055109,62.35399304776789,438.5978789131973,1609.4086926223406,0.5047235944312367,289.0320477273424,8.340415631196478,9,28.677967914929933,17.32111073385244,1196.7636882573188,0,0,26.89565030915719,15.773353259337725,1031.500489973395,0,0,28.645320312561807,17.19179897865945,1160.6412460487659,0,0,27.100703025576536,16.057726422227038,1066.563822712088,0,0,27.829910390556364,16.58599734851916,4455.469246991567,0,0,1300,2.599436684307111
Mbale,2023,594.613488798447,610.2811279700701,123.86360132915794,400.3997056676999,1729.157923765375,0.45415105818862356,292.23816889293255,22.450911582401726,10,26.11096780323381,17.316388341246505,1078.442908563743,0,0,27.075780642255875,14.703570809386372,989.5125968587645,0,0,28.566070897044927,16.51309888513566,1124.7119392762258,0,0,24.742792208111695,15.196288244995841,916.1198758466303,0,0,26.623902887661576,15.932336570191096,4108.787320545363,0,0,1300,2.925310514415306
Kapchorwa,2015,760.8970066692917,596.2869650827114,102.56765710733201,400.013007975448,1859.7646368347832,0.5272465806475568,352.07349416281784,22.30706760458577,10,25.399148907693085,14.25884622516427,904.5995951102889,0,0,24.514610397927285,13.063959835160171,799.2863932709314,0,0,26.56423379464435,14.235997182145999,932.921550055624,0,0,23.8663193595969,12.897315636607667,771.9910328115895,0,0,25.086078114965407,13.614029719769526,3408.7985712484337,0,0,1800,2.81647373655601
Kapchorwa,2016,504.6753153053366,624.1752980872152,79.53898502181119,294.65517484603606,1503.044773260399,0.5529000805834599,302.0525081719169,17.833508092145568,11,22.607053182969736,13.04531232023056,719.7130128947293,0,0,23.281605493271496,11.618343745388948,678.2167381692841,0,0,23.891674455387534,13.746114102675298,802.8950120580134,0,0,21.196732983008985,12.287350171131436,620.2200098176185,0,0,22.744266528659438,12.67428008485656,2821.044772939645,0,0,1800,2.929133121170043
Kapchorwa,2017,588.3181732570698,582.2307708748291,91.01554898900596,383.703692898944,1645.2681860198488,0.49212798801006113,289.0264829746838,13.330129544170521,10,24.58379369883218,15.359403229427805,918.1334123124146,0,0,23.52661628486932,12.551148717700693,731.1630200160567,0,0,28.569761687117175,14.044441496154894,1017.7245055757029,0,0,23.785967371570063,13.646836570055838,801.5690581338849,0,0,25.116534760597187,13.900457503334808,3468.5899960380593,0,0,1800,3.0125607287643756
Kapchorwa,2018,530.819980232869,569.8507456848097,92.5110928241575,288.39002391196607,1481.5718426538024,0.5218842630349164,276.5124663870977,13.704942888059069,11,24.677460506725307,13.337895185914945,828.3288961673513,0,0,23.290309236292597,13.411455804163515,759.7511835305604,0,0,25.545012904709836,14.539355025478024,906.5678080507739,0,0,22.929473619649283,13.644297741157175,764.015152993984,0,0,24.11056406684425,13.733250939178417,3258.6630407426696,0,0,1800,2.6878077083579823
Kapchorwa,2019,462.6103053514407,375.7108042396291,62.27761891919199,370.44523065542614,1271.043959165688,0.4782715990400565,230.9341365854875,2.0120800432475487,9,24.81450109173303,13.999459803719319,866.5881737918442,0,0,23.858351485624368,12.806906373160672,758.1171602720862,0,0,26.346738515303386,13.867183947565486,909.4240382015457,0,0,22.784656922604455,12.952801079567285,724.0607517428621,0,0,24.451062003816315,13.406587801003191,3258.190124008338,0,0,1800,2.6851571367430145
Kapchorwa,2020,626.7759182207258,542.4335359692403,103.225307951668,340.89536292885794,1613.3301250704917,0.5008623944704523,290.01439835797225,22.91833206451977,9,24.018360911282173,14.086720741654938,832.4429927580935,0,0,23.71789531827986,13.468985428541478,781.491592384276,0,0,27.650364874431574,14.990558682899271,1028.8290672617368,0,0,22.309824395319065,12.420326723575286,679.0983925493547,0,0,24.42411137482817,13.741647894167743,3321.862044953461,0,0,1800,2.6246303461837384
Kapchorwa,2021,505.02458979372176,682.6685232932878,138.70216921958394,433.333526640756,1759.7288089473495,0.44592459402940127,323.7214452760485,23.501502946186847,11,25.627977889859352,15.752515932332441,984.1464297136345,0,0,25.95969080969333,14.151268750554914,915.5286749249483,0,0,27.818302570411003,15.146791435959843,1031.569608262359,0,0,23.975779143429634,15.012762600112758,873.447533614064,0,0,25.84543760334833,15.015834679739989,3804.692246515006,0,0,1800,2.9061029429596017
Kapchorwa,2022,412.2529340120201,490.60368444663305,71.12099454060517,229.80626353669197,1203.7838765359502,0.5415328693111588,246.67310171943708,6.541980521470337,10,25.95004662954717,14.690200002163996,950.7937532325417,0,0,24.141312958544646,12.62389068086035,761.7566863567382,0,0,25.922040635751742,14.986091721186495,937.3067855991465,0,0,22.639214472323797,13.22856502305323,730.3103673928981,0,0,24.663153674041837,13.882186856816018,3380.1675925813242,0,0,1800,2.455965613956167
Kapchorwa,2023,559.4429566361977,571.6008578101382,90.69234373482571,319.47451434761723,1541.210672528779,0.5128064822671567,278.66552838970523,17.89599961514078,10,24.868348810370406,17.178879233118433,1014.9100185793724,0,0,26.117462598799705,14.208262183040766,924.5894527526274,0,0,27.183390494373594,16.08349695612701,1045.5932151883578,0,0,26.28032639714412,14.77790613041244,967.5325131042368,0,0,26.112382075171954,15.562136125674664,3952.6251996245946,0,0,1800,2.6875370410921
Iganga,2015,496.82111841816953,427.47155392409906,97.07241375703221,340.42918722997763,1361.7942733292784,0.4436621352672986,264.047016644631,9.993982071781625,10,29.12552008642014,18.1950763264228,1256.6085579075225,0,0,26.023882934714106,16.863588312305165,1042.3672590001752,0,0,30.27604749800754,17.709282661116934,1257.4624132677773,0,0,27.487517291065046,16.31018541876331,1093.9435649134261,0,0,28.22824195255171,17.269533179652054,4650.381795088901,0,0,1100,2.254942069274164
Iganga,2016,384.33102897610974,502.2123030980489,81.39627531616168,307.42753052351253,1275.3671379138327,0.4818773681550327,254.60281178885387,7.481771424230752,10,28.392767592128934,18.09979604929786,1220.2687553803835,0,0,27.85890385470412,16.867724400486306,1125.0613766475883,0,0,30.78965625336221,18.152484178711934,1314.1253217990693,0,0,26.908340319443244,17.722792766518413,1132.2317815502115,0,0,28.487417004909627,17.710699348753632,4791.687235377252,0,0,1100,2.243377709115173
Iganga,2017,392.785984172678,378.61132575755863,96.8110373237727,326.3907467627515,1194.5990940167608,0.3988815764456491,179.9793457193048,20.95205353351706,10,29.831142900665238,19.9569639084875,1370.0135092275152,0,0,28.873691958465617,19.720294592688557,1301.3678267312941,0,0,31.478888405072166,19.675523529968512,1399.4345434120041,0,0,28.736812826323302,18.585771537021987,1256.9798571658457,0,0,29.730134022631578,19.48463839204164,5327.795736536659,0,0,1100,2.315042599123879
Iganga,2018,397.42210421863075,544.0139038742122,60.21125759300676,301.1206538671649,1302.7679195530145,0.5403648499832062,289.580422900924,8.837237057865414,10,30.057104437797083,19.16653399004173,1343.4255127763713,0,0,29.19232011838547,18.196869708099417,1245.8890511263119,0,0,32.56441116187488,19.49401149363217,1436.6986968499043,1,0,28.615195658179946,18.359943433899165,1241.4552764505718,0,0,30.107257844059344,18.804339656418122,5267.468537203159,1,0,1100,2.0754236773638493
Iganga,2019,493.33199920851234,494.9163057886505,158.14464959702184,348.6543032975369,1495.0472578917215,0.36902659775048574,230.31500176599963,21.00297910919808,11,28.522962043920007,18.489530677046343,1242.6171156631501,0,0,28.16228878954959,17.575294967589766,1169.6601697950114,0,0,30.69362691585988,18.529441967076654,1316.2590470285995,0,0,27.315795700722614,17.702088324154403,1150.5868033047614,0,0,28.673668362513023,18.074088983966792,4879.123135791522,0,0,1100,2.6797249808028747
Iganga,2020,438.10999028417353,583.9477608897472,83.89914627600966,373.4941815160006,1479.4510789659307,0.49167025087517907,312.88530381179993,12.272482482974704,9,29.951660840117878,19.602896540213745,1360.478196198378,0,0,29.487672561881794,18.588269604437027,1277.6212859042228,0,0,31.20274863950905,19.89970961641568,1412.5805292681282,0,0,27.803311277421482,18.049862054004752,1189.1480444242445,0,0,29.61134832973255,19.0351844537678,5239.828055794974,0,0,1100,2.018791183526957
Iganga,2021,368.5033857685629,533.4933926918394,101.94514692982712,288.44761514554887,1292.3895405357785,0.4805721963307923,269.8211984648303,17.281901413867853,11,30.758469609870698,20.50407047070861,1439.2180478224711,0,0,29.77401645638069,18.100126206268182,1268.7548659194856,0,0,30.935087841354797,19.818248520567668,1379.9692619165276,0,0,29.46528143336484,18.696366513897967,1294.1894562157695,0,0,30.233213835242754,19.279702927860605,5382.131631874254,0,0,1100,2.2376424102876458
Iganga,2022,406.01665487235925,504.0221304186302,53.68071837275981,338.3001477510415,1302.0196514147906,0.5149922914333921,270.11350440844626,5.9272645330373255,11,29.7554272522994,18.55561627646814,1302.4058706259098,0,0,29.07779108825373,17.275973472576897,1198.3305860638388,0,0,29.075147603573384,18.44274656380432,1233.671880348931,0,0,26.42623783972621,17.21429970228495,1087.1603793926968,0,0,28.583650945963175,17.87215900378358,4821.568716431376,0,0,1100,2.1255740157169964
Iganga,2023,638.5949779225608,575.7743490435201,123.95165601662028,382.7079105113463,1721.0288934940477,0.46580159918219366,332.3253139873964,19.08226311290165,9,28.252120701959928,19.175216130511327,1263.6043486039675,0,0,29.508676402618917,18.364238904962846,1268.2706284507758,0,0,31.043962869200758,19.88334787104793,1387.9789008271055,0,0,28.1057395205189,17.989192962937192,1200.07241227667,0,0,29.227624873574626,18.852998967364826,5119.926290158519,0,0,1100,2.8589523149053666
Jinja,2015,499.2354778121034,526.9147073536097,91.75058249804086,314.1738316190967,1432.0745992828506,0.48637952133745577,227.68742357719495,17.078286459356647,10,28.414452605080367,18.562293771379483,1240.0376140945384,0,0,28.63784596337199,17.231244230278943,1177.0814830330282,0,0,30.31562355204181,17.890738019776304,1268.4020827286995,0,0,27.503739204924443,17.844910374961724,1165.3150074811354,0,0,28.71791533135465,17.88229659909911,4850.8361873374015,0,0,1200,2.157477255557838
Jinja,2016,478.9632090957389,503.84193448151984,53.242675520715125,260.2554676759345,1296.3032867739084,0.5642052564687652,265.51292221945346,5.221946094866837,8,32.58976387155517,20.772206293214776,1535.1592105818709,0,0,32.24712607115578,19.437202560669064,1441.8596969820546,0,0,31.929274291164166,20.07525962842165,1452.0517012717469,1,0,28.03177509596796,18.62012011962983,1225.5324790688246,0,0,31.19948483246077,19.72619715048383,5654.603087904497,1,0,1200,2.1393457445737467
Jinja,2017,581.1405617070498,654.3715917966456,121.29376488752875,355.34672852466883,1712.152646915893,0.4873222194811478,327.4886614635201,22.42599756558845,9,27.030361248325864,17.976733005231715,1150.7860789242836,0,0,26.60438436134741,16.381250960929222,1046.7551866729552,0,0,28.04859936608531,17.925904652966267,1167.8440729099768,0,0,27.634752706566772,16.674444093527015,1118.9223966752058,0,0,27.329524420581336,17.239583178163553,4484.307735182421,0,0,1200,2.5194855688405977
Jinja,2018,456.88519764231825,440.3591365347685,75.38136702268997,308.10597106473654,1280.7316722645132,0.47674695789703664,245.75770270456152,6.562079135169448,9,28.730084371189744,17.93574210139867,1227.0634987903272,0,0,29.10754644843654,16.64363281594759,1171.0805384306475,0,0,29.792594381663907,16.55319794853043,1180.047977251301,0,0,25.263317461347143,15.753276713612932,966.1537553193226,0,0,28.223385665659332,16.721462394872407,4544.345769791598,0,0,1200,2.0879275922606273
Jinja,2019,447.8252848864447,411.9920829700443,105.22262964661151,354.5448625184961,1319.5848600215966,0.405930310529575,231.45856775243053,25.79385987349937,10,27.56071016539649,18.172586658649795,1182.5780452150234,0,0,27.96206043190106,16.938195263072174,1132.2230608136797,0,0,31.107492677122494,18.03890645053269,1308.2915534830506,0,0,28.598166870470084,18.22093112020647,1233.9454603037755,0,0,28.80710753622253,17.84265487311528,4857.038119815529,0,0,1200,2.5355681993888237
Jinja,2020,343.74231819517075,509.3827391165221,51.81068970679955,273.451311533091,1178.3870585515833,0.557614760652285,270.1840506268478,4.000462593242844,10,26.676561266355975,17.724586063967962,1123.0050711447473,0,0,28.13185055219016,16.321112284771132,1111.7433542870876,0,0,29.297459964264135,18.046833138891202,1239.4606917537326,0,0,25.68860262964928,16.558189985298593,1023.0738942723278,0,0,27.448618603114884,17.162680368232227,4497.283011457896,0,0,1200,1.6262372925553266
Jinja,2021,382.03850704866977,519.9070770696846,34.51880207922841,249.27697888279624,1185.7413650803792,0.6036712951135519,290.814891572024,12.369452715627585,8,28.093819274385663,17.78518105608406,1190.6820788251905,0,0,28.153334212833244,17.10114624507244,1149.0342759418897,0,0,29.534465785083835,17.5171511229544,1213.613390948146,0,0,25.69373626208529,16.728591249936112,1030.7257264653845,0,0,27.868838883597007,17.28301741851175,4584.055472180611,0,0,1200,2.1208120720301182
Jinja,2022,456.0356500505983,691.4548063139025,99.95681407396407,319.4474770561017,1566.8947474945667,0.5480044637129138,354.96947264221666,17.654767490194697,8,27.598657794278452,18.349789958948968,1193.2817354347067,0,0,26.49776959022248,17.07135631442821,1073.5026074018779,0,0,29.486494558943168,17.48876770418296,1211.9996766568763,0,0,27.049284880397412,16.069242076382853,1061.6693372956533,0,0,27.65805170596038,17.244789013485747,4540.453356789114,0,0,1200,2.2412074599150142
Jinja,2023,449.9464234727773,499.3918962821424,31.44336329076385,345.29626644517873,1326.0779494908622,0.5488745495946084,237.39327458564458,15.797148756541901,10,27.972581670141157,18.044373166076248,1197.200257397675,0,0,29.04582137646956,18.021571129081227,1230.2120001153726,0,0,29.605412744603544,18.96659416514458,1282.6358174135023,0,0,25.3871249607716,18.341839550058577,1091.9533796399578,0,0,28.002735187996464,18.343594502590154,4802.001454566508,0,0,1200,2.2183075042696077
Tororo,2015,481.03732307826465,547.0238379057962,70.8296614009094,314.6238089705135,1413.5146313554835,0.520124469714537,263.65190025972146,8.858119782097175,9,27.99791477372044,18.02056869352501,1198.0653549406557,0,0,27.305472161713805,17.019350180837076,1106.4544915460126,0,0,29.25773508187969,17.714041564981688,1211.810036916684,0,0,27.623631141805106,17.241625774702687,1143.6834670186124,0,0,28.04618828977976,17.498896553511617,4660.013350421965,0,0,1200,2.464883242716228
Tororo,2016,554.4985904478953,682.2072307347046,106.02214594310377,389.80337907364014,1732.5313461993437,0.4973845963052705,328.50959822205004,22.054130906945588,9,28.37661906014416,18.45134244553469,1234.0901204133763,0,0,28.199258020671447,16.189125576349667,1110.2107803424365,0,0,29.439299382800375,18.252453207136654,1258.1441338174495,0,0,26.151916381152358,16.751670173569554,1053.1884106085388,0,0,28.041773211192083,17.41114785064764,4655.633445181801,0,0,1200,2.7555672754133376
Tororo,2017,531.7691202744772,587.1705299741385,98.82460505282118,417.0877470733603,1634.8520023747972,0.4627617849815943,281.75383721035263,19.20625441465372,11,29.125113927186387,18.319323489514165,1262.1523945183378,0,0,26.15462622102578,17.32754453258345,1069.1070509056287,0,0,28.93233450060836,18.54873019071837,1234.2344336495491,0,0,27.005811506218766,17.922291132452063,1147.5761854039015,0,0,27.804471538759817,18.02947233631701,4713.070064477417,0,0,1200,2.6847229047938144
Tororo,2018,526.4819543776154,500.526843593827,75.66696177101568,333.7662084823788,1436.4419682248367,0.5000659324865038,263.48390737027216,17.265830715039677,11,27.762307174537643,18.326758285101366,1200.8613077802663,0,0,27.417643753155364,17.259891048937277,1121.7531637121904,0,0,29.02448816527041,17.512801114880848,1194.0984382792478,0,0,27.01770027946658,16.348580294296166,1075.6105862693921,0,0,27.805534843107495,17.362007685803913,4592.323496041096,0,0,1200,2.2533503302502487
Tororo,2019,482.13046618580915,603.6405336892201,91.9478470176827,361.37015608795286,1539.0890029806649,0.492558680451153,313.7234073533483,11.233537753446422,9,27.24708266072174,19.07427508956931,1212.2122920736704,0,0,29.010453158613455,19.203849211396705,1282.9681921707283,0,0,30.358381126658177,18.992497778242594,1318.051587823312,0,0,27.563735337352743,17.428765779092505,1151.0661862902218,0,0,28.54491307083653,18.674846964575277,4964.298258357932,0,0,1200,2.644381464724715
Tororo,2020,635.7459237067662,603.7870673116065,129.36256786931625,442.87606077328485,1811.771619660974,0.4429021186513628,303.89003029154475,21.51634274699034,10,28.19192374141936,18.54299417522179,1229.7044182000463,0,0,27.801398628783605,18.845872597795573,1212.9271739763344,0,0,30.848510821265574,20.578602863180194,1429.8264963876738,0,0,26.192870655588408,17.69821508143892,1098.5892090121122,0,0,28.258675961764236,18.916421179409117,4971.047297576167,0,0,1200,2.560471922471225
Tororo,2021,506.47374020955294,553.6579269179197,90.26261834356661,387.19665688574605,1537.5909423567853,0.4691220804624586,265.5544724028803,10.93266774609561,8,27.658544228825246,17.14186254244669,1142.2910685343745,0,0,27.537882236035955,16.10598594878589,1077.0951306723439,0,0,29.63130601018425,18.351706831548892,1258.1928697661388,0,0,25.421677181618957,16.274914337802944,996.6291277835869,0,0,27.5623524141661,16.968617415146102,4474.2081967564445,0,0,1200,2.450355196012232
Tororo,2022,451.78636372922557,568.0202949563239,104.55106701871779,378.9143851894513,1503.2721108937185,0.4537301699038959,307.09723424634046,15.038269183576359,11,28.193365827824906,17.975701159413884,1202.8035972336393,0,0,27.149614719350463,16.595033527228875,1080.7649937146307,0,0,29.503791713734497,18.06224687115973,1238.1513873839444,0,0,27.930368047049217,16.57059172940925,1126.8606403973472,0,0,28.194285076989775,17.300893321802935,4648.580618729562,0,0,1200,2.342048652097677
Tororo,2023,409.6695214012732,512.0992683987224,117.29713444731308,340.1442918824944,1379.210216129803,0.4202212151018135,252.85086360009268,19.45444136837207,8,27.743878118133694,15.96239484944921,1091.1070404088139,0,0,26.696350923220326,15.571373713012491,1013.3893009847351,0,0,28.868080331674633,17.09197183496396,1165.0786083427045,0,0,25.734967907973385,15.394136171652022,971.2829518492799,0,0,27.26081932025051,16.004969142269424,4240.857901585534,0,0,1200,2.5958741556181186
Soroti,2015,264.9796718667697,410.56561470227876,102.15417374899991,368.9735005383977,1146.672960856446,0.41510135866131337,215.13653702714748,17.470060655492038,9,29.682624297410342,19.196852403006663,1330.2191036540917,0,0,28.259385111351477,17.258839536722537,1160.7376255042068,0,0,30.545349185789377,18.80641866878757,1314.1528148281911,0,0,26.301556085037216,17.716263369645265,1104.0878120231296,0,0,28.6972286698971,18.24459349454051,4909.197356009619,0,0,1100,0.9486037110004333
Soroti,2016,348.0968512675215,522.3696700411317,86.94019233997153,415.8659904567241,1373.2727041053488,0.46757378239437725,245.72463934345652,14.612582927956636,10,28.579731760893907,17.202203418378378,1185.865229745857,0,0,27.008363729964753,17.8729850828021,1131.3941241815396,0,0,28.44606431679209,17.565262613474456,1180.2111885170962,0,0,25.968099028879077,15.793598488781162,1000.1103976669838,0,0,27.50056470913246,17.108512400859023,4497.580940111477,0,0,1100,1.6586773341232848
Soroti,2017,338.7212202023957,609.6851240154591,114.79107230629127,484.43267264176416,1547.6300891659102,0.4757173371702148,302.6239232951394,24.013391016787395,10,26.695172722065752,19.437444216158287,1202.1627615491122,0,0,30.333905903548658,18.33819880526462,1304.0974847542207,0,0,31.45169102523459,19.765848240614286,1404.2488281784947,0,0,28.665781901938036,18.53948706212142,1251.433106764662,0,0,29.28663788819676,19.020244581039652,5161.94218124649,0,0,1100,1.6858595322371952
Soroti,2018,275.7697165668232,295.20594464241583,58.79479477304553,307.5477142266402,937.3181702089247,0.43518281194247177,156.78173284284426,11.507912341060052,9,27.617899208840086,18.051760907050177,1179.999175735,0,0,28.64844714114298,15.947236496627832,1118.2879442790177,0,0,29.536225791828684,16.266395902172224,1160.0524718955462,0,0,25.98722981832851,15.732011417039184,1000.0238702367662,0,0,27.947450490035067,16.499351180722353,4458.36346214633,0,0,1100,1.245349282977662
Soroti,2019,445.11514575634754,634.0474645325686,116.56031546970914,532.0030284125777,1727.7259541712028,0.44907662926800007,331.0285913335327,18.76522202523921,11,29.44023839908949,19.04014626492694,1312.1048272245494,0,0,29.1019893999996,17.845827932630865,1226.0120240001527,0,0,32.02268632850815,19.44329764355472,1411.614208655135,0,0,29.027525837414473,18.598418665787605,1270.3469494451676,0,0,29.898109991252934,18.731922626725034,5220.078009325005,0,0,1100,1.9470598820447387
Soroti,2020,364.6623743201933,433.7323510632279,125.16943451305968,428.6281764685229,1352.192336365004,0.37238121104837296,241.62250177108322,12.889434124871446,8,29.054382528885355,19.35296788393926,1307.0392382982245,0,0,27.785427072334233,17.751971754898115,1161.5160919723396,0,0,29.940116432494666,19.120457942132578,1319.7294168032572,0,0,28.60761858617568,18.263243376785436,1235.9699784065754,0,0,28.84688615497248,18.62216023943885,5024.254725480397,0,0,1100,1.3941558560275455
Soroti,2021,328.5149645134708,454.33614612530585,112.15183285299119,366.7291306027156,1261.7320740944833,0.3991858215958506,220.90759889832412,10.696354779477787,9,26.835493444178496,18.952172396821307,1186.197429509224,0,0,27.643368023108554,17.629178756798538,1150.0431295171077,0,0,32.05719899699031,18.462441029130975,1369.314092509888,0,0,27.086478280353727,17.27198104652396,1121.531805925676,0,0,28.40563468615777,18.078943307318692,4827.086457461895,0,0,1100,1.4929843212628007
Soroti,2022,370.6300034767829,519.4815663138845,53.0387857684875,316.45034312295957,1259.6006986821144,0.5350057454194627,285.29431959491245,10.501367687979208,10,29.239211569625308,18.665328317229157,1284.4518295605028,0,0,28.71106027451989,17.72742093100564,1203.3667861566473,0,0,31.638119577580685,19.121066081166934,1383.5559609926997,0,0,26.77700943200884,17.859272342099842,1132.1516354055948,0,0,29.091350213433675,18.343271917875395,5003.526212115445,0,0,1100,1.4963203048284204
Soroti,2023,315.20482271918735,520.8611306221886,77.0638518217398,397.76504732230165,1310.8948524854175,0.4948340327493587,280.9621622421359,13.674415966164057,10,29.342802395115523,18.76309901106497,1292.094206080183,0,0,28.116906251265885,17.533771467432782,1166.3158079710906,0,0,31.23560248727884,19.74922944285579,1388.7787793484986,0,0,29.156314692911923,18.089038854596243,1253.0613245129973,0,0,29.462906456643044,18.533784693987446,5100.250117912769,0,0,1100,1.6923209502016945
Lira,2015,413.2140143406871,437.7293447822939,97.9596700462273,435.50934293030986,1384.412372099518,0.41486513963525523,183.68988266268465,10.410319111042343,11,30.501346118583285,19.107646434349643,1363.3124182599938,0,0,30.40119154282465,17.9201982951236,1289.20957986818,0,0,29.192585506857313,18.856400903920107,1261.9369004735909,0,0,27.77131227528532,17.11198510986287,1144.4170436476352,0,0,29.466608860887646,18.249057685814055,5058.8759422494,0,0,1100,1.5297303428993887
Lira,2016,251.70020533268328,217.18243409981784,44.47904799909037,331.9552237596498,845.3169111912413,0.49659412836062683,185.60855941442654,9.066677451834721,11,30.332839832008798,19.865743942320734,1389.7345756977584,0,0,28.34931291204971,18.264918501638117,1210.6665438254227,0,0,32.09350251291181,19.876586109806947,1450.659023224587,1,0,28.594087400151796,20.143302242155233,1322.153750872713,0,0,29.842435664280526,19.53763769898026,5373.213893620481,1,0,1100,1.2399169495417977
Lira,2017,251.81272938393113,389.0172162839539,58.852189343451286,193.37898411806287,893.0611191293992,0.5309690290716911,192.7262073517212,3.2863507213842826,8,29.78295293108307,18.13678523677082,1285.3851580990263,0,0,28.15516090442155,17.122032605015765,1149.284796954305,0,0,30.841853934840668,19.19089677105796,1349.5601474062394,0,0,26.870047766678955,17.445879560114253,1117.8531022751195,0,0,28.912503884256065,17.9738985432397,4902.08320473469,0,0,1100,1.0984358837303054
Lira,2018,290.65283063271784,526.2263211908157,99.71125372976537,375.84870024806065,1292.4391058013596,0.47695490029969784,304.2150127678373,15.021742250625937,9,27.427434393312012,17.79750858432553,1160.0066931404199,0,0,29.245186134382937,16.331592002322584,1163.802499824637,0,0,29.26888526462021,18.397855053113535,1240.6850654692284,0,0,27.790859532010373,15.906824814571289,1090.2799620954427,0,0,28.433091331081382,17.108445113583233,4654.774220529728,0,0,1100,1.2151944721115582
Lira,2019,259.99446584138104,424.30795786856777,44.346623374163684,312.17865214568735,1040.8276992297997,0.5305209077084582,188.1964210825069,17.214729560275895,8,28.367757784710193,18.47089243996179,1235.4795338855747,0,0,29.201961809682754,17.646619456106816,1221.7466480909777,0,0,29.889666742788563,18.1382704900622,1259.3298894451818,0,0,27.58744570966675,17.465484976364976,1153.404254699462,0,0,28.761708011712063,17.930316840623945,4869.960326121196,0,0,1100,1.2145725569466268
Lira,2020,347.0835699302413,534.2246524233889,96.6012285827583,333.6070179310788,1311.5164688674672,0.473643301299193,252.3840827665415,18.997726771542318,9,28.290697527584893,17.76055677615308,1199.2117378483338,0,0,28.523164200408598,16.726986316077557,1148.3490405166706,0,0,30.298736562848763,18.812870590284472,1324.6088549730416,0,0,27.897275933274106,18.10699004211073,1196.376382150763,0,0,28.75246855602909,17.85185093115646,4868.546015488809,0,0,1100,1.2477902473774563
Lira,2021,194.34195659259763,353.9056825853161,106.69639141174832,422.1413137906067,1077.0853443802687,0.4645024799530052,206.08993610417576,20.665516717236887,10,28.951245569700927,18.88698511149875,1280.671557779605,0,0,28.572220307137215,16.621456401917914,1146.1784796112406,0,0,30.919254959903494,19.17631007146545,1354.6706490596753,0,0,26.62861098224685,17.409963322116372,1105.8589081338027,0,0,28.767832954747124,18.023678726749623,4887.379594584324,0,0,1100,1.3409249132240475
Lira,2022,283.3385785482682,481.94995563985543,115.89593664573704,262.89238911742416,1144.0768599512849,0.45543116257107624,224.76486088034332,14.793280022020816,9,29.364174886492762,19.043208892607055,1307.564586206677,0,0,29.46798939106523,18.546223414674245,1275.095764300242,0,0,32.849373897805755,19.34041415563503,1444.8774682716537,0,0,28.451408453117335,17.411581066044327,1189.3618560630912,0,0,30.033236657120273,18.585356882240163,5216.899674841664,0,0,1100,1.2319751867636397
Lira,2023,241.09420106436727,525.5376748941665,91.22183796555353,331.7092825414751,1189.5629964655623,0.5287481062230027,292.3677202248837,15.59048119916368,10,27.369730881848827,17.7386098480808,1154.3019255506645,0,0,27.477758265805164,16.66086430625825,1098.4616380628624,0,0,28.45853164957727,17.781506725573575,1179.0631597041488,0,0,27.91954812975672,16.57513935563162,1127.3996332238244,0,0,27.806392231746997,17.18903005888606,4559.2263565415005,0,0,1100,1.260352372874988
Gulu,2015,255.93499976691234,498.41294410610055,53.06348296390724,283.7479749705659,1091.1594018074861,0.5784273793957585,277.12111077162155,2.2956673772583818,10,29.538410603289226,17.940389965850873,1264.8299314446722,0,0,28.59786417798057,16.67078017661796,1148.9745739520163,0,0,30.561560552671875,18.39934168315591,1299.2069226910157,0,0,27.08538244528417,16.137341205310356,1068.2334117934918,0,0,28.94580444480646,17.286963257733778,4781.244839881196,0,0,1100,1.0883908059953453
Gulu,2016,286.12174808845646,335.43879686645676,46.07389778580181,264.60243530884696,932.2368780495619,0.4761370111478047,150.43958303963205,7.921591104024437,10,27.435055041022043,18.579276338263295,1197.70417721211,0,0,29.02534510883258,17.23747425342881,1195.4083726862991,0,0,30.488447117815593,18.324692514078134,1310.4587990857756,0,0,28.68753181086019,17.99445176400816,1227.3951895516059,0,0,28.9090947696326,18.0339737174446,4930.96653853579,0,0,1100,1.4188245554957817
Gulu,2017,298.6013191186665,400.03416376405403,68.95312864114086,327.4110782519747,1094.999689775836,0.4525354492781139,185.53704594994105,8.829286595754787,10,29.564946931772056,19.423209071733556,1333.299481001125,0,0,28.946469853380762,16.780288113015104,1171.5416985901068,0,0,31.02238719530762,18.56813136161442,1327.5093498719716,0,0,27.351803551018715,18.042354497182185,1167.1860477188297,0,0,29.221401882869788,18.203495760886316,4999.536577182033,0,0,1100,1.2449165650019398
Gulu,2018,351.2645179305566,355.1996276258959,84.41839617510388,324.3538876754644,1115.2364294070208,0.40478456986719685,189.01178718481114,10.253436913138062,10,29.820829492833866,21.522349302707095,1441.556077311735,0,0,30.333998292378894,19.409772515330882,1353.9049572209562,0,0,33.058193099734744,20.927109885289962,1525.8254830327735,0,0,27.484617345324924,19.911619168611388,1260.7906859455215,0,0,30.1744095575681,20.44271271798483,5582.077203510986,0,0,1100,1.565505597873871
Gulu,2019,219.92742200812998,334.13338260480697,16.73172702516824,310.0930859281288,880.885617566234,0.5674334309155652,144.28385673060583,4.12733449937768,10,28.58517496109847,19.30120555434681,1283.3811650017783,0,0,28.69590925603409,16.406877124656063,1141.988752740775,0,0,30.740175174024827,18.520682596768342,1311.4054118698114,0,0,27.22976853611313,16.498229930493157,1090.9369085187866,0,0,28.812756981817632,17.68174880156609,4827.712238131151,0,0,1100,1.1756383757027447
Gulu,2020,288.1216303555804,363.17604826164626,54.910688088716235,367.9060598869591,1074.114426592902,0.474172290320478,172.41519255301657,13.330241908445082,10,28.676774521490575,18.43649895543602,1249.0949584094594,0,0,26.226748221422373,16.272413223292173,1023.5369239676651,0,0,30.951731272683958,18.797437550533232,1353.201621621318,0,0,26.008068753692708,17.098013705270983,1062.6011448620322,0,0,27.965830692322402,17.6510908586331,4688.434648860475,0,0,1100,1.1688266394847817
Gulu,2021,231.80795088417491,535.0267145526336,16.254382712328706,256.0840039978368,1039.173052146974,0.7093987887755598,270.9079429641243,3.156033381116365,9,29.668258886273367,18.95143907018343,1315.7855660835355,0,0,28.11635123650218,18.359976534454976,1205.8780124903774,0,0,33.639706449733005,19.745733272918926,1499.113177676796,0,0,28.86424558633547,18.14566773510953,1243.7213075250413,0,0,30.072140539711004,18.800704153166713,5264.498063775751,0,0,1100,1.2765962374631799
Gulu,2022,305.43727832438793,524.742772223125,77.08787529730269,368.8288908672459,1276.0968167120616,0.5042607950098252,254.13384678911316,10.409948095854647,9,28.632817103347023,19.227051762508683,1282.344335360009,0,0,29.171289428838236,18.45143081935836,1256.36567047077,0,0,29.94407770909078,19.607926343038102,1327.0370520178997,0,0,28.22750705300722,17.931310504473753,1203.0165722804538,0,0,28.993922823570813,18.804429857344726,5068.763630129132,0,0,1100,1.3922776182542844
Gulu,2023,321.082993061299,488.73711348257643,11.163847430468252,348.06758522188017,1169.0515391962238,0.5964829482129188,238.96449036773745,6.598725926718421,11,28.37753189470276,18.60331070753947,1241.0593264128217,0,0,27.83922583358631,18.26591010260861,1187.1585062944391,0,0,29.334630769871605,18.806486939386406,1261.5928664931134,0,0,26.59312226081551,17.13853909241343,1091.199879607665,0,0,28.036127689744045,18.203561710486976,4781.010578808039,0,0,1100,1.4663936332786898
Mbarara,2015,244.21145620780624,250.35651151220426,70.53179375572631,204.79359212376733,769.8933535995042,0.3768888928653597,158.7070020016078,13.389935828108532,9,26.45445657006647,16.866542098402494,1073.5059084128238,0,0,27.325610180313802,14.858275404616663,1009.8549302931883,0,0,29.475579383501707,16.29614636331426,1152.4072066180886,0,0,25.355573586355515,14.936516234621893,932.384044084218,0,0,27.152804930059375,15.739370025238827,4168.152089408319,0,0,1400,1.388410846406103
Mbarara,2016,424.3666362425057,473.11703629397294,80.1189347890587,275.8134996216862,1253.4161069472236,0.488317554399793,239.86240574939802,16.19783917052466,9,27.02006473823697,18.082110269082555,1155.1958519334214,0,0,27.598662190069277,15.95001724925074,1071.2537302359822,0,0,28.161378911178158,17.634691433594824,1171.3799256757918,0,0,26.24351638951875,16.254633832557733,1034.366324507522,0,0,27.255905557250795,16.980363196121463,4432.195832352718,0,0,1400,1.9003850206617798
Mbarara,2017,385.07723617569843,537.4643050380553,166.0323761795395,289.1512650804513,1377.7251824737446,0.39435149417355453,273.6965642450344,25.375258198888698,9,24.994038284309568,16.658238283275264,995.5692984903449,0,0,25.80759500155649,14.403191871660795,919.963805966556,0,0,27.281135877444665,15.789805819086657,1036.403243449389,0,0,26.9433138156689,15.263986587814578,1021.208355610201,0,0,26.256520744744908,15.528805640459325,3973.144703516491,0,0,1400,2.0871851762407365
Mbarara,2018,425.71584913202895,455.1710331216433,85.60379260041975,279.77628323567785,1246.2669580897698,0.46985657954277915,253.3250158378135,12.044110975508424,9,25.138429167387788,16.465468450163574,992.5115997152849,0,0,27.204725050108767,15.664757985556486,1041.3365092254348,0,0,28.46173549724738,15.859248999196629,1094.8392258696804,0,0,23.380570896199043,14.361968639652408,817.0347331301734,0,0,26.046365152735746,15.587861018642277,3945.7220679405737,0,0,1400,1.888768761013113
Mbarara,2019,379.31880105012124,575.7788995251119,148.42900303985522,313.13100182437597,1416.6577054394643,0.4322806695138472,325.4253660137173,20.86922117779134,9,26.85238756794268,18.09961673491141,1146.8052170872184,0,0,24.703833558698893,16.587737735151585,968.9900731394355,0,0,28.89443627074762,17.246499019522616,1175.6971044707152,0,0,25.921499146849502,16.106080844271744,1013.0015291931177,0,0,26.593039136059673,17.00998358346434,4304.493923890486,0,0,1400,1.8339964785365768
Mbarara,2020,340.2798700640688,458.4418129902566,67.04626717699921,125.06080284735202,990.8287530786768,0.6404103190757134,232.83152333123692,24.392235779825953,10,24.525531401400603,15.505208859555736,921.4824892504381,0,0,25.59681836848966,13.689191224577817,878.7934487721334,0,0,26.388737501413278,15.38057831515899,990.1920553776762,0,0,22.430548975502546,14.002885401945102,755.9199307880813,0,0,24.735409061701528,14.644465950309412,3546.387924188329,0,0,1400,1.4654330272760838
Mbarara,2021,431.4080075824436,515.1616940734447,111.97547501899993,237.97304085015946,1296.5182175250475,0.48886875116066647,267.01021417944224,28.07270165220849,10,27.191005080087233,16.726019044631354,1100.0203955898294,0,0,26.554067231322335,15.479598048265105,1001.0621455106798,0,0,29.45421409508229,16.780359408754382,1180.0428729481098,0,0,24.070971540045548,16.726410172394086,957.4026579642547,0,0,26.81756448663435,16.42809666851123,4238.528072012874,0,0,1400,1.9419876474407145
Mbarara,2022,462.15982575531075,563.5019212133085,119.69660098014747,348.7399065381616,1494.0982544869285,0.44192156966726714,332.524782641404,22.569196832230215,9,26.32463548656571,17.311098571758013,1088.6687588974357,0,0,26.91147450584734,15.27208184917788,1009.4398599601385,0,0,28.659737057108078,16.626856923988388,1136.059447372255,0,0,26.00777085047581,17.091927928450424,1061.9333080477106,0,0,26.975904474999236,16.575491318343676,4296.101374277539,0,0,1400,1.9432550293416522
Mbarara,2023,361.26117684913226,410.1724825262401,61.63768368126049,301.9232203643269,1134.9945634209598,0.4716922909988637,206.55260060688815,3.823142781504812,10,27.840079588542938,16.015167488172555,1097.9517494143054,0,0,27.034707888449223,15.165051202827897,1009.7751374307296,0,0,28.907655990462217,16.237193136428463,1127.3561611566724,0,0,26.89334430444316,14.86610597670139,1000.8935512314733,0,0,27.668946942974387,15.570879451032576,4235.976599233181,0,0,1400,1.8766338299578544
Arua,2015,203.5766297447506,423.5429747297212,39.43176859451707,331.1295689381176,997.6809420071064,0.5782011281416136,211.63841827223587,0.0,10,27.877243881348758,17.370996411538716,1161.2339966525078,0,0,28.003652240514157,16.659255042772518,1122.8704276973758,0,0,29.29331559617715,17.711676160011162,1213.8505738848771,0,0,26.383881474391398,16.585173530220896,1056.3612420931674,0,0,27.889523298107864,17.081775286135823,4554.316240327928,0,0,1200,0.8268633089222214
Arua,2016,355.66531084440726,616.5270510116992,105.94715424869062,376.8151514750161,1454.9546675798133,0.4967560339693478,286.1330073310162,30.52465805769774,8,28.600699409797368,18.7580799303465,1258.1373028123398,0,0,27.637775662751036,16.03835595381994,1076.4118189374567,0,0,29.76821790677627,18.782238435251617,1296.6332497608914,0,0,26.93654220118711,16.628160052065,1083.28352099319,0,0,28.235808795127948,17.551708592870764,4714.4658925038775,0,0,1200,1.6395312522879106
Arua,2017,293.2178647252498,564.1520584073106,77.69739647946352,409.8191328944938,1344.8864525065178,0.5279842021559742,333.474565997462,7.41404380691048,8,27.285009555374547,20.08378013153533,1259.0268722905103,0,0,27.686227385532145,17.787529976064402,1158.704668127136,0,0,31.35025546617146,18.654578014183922,1350.3557932727495,0,0,27.0600679820682,17.400666152628435,1125.5290414691035,0,0,28.345390097286586,18.48163856860302,4893.6163751594995,0,0,1200,1.1695853948939394
Arua,2018,395.1025516192685,345.03123312935793,104.83989001082134,443.8349272261923,1288.80860198564,0.4042977777050538,180.44965896493312,15.759877031401812,11,28.465517273946215,17.614376655660116,1199.3702890353459,0,0,28.97384853264322,16.48131389914325,1158.6755208405787,0,0,30.2488416378545,17.195273289434862,1233.978459700015,0,0,25.440505083930347,16.84060357896641,1024.7305236070106,0,0,28.282178132093566,17.032891855801157,4616.75479318295,0,0,1200,1.2002071467730129
Arua,2019,307.7970433684436,528.4879756177622,97.26476462695895,322.4765827072629,1256.0263663204278,0.485827150447396,257.00616838422104,15.862844989928107,9,28.960416666059846,17.94632571094624,1236.6962606526222,0,0,27.0095431262361,16.366863691523772,1062.3851618337214,0,0,30.917809170264857,18.750605003491312,1329.4348235341574,0,0,25.81571197919728,16.931948123720762,1046.5973137257406,0,0,28.17587023543952,17.498935632420523,4675.113559746242,0,0,1200,1.1776710900673937
Arua,2020,430.6306191183474,621.6866555749957,60.756218293784904,421.3091508884884,1534.3826438756164,0.5287393048604121,320.63081901205624,4.015397337837756,8,28.72369891688257,18.46197856263075,1251.1884624286592,0,0,27.66075994162888,17.076600992091937,1125.1939445283335,0,0,30.557856881565368,17.30040880452218,1265.9655688695211,0,0,26.768436524438602,16.397028008386638,1066.031028309792,0,0,28.42768806612885,17.309004091907877,4708.379004136305,0,0,1200,1.453824261273316
Arua,2021,398.9279332410069,508.06627556868284,92.71108505853209,445.59792248747954,1445.3032163557014,0.442386080125827,286.9610826379409,10.416400688224043,9,28.954895818014958,19.415000518764334,1303.3707524662461,0,0,28.554993177032998,17.724372429006742,1195.4612760998102,0,0,33.03542149585842,19.491164282499643,1463.1015800768294,0,0,28.115235648771904,18.078255428029486,1204.9001035674567,0,0,29.66513653491957,18.67719816457505,5166.833712210342,0,0,1200,1.4860930209251968
Arua,2022,338.0094878498485,576.5774998317542,54.41593266686391,470.0500762467929,1439.0529965952594,0.5434143718201546,284.5907071870173,6.455707008548787,9,28.037244021669167,17.5755829231939,1178.556085784907,0,0,27.338042120086616,16.53676616394937,1085.668619674574,0,0,29.859158856325337,17.205232582410613,1219.5320091145,0,0,26.239777590409247,16.501262405023947,1046.0458663370255,0,0,27.86855564712259,16.954711018644456,4529.802580911007,0,0,1200,1.3243821113055314
Arua,2023,437.32909075724876,480.27175287592894,108.97927780021867,386.7663472997907,1413.346468733187,0.4101180683480558,265.0697711685562,7.313824531498817,10,27.518990548862647,19.43453509463738,1240.2247336513044,0,0,26.815269731074782,17.656399200538818,1113.2915503635095,0,0,31.38071245077816,18.54342368071836,1343.9231866237778,0,0,27.860650464896878,17.32808885933146,1160.1847715382787,0,0,28.39390579890312,18.2406117088065,4857.62424217687,0,0,1200,1.7300123335226711
Masaka,2015,436.05284571413546,479.96590282362007,107.38400198491162,336.6627300921055,1360.0654806147727,0.42349355449701126,262.0489890521405,18.468471907462135,10,28.462106156932112,19.273575994584476,1276.794618751615,0,0,27.96606783936169,17.42286846012021,1155.7054476680019,0,0,30.27785383655123,20.374471716700636,1375.1676236558567,0,0,29.73710304499154,17.781378222490734,1265.5003225226621,0,0,29.11078271945915,18.713073598474015,5073.168012598136,0,0,1200,1.8693225175488524
Masaka,2016,545.5175478130866,549.3535427525389,81.14207750313332,317.13551322347314,1493.1486812922321,0.5173203745054397,248.90782378112297,14.027766695125814,9,27.134176974286685,18.45376985067954,1176.3283780668698,0,0,27.384486707893657,15.0689382333004,1021.0734992409473,0,0,29.005636941104758,16.36212652730158,1153.558896153316,0,0,25.594085675541532,16.272900323785265,1006.3136141272661,0,0,27.279596574706655,16.539433733766696,4357.274387588399,0,0,1200,2.3893955477614437
Masaka,2017,391.1869762822888,536.2458806487292,54.66804580216757,384.06747578152215,1366.168378514708,0.5165047821031402,277.57488997262544,10.391489638597307,10,27.840734193288313,18.256136694143148,1201.3522569995812,0,0,28.581044321510365,16.428283108409925,1136.9248588864186,0,0,28.67670285285607,18.47960537932286,1222.1769187741684,0,0,25.580781339344004,15.982783136335177,992.0487934359031,0,0,27.66981567674969,17.28670207955278,4552.502828096071,0,0,1200,2.105817190373931
Masaka,2018,430.51896019342,589.5792424116703,102.25013996522391,405.2112591203583,1527.5596016906727,0.4614938578414146,302.4619002821706,5.193082946781747,8,29.24150887992366,19.106333430935035,1303.6829272195646,0,0,27.83189045162764,17.38036179096298,1147.9578933463713,0,0,30.39868401919057,20.005536316454926,1364.6116923883897,0,0,28.099503874136598,17.01166617226235,1154.67600537027,0,0,28.89289680621962,18.37597442765382,4970.928518324596,0,0,1200,1.9934485710323475
Masaka,2019,420.42401479853345,542.2655470967721,82.01673952451495,322.9809960759396,1367.6872974957603,0.4941906280607344,242.99955161142162,9.053290356864636,10,26.478940572870755,18.828822469990282,1163.931210643192,0,0,26.389526808583152,16.378084253175235,1035.5777060001255,0,0,30.53857795666318,18.10279681191885,1284.5132065218627,0,0,27.032011136584984,17.42647532650416,1123.9722285162986,0,0,27.609764118675518,17.684044715397132,4607.994351681479,0,0,1200,2.2328134074023063
Masaka,2020,388.9514223102809,313.68450058849874,131.62366191510233,262.7683758856666,1097.0279606995487,0.34197531185502705,196.38212729409483,22.832460968595214,9,28.294298297452325,18.69972469787273,1241.9227529773505,0,0,28.764749761795517,16.67821464117056,1157.9116342827583,0,0,28.30422666492325,17.44110616954027,1167.405871242665,0,0,27.6500703631667,17.949836101344346,1177.7604745112023,0,0,28.253336271834446,17.692220402481976,4745.000733013976,0,0,1200,1.8491721976164166
Masaka,2021,406.397578898399,619.0668027218612,86.03623128777313,358.92204176383956,1470.4226546718728,0.5163107440839343,295.4698728584129,14.164429428810713,10,27.315310200347415,18.77352231070255,1200.1688479793283,0,0,27.321343377400762,16.596732001002426,1088.8208347555214,0,0,27.90573979454044,19.256537095516574,1224.2280721684979,0,0,26.241287280863464,17.87267422555795,1108.231895166742,0,0,27.195920163288026,18.124866408194876,4621.44965007009,0,0,1200,2.059674387250465
Masaka,2022,443.4756969149589,582.2251565271315,127.68056774904755,424.09048509284094,1577.471906283979,0.41993928188694485,269.3569595583305,25.927507161565106,10,27.312989484076155,17.12325146733136,1124.1282236648917,0,0,26.56984235827476,16.518000112333382,1048.8195784928623,0,0,29.63153518761065,18.010240770844366,1240.5261000681448,0,0,26.697698020324868,16.40830421402269,1061.9656659565374,0,0,27.553016262571603,17.01494914113295,4475.439568182436,0,0,1200,2.2649274744759915
Masaka,2023,380.10378994986155,451.9057637045051,102.22743863436344,309.2019128793316,1243.4389051680616,0.4201050629820956,199.24599467805052,18.93889569409039,11,28.64323156638312,19.07360593749549,1276.6212775445413,0,0,28.19102239782003,16.683314613846672,1130.7302250913676,0,0,31.29428874302705,17.90159756513734,1314.6112553048006,0,0,27.20916737139649,18.096720158172563,1163.6061893600686,0,0,28.83442751965667,17.938809568663014,4885.568947300778,0,0,1200,2.3620249904962884
Fort_Portal,2015,472.1561406551724,578.902329983171,106.71612412433544,328.99805456224243,1486.7726493249213,0.4757204862428021,258.92012775763055,17.496496150700317,11,26.264434988799014,16.927163002845496,1069.2101692047422,0,0,25.74504025860969,14.875005617464808,937.596212472448,0,0,26.972956667383027,15.903136126123222,1023.2945602805103,0,0,25.170201199528098,16.086743851865293,977.5814590037746,0,0,26.038158278579957,15.948012149574701,4007.682400961475,0,0,1500,1.814905363110976
Fort_Portal,2016,409.9749751506015,521.0407396537594,83.7522460970424,245.78762784448307,1260.5555887458863,0.5255912890287912,281.58342689353776,13.760931913557124,11,28.128810016803794,18.079828947745266,1204.5675414659413,0,0,27.165040156542812,16.952096944889835,1096.7730682693384,0,0,27.866743747669332,18.224636401107905,1186.3083778894293,0,0,28.056432089933992,16.73656593926973,1139.5297036817128,0,0,27.804256502737484,17.49828205825318,4627.178691306422,0,0,1500,2.0381001970560617
Fort_Portal,2017,387.80392267998894,572.4454849228064,83.86681114620714,325.4449238900007,1369.5611426390033,0.5102969655213875,265.3730449768604,20.367436003892017,10,27.287477497888023,17.573165560232827,1144.481808505256,0,0,25.44531258465518,15.717325572397522,962.8127126754987,0,0,27.520972366151245,16.65665684156259,1086.1784296942474,0,0,26.292416287810866,15.995192795026554,1025.1867048654867,0,0,26.636544684126324,16.485585192304875,4218.659655740488,0,0,1500,1.997546876538249
Fort_Portal,2018,349.4921001125333,556.0548663575297,112.44716370985942,320.1541170322669,1338.1482472121893,0.46984895036916396,248.3162257180254,20.07644528098953,9,24.961101133618893,15.09281505330644,922.3493319388933,0,0,26.24826476539148,14.999501168025754,965.9529352564487,0,0,27.741620777953973,15.676747492050737,1049.3568996148483,0,0,24.563335660304933,14.723888516950106,886.8673498181845,0,0,25.87858058431732,15.12323805758326,3824.526516628375,0,0,1500,1.854227876348875
Fort_Portal,2019,456.237143790701,534.0637666153345,152.32240026701578,279.1371641770919,1421.760474850143,0.42000360587740315,256.8347317576678,12.964008815740224,10,26.988817370446043,17.8633257873326,1143.9015106641586,0,0,27.305617162258418,15.537002591587205,1038.3368501854422,0,0,29.607888678546733,17.246540103357216,1204.634230435891,0,0,27.137050744795204,15.84153011117131,1056.5220251749986,0,0,27.7598434890116,16.62209964836208,4443.39461646049,0,0,1500,2.0631477901247877
Fort_Portal,2020,432.35430888000985,549.1133835111583,91.0478660386781,246.12270851162046,1318.6382669414668,0.5311109083559125,268.920999578369,8.452391784608297,9,28.147220328778186,19.203260554210303,1258.9418974135265,0,0,27.884732063543623,16.453549203034644,1106.6900521681189,0,0,29.748225154385022,18.523819282055744,1285.4533384421127,0,0,26.11899192213025,16.903294312141327,1059.280273035658,0,0,27.974792367209265,17.770980837860503,4710.365561059416,0,0,1500,1.9423115432067264
Fort_Portal,2021,241.42555618494254,354.6418979837277,71.10934231447939,279.8513402387025,947.0281367218521,0.43901962665696936,174.00648792893153,7.723632837325928,11,25.543956170436985,14.463271752965637,920.2549948314941,0,0,26.551882042356095,13.730566049043647,921.9935831029005,0,0,25.963884762310943,14.385451195239538,908.2344001840924,0,0,24.394959043045947,14.2600873101578,856.4952254022185,0,0,25.613670504537495,14.209844076851658,3606.9782035207054,0,0,1500,1.464435213294372
Fort_Portal,2022,411.4854294481793,409.787569030282,118.90732268718915,285.8283687252658,1226.0086898909162,0.39052272717171105,215.5917400042526,21.263730334070615,9,26.65432996607272,16.777378361104017,1078.5397205500449,0,0,26.678855967204907,15.078198724855019,989.7504803492038,0,0,27.817333287491635,16.479910195475664,1094.4047219381607,0,0,25.194840168026445,14.492173781603425,905.8747986837236,0,0,26.586339847198925,15.706915265759532,4068.569721521133,0,0,1500,1.8491920679746212
Fort_Portal,2023,466.0850038345256,585.4898242653073,156.29438226699654,334.4689123619583,1542.3381227287878,0.4133897673844927,282.82553120612425,25.20848923303962,11,24.860675953630732,15.66067990238279,944.4955860369603,0,0,25.35514208808047,14.940665099854717,923.4573990503236,0,0,28.624352712789904,15.94065026035927,1102.5932367955315,0,0,24.337177520435045,14.384254151476178,860.4259987915033,0,0,25.794337068734034,15.23156235351824,3830.972220674319,0,0,1500,2.3767469202388853
Hoima,2015,439.6468892160392,523.5843153955498,128.83143988553837,326.2881159349911,1418.3507604321185,0.4172567638598549,274.4507940528851,22.48652175184623,10,27.531060242068154,18.115493531558418,1179.631713573206,0,0,28.087520420575004,15.281827345489312,1063.5067647926787,0,0,28.894305201801817,17.769248396043455,1195.878492955737,0,0,27.167056229188045,16.602563445123085,1093.526130014885,0,0,27.919985523408254,16.942283179553566,4532.543101336507,0,0,1100,1.6287544737119724
Hoima,2016,285.2387785509659,410.75611568439115,72.74769499254914,271.7042287871327,1040.4468180150388,0.4651878035941309,216.2480398979824,17.54266410161888,10,29.123777272511603,19.853924209681846,1333.4648652854,0,0,28.620413450912135,19.17194873503364,1263.6657361477396,0,0,32.89602135946392,20.041487993048865,1495.8666056745012,0,0,28.67099379262282,19.56520940687526,1298.5890230312916,0,0,29.827801468877624,19.658142586159904,5391.5862301389325,0,0,1100,1.4071873786910716
Hoima,2017,351.5916708533629,396.8363493424783,79.60338227152343,292.13918603089337,1120.170588498258,0.43398464937343717,234.30933194159493,10.679173883406381,11,27.345691494153822,18.036807214382858,1167.899759872219,0,0,27.749773090121078,17.364635481674,1142.5665833388375,0,0,29.28286670012741,17.98296772656138,1224.5274058333237,0,0,26.618983562048527,17.96777753747536,1129.7963339092917,0,0,27.749328711612705,17.8380469900234,4664.790082953672,0,0,1100,1.7658988221952259
Hoima,2018,236.70138024066293,450.9453370277565,132.8261573684877,323.4974435547597,1143.9703181916668,0.4081650463312018,251.95016458962252,16.478612184084476,10,27.966960703126773,19.21300780910222,1250.5306110900406,0,0,28.070149155422286,17.941773697178565,1182.9042100544975,0,0,30.097644627139783,17.887401272091154,1257.9906618242512,0,0,28.220149987903383,17.442923069181564,1180.3022416228941,0,0,28.588726118398057,18.121276461888375,4871.727724591683,0,0,1100,1.3532134637141984
Hoima,2019,410.0639483562933,559.7742671387052,134.72472773848426,357.9431128256161,1462.5060560590987,0.4171319800416376,290.03261419149857,27.787494737693144,10,27.85735617840884,16.562584031643077,1125.0949720752342,0,0,28.383142976158677,16.526646593643886,1133.1600765286914,0,0,29.448170246337682,17.996780286313548,1232.3893463211605,0,0,27.37577602255055,16.729394634656156,1108.242313469703,0,0,28.26611135586394,16.953851386564168,4598.886708394789,0,0,1100,1.956110037208764
Hoima,2020,423.66662209620836,587.5883071628505,104.77346287041567,304.5844868284773,1420.6128789579518,0.4956874822375619,280.0033471598179,19.93702139954357,11,30.58417525062863,18.386196428352246,1333.0573541215447,0,0,29.375906419326157,17.118113274059443,1205.3993379813758,0,0,30.642205955246215,18.512188786882287,1322.410440066823,0,0,26.623318631052797,17.236824467875707,1097.7024493113042,0,0,29.30640156406345,17.81333073929242,4958.569581481048,0,0,1100,1.748183158436433
Hoima,2021,465.30234463123617,503.1561396697615,101.50585157912153,239.84128728155707,1309.8056231616763,0.5032015603092059,266.50314115542517,20.145062835558964,10,29.24340301834296,20.12571300160441,1351.3721650340105,0,0,28.901902442912768,18.609790077928263,1252.0810854729052,0,0,32.775544771239566,20.547267863131577,1495.24014600966,0,0,28.80818496335991,18.971612957920186,1278.6200463950695,0,0,29.9322587989638,19.563595975146107,5377.313442911645,0,0,1100,1.8560779142653046
Hoima,2022,517.1652540534088,593.1165922904274,139.4096155495866,380.0351023017363,1629.726564195159,0.4235292667936266,320.73793502734304,16.027464684613022,11,28.53240722176324,17.793451086946398,1211.3327641501419,0,0,27.203227511854507,16.80281113924066,1091.404054132179,0,0,29.227664943580805,18.768281688201586,1261.270419617054,0,0,27.086529564437864,17.038548456846705,1110.1387003214077,0,0,28.0124573104091,17.60077309280884,4674.145938220782,0,0,1100,2.0406983599529416
Hoima,2023,388.27568614649005,528.1676084560153,68.97991414011716,289.9120252127904,1275.335233955413,0.5246054682644115,250.08138792922418,17.471885501310403,8,29.159230514400118,20.113463378422306,1346.4618192774906,0,0,30.435481376462622,18.661426214242834,1324.1752936712053,0,0,31.001203736161102,21.064957156873124,1444.6032674371065,0,0,28.973448336142923,18.868322782653046,1280.3899074128253,0,0,29.892340990791684,19.67704238304783,5395.630287798627,0,0,1100,1.7237104033626787
Kabale,2015,328.89779048126326,352.54393533141774,94.79014839613875,112.7185820283391,888.9504562371588,0.5352237204548307,190.91443981237032,21.19870306763395,10,22.484094165628278,12.631584117006264,696.6325756293178,0,0,21.650707460223796,12.190939239466394,628.9813885999622,0,0,26.46253765222146,13.506523235238873,891.6695137051311,0,0,21.195750929025667,12.780449913837396,642.7396688444968,0,0,22.948272551774803,12.777374126387231,2860.023146778908,0,0,2000,0.9026544399921282
Kabale,2016,204.03026831001517,414.7328830197238,86.59724422519079,160.60410621663058,865.9645017715604,0.5631303421843695,221.53357045584895,15.651877606387792,10,21.47943995097832,13.622206607452917,695.6248480788702,0,0,22.076799500479435,11.608560855358485,621.0506370964855,0,0,23.402595735082457,11.866265194455003,692.1979770296571,0,0,21.66778792159214,10.469494382331431,557.322157916007,0,0,22.156655777033084,11.891631759899456,2566.1956201210196,0,0,2000,0.9190323268477577
Kabale,2017,343.1573755156269,369.36844750244217,109.01251020969188,261.5746786815591,1083.11301190932,0.37485740370369913,160.13902813280393,26.46943646885652,9,24.792445696668278,14.245533350129696,877.3782806178694,0,0,24.981661830939032,12.724577500983697,804.6632330427763,0,0,24.14750104795927,14.318198849210427,826.995937505721,0,0,23.336996703466458,13.101983907634716,755.7611764864876,0,0,24.31465131975826,13.597573401989633,3264.7986276528545,0,0,2000,1.3230611097652965
Kabale,2018,390.0882501203239,452.9547852061702,128.14494627733825,192.3131454207651,1163.5011270245975,0.4622301500988854,255.3526846845503,20.9467351542602,11,22.52170573085346,13.275312913493565,727.2060117756621,0,0,22.876232637579715,11.73830580659497,665.0915022991722,0,0,23.415975846048454,12.374917072337398,706.6616627432833,0,0,21.579865371406786,11.592110105183387,605.8012588187187,0,0,22.598444896472103,12.24516147440233,2704.7604356368365,0,0,2000,1.2842607854573114
Kabale,2019,444.4321577902722,519.2120987657875,153.78194850610953,316.0331785606973,1433.4593836228664,0.3869723340188613,268.8046298993366,28.667896386765776,10,22.84379682846982,14.376352579510147,792.3337314940434,0,0,24.88721773499144,11.861722630572496,762.3063024114274,0,0,26.355679626730335,13.723990031637632,900.2793177612912,0,0,22.682643207676833,11.831280581852425,667.7615920598282,0,0,24.192334349467103,12.948336455893175,3122.68094372659,0,0,2000,1.8468718097315935
Kabale,2020,424.41155321781264,475.69965231392933,158.832835229938,225.45798149837697,1284.4020222600568,0.41213585049130413,273.868634815181,26.271349451767954,8,22.563955423910045,10.720386481464624,612.4753924544784,0,0,20.879715375844118,10.774315470479635,530.8405445658354,0,0,23.97380692732791,11.898097256327967,717.6075234103458,0,0,20.693169562953756,9.6973479359277,477.60997352479626,0,0,22.027661822508957,10.772536786049981,2338.533433955456,0,0,2000,1.210801416399163
Kabale,2021,235.18642296860256,423.18634799271143,83.53171264716619,251.88559758711958,993.7900811955998,0.48433316697151035,206.05519720042818,13.795006875938595,8,22.012791390363038,10.818698661114171,589.9659116390187,0,0,20.67920436220572,9.718280422986169,472.6321532442063,0,0,24.348101099637073,11.04142205927433,690.4377602460327,0,0,20.132699379219783,9.660006455412919,450.969164147849,0,0,21.793199057856402,10.309601899696897,2204.0049892771067,0,0,2000,0.9817566756573022
Kabale,2022,238.18086551079426,349.45575418520866,132.49715540642075,271.79181756181515,991.9255926642388,0.3142852688259763,183.23702832830364,17.247978518757392,9,23.431793524999467,15.025441849717415,849.6378314401048,0,0,21.55366489500118,12.139768770674046,623.3575188202215,0,0,24.485657762106438,14.244456605690795,839.2359197542685,0,0,22.77680287974024,13.078587083779803,729.5521030467178,0,0,23.06197976546183,13.622063577465518,3041.7833730613124,0,0,2000,1.0433397118264494
Kabale,2023,497.9256762516985,465.9528941469032,132.43517593815423,328.7417883848821,1425.055534721638,0.4042252265634411,231.43646476636565,22.260830488865395,9,23.12839771642354,13.091416882129343,745.8395390224872,0,0,23.588091679213623,12.162394083010064,716.9118964521724,0,0,23.325640432106926,12.25736793498725,696.4072405773203,0,0,21.278641817430596,12.549498359825535,636.5237467785125,0,0,22.830192911293675,12.515169314988048,2795.6824228304927,0,0,2000,1.7635046909500098
Kasese,2015,293.87694494011583,494.97565508851983,104.00163141293626,229.4405691154311,1122.2948005570029,0.5038464888545188,258.9394831713831,24.330382418419386,8,30.888610187732763,21.50093154684383,1489.5766977740338,0,0,29.957768710852235,20.2661022878473,1375.709377876323,0,0,34.1064928904022,20.805905932120407,1572.4779506114,0,0,29.143892695346025,19.43366482859777,1313.4793395576708,0,0,31.024191121083305,20.50165114885233,5751.243365819428,0,0,1000,1.0958546461832848
Kasese,2016,479.4336208890799,510.2962021793004,120.92718297954518,352.84228078144224,1463.4992868293677,0.41881469056776705,243.55883560824878,25.59958040551473,11,28.37942789439545,18.79861814615316,1251.9633063249182,0,0,26.342212249159473,17.015011181126056,1063.1691197178857,0,0,30.147283503680416,18.406546000862694,1298.0987569828021,0,0,26.769286191619518,17.450631370245603,1112.8587481218306,0,0,27.909552459713712,17.91770167459688,4726.089931147437,0,0,1000,1.914074158446034
Kasese,2017,415.2105309912617,634.0740590230083,98.5790333353727,413.9636846265107,1561.8273079761534,0.4888072844349992,320.99524518075714,13.172748871156541,11,28.335866119953028,19.15518228515064,1265.1986739102297,0,0,28.672775882581828,16.718756170252956,1154.6317425515829,0,0,30.630094737795435,18.6379972832278,1315.0562220699235,0,0,27.314404857668823,17.65311061568369,1149.0802146425615,0,0,28.738285399499784,18.041261588578774,4883.966853174297,0,0,1000,1.8828825198002783
Kasese,2018,278.09798262621064,382.69293370915864,109.66053368754578,323.98037266418714,1094.4318226871023,0.3715391782331161,250.64667388899375,17.79361108147486,10,29.41482596191085,20.234890773584464,1363.4003561185664,0,0,28.894667294688787,19.05163910866815,1270.7436253200322,0,0,31.85693506609454,20.14087341516476,1438.0028038594482,0,0,28.372472405633587,18.622440978121535,1242.7158651431646,0,0,29.63472518208194,19.512461068884726,5314.862650441211,0,0,1000,1.3464826456753904
Kasese,2019,357.5977124189775,478.817662011106,74.88622760805828,279.74057685620284,1191.0421788943445,0.493467762056964,206.0371495280012,14.477153547702777,10,30.143104728261477,21.92907420262756,1474.4284991847856,0,0,30.36367512967043,19.94022646033037,1379.499039348785,0,0,33.39319496136684,19.837060499325105,1493.339565679686,0,0,28.427543159476908,18.779763443513062,1251.253211378948,0,0,30.58187949469392,20.121531151449023,5598.5203155922045,0,0,1000,1.7847554336721312
Kasese,2020,283.9656530520605,420.0759008541704,68.72117974154611,402.60058831551146,1175.3633219632884,0.4768747078988909,207.93011191833867,20.357676021757563,11,29.65189131215119,21.34540099986849,1425.9925302182462,0,0,31.48145063051349,20.089890462756212,1436.4812282872363,0,0,31.723684646411915,21.91751136579508,1532.3830888272705,0,0,30.147537885950566,19.323478199521375,1356.4440422790863,0,0,30.751141118756788,20.66907025698529,5751.300889611839,0,0,1000,1.2692080314648204
Kasese,2021,386.93265027681923,470.02465126792987,58.518668476103926,350.43688569972477,1265.9128557205777,0.49011325034007064,262.61415271691396,6.62529790513634,10,28.524300414731403,20.181932402167988,1321.0962027674436,0,0,29.264090897950485,18.62056057189723,1269.072868994466,0,0,31.37773199920599,19.53826333574433,1389.9473816320528,0,0,29.403457951570243,18.500660709349212,1283.532898986282,0,0,29.64239531586453,19.21035425478969,5263.649352380245,0,0,1000,1.8656140598610258
Kasese,2022,382.8137547846685,443.40902782588574,63.48736215030486,301.50493463615487,1191.215079397014,0.4847086871401281,218.56990594849233,15.89323457442641,10,30.223943802578756,19.876524780636547,1385.673433452976,0,0,30.59166656210169,18.945507924626423,1343.7295412473402,0,0,32.37509800090524,19.874364404130215,1447.6145536607348,0,0,29.827072574323413,18.229748655206933,1290.2674314013473,0,0,30.75444523497728,19.23153644115003,5467.284959762398,0,0,1000,1.5612710629069724
Kasese,2023,311.26247047672337,478.90837249545905,85.79344103881164,271.71637996550845,1147.6806639765025,0.48711568175519065,262.6707219952999,11.960400833242481,11,30.349132695741293,19.668819804973097,1381.6756043180662,0,0,30.04941797424461,18.28709518027345,1289.4591557119259,0,0,32.01925849803069,19.49243131480674,1416.7918232622092,0,0,27.90273990388773,18.464645878186168,1213.147771299647,0,0,30.080137267976074,18.978248044559866,5301.0743545918485,0,0,1000,1.8825980657549042
