sub_region,season_group,area_planted_ha,area_harvested_ha,production_mt,yield_over_harvested,yield_over_planted,cv_area_planted_pct,cv_area_harvested_pct,cv_production_pct,harvest_loss_ratio,year,daily_year,daily_season_total_mm,daily_longest_dry_spell_days,daily_dry_spell_count_7d,daily_dry_spell_count_10d,daily_rain_days_1mm,daily_rain_days_10mm,daily_rain_days_20mm,daily_mean_wet_day_rainfall,daily_maximum_5day_rainfall,daily_season_onset_day,daily_season_cessation_day,daily_season_length_days,daily_false_onset_flag,temp_year,temp_season_gdd,temp_heat_days,temp_extreme_heat_days,temp_warm_night_days,temp_heatwave_count,rain_MAM,rain_SON,rain_DJF,rain_JJA,rain_annual_rainfall,rain_rain_cv,rain_max_monthly,rain_min_monthly,rain_rainy_months,rain_rainfall_anomaly,rain_rainfall_zscore,rain_MAM_anomaly,rain_MAM_zscore,rain_SON_anomaly,rain_SON_zscore,soil_lat,soil_lon,soil_clay,soil_sand,soil_silt,soil_soc,soil_bdod,soil_cec,soil_phh2o,target_cv,target_reliability_weight,high_uncertainty_flag,yield_consistency_ok,yield_source,rainfall_source,temperature_source,soil_source,soil_moisture_source,yield_granularity,is_proxy,is_imputed,data_quality_score,data_quality_note
Acholi,first_season_2020,41311.86339982357,33491.00876369796,19415.75629115963,0.579730411471064,0.4699801629195586,19.58088345501453,20.71998715096573,24.83473730660469,0.1893125604244472,2020,2020.0,572.7000713534653,9.625,1.0,0.5,70.125,17.875,1.875,8.171791002696578,57.323903918266296,66.375,91.5,26.125,0.0,2020.0,1725.021875,32.125,4.25,36.625,4.25,429.8889408111572,490.36515522003174,69.14666032791138,518.1679534912109,1507.5687098503113,0.5593996689194904,228.08902740478516,16.66800856590271,9.0,185.7858531475067,1.6576316046658746,46.66194772720337,0.7774568923056622,104.91718101501465,1.6678938868094362,2.948992569163029,32.58856664393185,35.916666666666664,39.8,24.279166666666665,23.097916666666666,1.290625,21.222916666666666,6.214583333333334,24.83473730660469,4.026617989367877,0,True,AAS2020_subregion,CHIRPS_v2.0_monthly+CHIRPS_v2.0_daily_climateserv,NASA_POWER_daily,,,subregion,False,False,A,"Yields from official AAS subregion estimates. Climate features from district centroids (CHIRPS monthly + CHIRPS daily via ClimateSERV + NASA POWER), aggregated to subregion by district mean."
Acholi,second_season_2020,21212.19136588105,14727.171704613364,11403.00442943078,0.774283389787513,0.5375684309435399,25.12317623417041,27.01519384363122,33.11498337346168,0.3057213443632504,2020,2020.0,689.2091083079576,7.25,0.75,0.0,73.75,24.375,4.625,9.378765549747122,71.7936801314354,215.25,326.25,112.0,0.0,2020.0,1576.105,1.25,0.0,3.5,0.0,429.8889408111572,490.36515522003174,69.14666032791138,518.1679534912109,1507.5687098503113,0.5593996689194904,228.08902740478516,16.66800856590271,9.0,185.7858531475067,1.6576316046658746,46.66194772720337,0.7774568923056622,104.91718101501465,1.6678938868094362,2.948992569163029,32.58856664393185,35.916666666666664,39.8,24.279166666666665,23.097916666666666,1.290625,21.222916666666666,6.214583333333334,33.11498337346168,3.019781072278596,1,True,AAS2020_subregion,CHIRPS_v2.0_monthly+CHIRPS_v2.0_daily_climateserv,NASA_POWER_daily,,,subregion,False,False,A,"Yields from official AAS subregion estimates. Climate features from district centroids (CHIRPS monthly + CHIRPS daily via ClimateSERV + NASA POWER), aggregated to subregion by district mean."
Acholi,total_2020,62524.05476570462,48218.18046831132,30818.76072059041,0.6391522952809118,0.4929104619986188,14.083909204656258,15.415261636337291,19.25885331951384,0.2288059267909201,2020,2020.0,1261.909179661423,9.75,1.75,0.5,143.875,42.25,6.5,8.578404892374339,71.7936801314354,66.375,326.25,260.875,0.0,2020.0,3301.126875,33.375,4.25,40.125,4.25,429.8889408111572,490.36515522003174,69.14666032791138,518.1679534912109,1507.5687098503113,0.5593996689194904,228.08902740478516,16.66800856590271,9.0,185.7858531475067,1.6576316046658746,46.66194772720337,0.7774568923056622,104.91718101501465,1.6678938868094362,2.948992569163029,32.58856664393185,35.916666666666664,39.8,24.279166666666665,23.097916666666666,1.290625,21.222916666666666,6.214583333333334,19.25885331951384,5.192417136210078,0,True,AAS2020_subregion,CHIRPS_v2.0_monthly+CHIRPS_v2.0_daily_climateserv,NASA_POWER_daily,,,subregion,False,False,A,"Yields from official AAS subregion estimates. Climate features from district centroids (CHIRPS monthly + CHIRPS daily via ClimateSERV + NASA POWER), aggregated to subregion by district mean."
Ankole,first_season_2020,13519.71785013503,13224.414029447358,6469.507084787104,0.4892093570559104,0.4785238239807267,15.052386327660932,15.241080323814913,16.96439242537923,0.0218424544033455,2020,2020.0,349.7021957648918,13.5,3.6,1.1,43.6,10.6,3.3,8.008444253579558,73.6520622253418,79.7,170.1,91.4,0.0,2020.0,1337.8425,0.0,0.0,0.0,0.0,310.6848606109619,444.8346336364746,271.2373676300049,111.68549699783325,1138.4423588752747,0.6943823472467304,239.6933395385742,12.007702255249024,8.7,83.51945714950561,0.8827483995985753,-3.015725326538086,0.03590513226277618,55.38612518310547,0.9817632327328776,-0.48578801850042497,30.393043827460055,36.69166666666666,34.480000000000004,28.839999999999996,29.723333333333336,1.2521666666666667,22.166666666666664,5.866666666666666,16.96439242537923,5.894699762450499,0,True,AAS2020_subregion,CHIRPS_v2.0_monthly+CHIRPS_v2.0_daily_climateserv,NASA_POWER_daily,,,subregion,False,False,A,"Yields from official AAS subregion estimates. Climate features from district centroids (CHIRPS monthly + CHIRPS daily via ClimateSERV + NASA POWER), aggregated to subregion by district mean."
Ankole,second_season_2020,7750.623680207723,4021.440590668345,2236.502995825332,0.5561447310735069,0.2885578100684398,12.72968248344638,16.27230586950763,13.467900643040752,0.4811461946039719,2020,2020.0,503.34004124179484,7.9,0.8,0.3,57.2,17.0,3.5,8.7841959363282,80.87566123008727,263.4,324.6,62.2,0.2,2020.0,1343.2685000000001,0.0,0.0,0.0,0.0,310.6848606109619,444.8346336364746,271.2373676300049,111.68549699783325,1138.4423588752747,0.6943823472467304,239.6933395385742,12.007702255249024,8.7,83.51945714950561,0.8827483995985753,-3.015725326538086,0.03590513226277618,55.38612518310547,0.9817632327328776,-0.48578801850042497,30.393043827460055,36.69166666666666,34.480000000000004,28.839999999999996,29.723333333333336,1.2521666666666667,22.166666666666664,5.866666666666666,13.467900643040752,7.425062201633694,0,True,AAS2020_subregion,CHIRPS_v2.0_monthly+CHIRPS_v2.0_daily_climateserv,NASA_POWER_daily,,,subregion,False,False,A,"Yields from official AAS subregion estimates. Climate features from district centroids (CHIRPS monthly + CHIRPS daily via ClimateSERV + NASA POWER), aggregated to subregion by district mean."
Ankole,total_2020,21270.34153034276,17245.854620115704,8706.010080612436,0.5048175502104532,0.4093027875548242,12.1855936838348,13.361911898242282,14.17821019108223,0.1892065016674041,2020,2020.0,853.0422370066866,13.5,4.4,1.4,100.8,27.6,6.8,8.286924300112421,88.41481127738953,79.7,324.6,245.9,0.2,2020.0,2681.111,0.0,0.0,0.0,0.0,310.6848606109619,444.8346336364746,271.2373676300049,111.68549699783325,1138.4423588752747,0.6943823472467304,239.6933395385742,12.007702255249024,8.7,83.51945714950561,0.8827483995985753,-3.015725326538086,0.03590513226277618,55.38612518310547,0.9817632327328776,-0.48578801850042497,30.393043827460055,36.69166666666666,34.480000000000004,28.839999999999996,29.723333333333336,1.2521666666666667,22.166666666666664,5.866666666666666,14.17821019108223,7.053076421655655,0,True,AAS2020_subregion,CHIRPS_v2.0_monthly+CHIRPS_v2.0_daily_climateserv,NASA_POWER_daily,,,subregion,False,False,A,"Yields from official AAS subregion estimates. Climate features from district centroids (CHIRPS monthly + CHIRPS daily via ClimateSERV + NASA POWER), aggregated to subregion by district mean."
Bukedi,first_season_2020,19476.054131639823,18383.56111198294,8770.121708536559,0.4770632662036267,0.4503028000055236,15.421584841346656,15.606830571289972,15.58605499578506,0.0560941663168861,2020,2020.0,809.6237435787916,7.333333333333333,0.6666666666666666,0.16666666666666666,77.66666666666667,30.0,6.666666666666667,10.415271057329736,88.75836904843648,65.0,158.83333333333334,94.83333333333333,0.0,2020.0,1534.1625000000001,6.666666666666667,0.0,13.666666666666666,0.6666666666666666,667.2053387959799,794.5850397745768,203.4081185658773,452.70716222127277,2117.9056593577066,0.560799035660458,393.3497365315755,49.560106913248696,11.0,745.7673250834147,5.829329549863792,168.30182266235352,2.438865671778767,402.9198913574219,5.631585246250869,0.8889265350005031,33.93278031056312,39.98888888888889,37.0,23.030555555555555,22.21388888888889,1.3194444444444444,19.625,5.861111111111111,15.58605499578506,6.415991732804935,0,True,AAS2020_subregion,CHIRPS_v2.0_monthly+CHIRPS_v2.0_daily_climateserv,NASA_POWER_daily,,,subregion,False,False,A,"Yields from official AAS subregion estimates. Climate features from district centroids (CHIRPS monthly + CHIRPS daily via ClimateSERV + NASA POWER), aggregated to subregion by district mean."
Bukedi,second_season_2020,4614.401009321355,2347.0148967595123,1323.975373433528,0.5641103408681047,0.286922478293287,39.86418013686493,35.33050470358466,30.58922233786437,0.4913717095635148,2020,2020.0,992.2721540729204,4.666666666666667,0.0,0.0,78.33333333333333,39.166666666666664,11.166666666666666,12.62093760744031,138.83227117856345,219.66666666666666,334.0,115.33333333333333,0.0,2020.0,1501.6674999999998,0.0,0.0,1.0,0.0,667.2053387959799,794.5850397745768,203.4081185658773,452.70716222127277,2117.9056593577066,0.560799035660458,393.3497365315755,49.560106913248696,11.0,745.7673250834147,5.829329549863792,168.30182266235352,2.438865671778767,402.9198913574219,5.631585246250869,0.8889265350005031,33.93278031056312,39.98888888888889,37.0,23.030555555555555,22.21388888888889,1.3194444444444444,19.625,5.861111111111111,30.58922233786437,3.269125278684075,1,True,AAS2020_subregion,CHIRPS_v2.0_monthly+CHIRPS_v2.0_daily_climateserv,NASA_POWER_daily,,,subregion,False,False,A,"Yields from official AAS subregion estimates. Climate features from district centroids (CHIRPS monthly + CHIRPS daily via ClimateSERV + NASA POWER), aggregated to subregion by district mean."
Bukedi,total_2020,24090.455140961178,20730.576008742453,10094.097081970089,0.4869183122414556,0.4190081516893809,14.90683859345308,14.3980096403439,14.952826455671833,0.1394693090088571,2020,2020.0,1801.8958976517122,7.333333333333333,0.6666666666666666,0.16666666666666666,156.0,69.16666666666667,17.833333333333332,11.152388814397248,138.83227117856345,65.0,334.0,270.0,0.0,2020.0,3035.83,6.666666666666667,0.0,14.666666666666666,0.6666666666666666,667.2053387959799,794.5850397745768,203.4081185658773,452.70716222127277,2117.9056593577066,0.560799035660458,393.3497365315755,49.560106913248696,11.0,745.7673250834147,5.829329549863792,168.30182266235352,2.438865671778767,402.9198913574219,5.631585246250869,0.8889265350005031,33.93278031056312,39.98888888888889,37.0,23.030555555555555,22.21388888888889,1.3194444444444444,19.625,5.861111111111111,14.952826455671833,6.687698830482212,0,True,AAS2020_subregion,CHIRPS_v2.0_monthly+CHIRPS_v2.0_daily_climateserv,NASA_POWER_daily,,,subregion,False,False,A,"Yields from official AAS subregion estimates. Climate features from district centroids (CHIRPS monthly + CHIRPS daily via ClimateSERV + NASA POWER), aggregated to subregion by district mean."
Bunyoro,first_season_2020,9376.64663776973,8518.16191839341,5664.8387902647655,0.6650306538588546,0.6041433583991993,27.87354797419384,24.961164251632304,25.279177494684173,0.091555622445906,2020,2020.0,495.56492937462673,8.285714285714286,0.8571428571428571,0.2857142857142857,61.285714285714285,17.142857142857142,2.142857142857143,8.112740533440107,60.977203028542654,71.28571428571429,150.28571428571428,80.0,0.0,2020.0,1656.5092857142859,18.428571428571427,0.0,42.0,2.2857142857142856,401.13837759835377,464.5933271135603,116.57960183279855,357.61904580252514,1339.9303523472377,0.475642250642621,186.5789315359933,29.1850095476423,9.571428571428571,110.54870523725238,1.1906279809710258,-7.240126473563058,-0.12392865953335115,47.28554316929409,0.886999619780174,1.4080781187891254,31.393408918217762,35.91904761904762,40.12142857142857,23.942857142857143,27.39047619047619,1.275952380952381,19.571428571428573,5.892857142857143,25.279177494684173,3.955824908505369,0,True,AAS2020_subregion,CHIRPS_v2.0_monthly+CHIRPS_v2.0_daily_climateserv,NASA_POWER_daily,,,subregion,False,False,A,"Yields from official AAS subregion estimates. Climate features from district centroids (CHIRPS monthly + CHIRPS daily via ClimateSERV + NASA POWER), aggregated to subregion by district mean."
Bunyoro,second_season_2020,22918.29886632092,15307.529299226711,11807.09756699586,0.7713261452057005,0.5151821099753053,17.95393782061801,18.96100823136756,18.35311742596945,0.3320826563737,2020,2020.0,615.2274812289646,6.142857142857143,0.42857142857142855,0.0,72.57142857142857,19.428571428571427,3.0,8.509187926749274,60.676331111363005,220.14285714285714,328.85714285714283,109.71428571428571,0.0,2020.0,1627.2207142857144,7.714285714285714,0.0,38.57142857142857,0.5714285714285714,401.13837759835377,464.5933271135603,116.57960183279855,357.61904580252514,1339.9303523472377,0.475642250642621,186.5789315359933,29.1850095476423,9.571428571428571,110.54870523725238,1.1906279809710258,-7.240126473563058,-0.12392865953335115,47.28554316929409,0.886999619780174,1.4080781187891254,31.393408918217762,35.91904761904762,40.12142857142857,23.942857142857143,27.39047619047619,1.275952380952381,19.571428571428573,5.892857142857143,18.35311742596945,5.448665623339888,0,True,AAS2020_subregion,CHIRPS_v2.0_monthly+CHIRPS_v2.0_daily_climateserv,NASA_POWER_daily,,,subregion,False,False,A,"Yields from official AAS subregion estimates. Climate features from district centroids (CHIRPS monthly + CHIRPS daily via ClimateSERV + NASA POWER), aggregated to subregion by district mean."
Bunyoro,total_2020,32294.945504090647,23825.69121762012,17471.936357260623,0.7333233775958355,0.5410114828974564,17.312764362281346,18.129235761783868,16.540020491282963,0.2622470530379984,2020,2020.0,1110.7924106035914,8.285714285714286,1.2857142857142858,0.2857142857142857,133.85714285714286,36.57142857142857,5.142857142857143,8.250283932768435,70.5503591809954,71.28571428571429,328.85714285714283,258.57142857142856,0.0,2020.0,3283.73,26.142857142857142,0.0,80.57142857142857,2.857142857142857,401.13837759835377,464.5933271135603,116.57960183279855,357.61904580252514,1339.9303523472377,0.475642250642621,186.5789315359933,29.1850095476423,9.571428571428571,110.54870523725238,1.1906279809710258,-7.240126473563058,-0.12392865953335115,47.28554316929409,0.886999619780174,1.4080781187891254,31.393408918217762,35.91904761904762,40.12142857142857,23.942857142857143,27.39047619047619,1.275952380952381,19.571428571428573,5.892857142857143,16.540020491282963,6.045941723754375,0,True,AAS2020_subregion,CHIRPS_v2.0_monthly+CHIRPS_v2.0_daily_climateserv,NASA_POWER_daily,,,subregion,False,False,A,"Yields from official AAS subregion estimates. Climate features from district centroids (CHIRPS monthly + CHIRPS daily via ClimateSERV + NASA POWER), aggregated to subregion by district mean."
Busoga,first_season_2020,43792.34683684985,41665.29351724266,13843.222688580288,0.3322482939632105,0.316110546442139,66.57547648732447,70.06930189679127,59.12900162023883,0.0485713480378572,2020,2020.0,773.2258974894881,7.0,0.7,0.1,74.0,34.4,6.3,10.456889315629267,81.66407179832458,65.6,167.5,102.9,0.0,2020.0,1535.425,2.4,0.0,24.6,0.2,675.7435874938965,847.9992752075195,234.8438678741455,356.6991767883301,2115.2859073638915,0.6360433018749576,446.7699676513672,57.443873977661134,11.7,777.0088912963868,7.123400742899475,178.89663009643556,2.878829265571324,452.3278518676758,7.761510064885504,0.7262101537158856,33.473807107491325,38.230000000000004,39.06999999999999,22.69833333333333,22.363333333333333,1.3295,18.055,5.785,59.12900162023883,1.6912174611412978,1,True,AAS2020_subregion,CHIRPS_v2.0_monthly+CHIRPS_v2.0_daily_climateserv,NASA_POWER_daily,,,subregion,False,False,A,"Yields from official AAS subregion estimates. Climate features from district centroids (CHIRPS monthly + CHIRPS daily via ClimateSERV + NASA POWER), aggregated to subregion by district mean."
Busoga,second_season_2020,44093.97937781148,32904.6122934112,13367.661491377536,0.4062549460293829,0.303162964196066,69.62985120538107,78.85538760956432,67.95797643404539,0.2537617888493612,2020,2020.0,1029.6410896658897,4.7,0.0,0.0,79.0,36.5,11.5,13.043076616117645,155.53175468444823,219.1,334.0,115.9,0.0,2020.0,1515.443,0.0,0.0,2.2,0.0,675.7435874938965,847.9992752075195,234.8438678741455,356.6991767883301,2115.2859073638915,0.6360433018749576,446.7699676513672,57.443873977661134,11.7,777.0088912963868,7.123400742899475,178.89663009643556,2.878829265571324,452.3278518676758,7.761510064885504,0.7262101537158856,33.473807107491325,38.230000000000004,39.06999999999999,22.69833333333333,22.363333333333333,1.3295,18.055,5.785,67.95797643404539,1.471497611425379,1,True,AAS2020_subregion,CHIRPS_v2.0_monthly+CHIRPS_v2.0_daily_climateserv,NASA_POWER_daily,,,subregion,False,False,A,"Yields from official AAS subregion estimates. Climate features from district centroids (CHIRPS monthly + CHIRPS daily via ClimateSERV + NASA POWER), aggregated to subregion by district mean."
Busoga,total_2020,87886.32621466133,74569.90581065386,27210.884179957822,0.3649043656974847,0.3096145367766944,67.90196862762826,73.76183864184752,63.23955766891672,0.1515186830256423,2020,2020.0,1802.866987155378,7.3,0.7,0.1,153.0,70.9,17.8,11.338777301708948,155.53175468444823,65.6,334.0,269.4,0.0,2020.0,3050.868,2.4,0.0,26.8,0.2,675.7435874938965,847.9992752075195,234.8438678741455,356.6991767883301,2115.2859073638915,0.6360433018749576,446.7699676513672,57.443873977661134,11.7,777.0088912963868,7.123400742899475,178.89663009643556,2.878829265571324,452.3278518676758,7.761510064885504,0.7262101537158856,33.473807107491325,38.230000000000004,39.06999999999999,22.69833333333333,22.363333333333333,1.3295,18.055,5.785,63.23955766891672,1.581288732655884,1,True,AAS2020_subregion,CHIRPS_v2.0_monthly+CHIRPS_v2.0_daily_climateserv,NASA_POWER_daily,,,subregion,False,False,A,"Yields from official AAS subregion estimates. Climate features from district centroids (CHIRPS monthly + CHIRPS daily via ClimateSERV + NASA POWER), aggregated to subregion by district mean."
Elgon,first_season_2020,2173.4602864942685,2119.6791928806774,1049.3657899532895,0.4950587775158489,0.4828088171078973,39.882484914431096,40.75432751158324,35.960193033692114,0.0247444565459894,2020,2020.0,866.8314718306065,12.375,2.0,1.0,61.75,35.0,12.25,14.047689406965448,100.17534798383713,64.0,141.25,78.25,0.0,2020.0,1199.360625,6.5,0.0,0.0,0.0,655.4807319641113,798.0750713348389,158.2289593219757,782.5927791595459,2394.377541780472,0.5263333911348054,363.87797927856445,21.96851897239685,10.5,809.3076527118683,5.100997321581116,143.17700672149658,1.7398683522203706,347.93835639953613,3.6619587452533766,1.1999274532426099,34.4057876713486,41.06666666666667,34.6875,24.233333333333334,35.19166666666666,1.1777083333333334,22.4625,5.83125,35.960193033692114,2.7808527030515995,1,True,AAS2020_subregion,CHIRPS_v2.0_monthly+CHIRPS_v2.0_daily_climateserv,NASA_POWER_daily,,,subregion,False,False,A,"Yields from official AAS subregion estimates. Climate features from district centroids (CHIRPS monthly + CHIRPS daily via ClimateSERV + NASA POWER), aggregated to subregion by district mean."
Elgon,second_season_2020,2442.4599580160752,1341.823211527416,1010.514989448897,0.7530910039174339,0.4137283750066892,44.50920796221065,49.00766464501643,51.02746770953722,0.4506263215805871,2020,2020.0,1130.8543752878904,8.375,1.375,0.125,61.5,45.75,20.0,18.421149979153242,132.78024780750275,215.5,311.625,97.125,0.0,2020.0,1107.919375,0.0,0.0,0.0,0.0,655.4807319641113,798.0750713348389,158.2289593219757,782.5927791595459,2394.377541780472,0.5263333911348054,363.87797927856445,21.96851897239685,10.5,809.3076527118683,5.100997321581116,143.17700672149658,1.7398683522203706,347.93835639953613,3.6619587452533766,1.1999274532426099,34.4057876713486,41.06666666666667,34.6875,24.233333333333334,35.19166666666666,1.1777083333333334,22.4625,5.83125,51.02746770953722,1.9597288379903208,1,True,AAS2020_subregion,CHIRPS_v2.0_monthly+CHIRPS_v2.0_daily_climateserv,NASA_POWER_daily,,,subregion,False,False,A,"Yields from official AAS subregion estimates. Climate features from district centroids (CHIRPS monthly + CHIRPS daily via ClimateSERV + NASA POWER), aggregated to subregion by district mean."
Elgon,total_2020,4615.920244510344,3461.5024044080938,2059.880779402187,0.5950828682883496,0.4462557128997143,31.938944630404603,32.89727019881295,33.680707807706824,0.2500948411045847,2020,2020.0,1997.685847118497,12.5,3.375,1.125,123.25,80.75,32.25,15.485456930224673,134.67745733261108,64.0,311.625,248.625,0.0,2020.0,2307.2799999999997,6.5,0.0,0.0,0.0,655.4807319641113,798.0750713348389,158.2289593219757,782.5927791595459,2394.377541780472,0.5263333911348054,363.87797927856445,21.96851897239685,10.5,809.3076527118683,5.100997321581116,143.17700672149658,1.7398683522203706,347.93835639953613,3.6619587452533766,1.1999274532426099,34.4057876713486,41.06666666666667,34.6875,24.233333333333334,35.19166666666666,1.1777083333333334,22.4625,5.83125,33.680707807706824,2.9690587433889375,1,True,AAS2020_subregion,CHIRPS_v2.0_monthly+CHIRPS_v2.0_daily_climateserv,NASA_POWER_daily,,,subregion,False,False,A,"Yields from official AAS subregion estimates. Climate features from district centroids (CHIRPS monthly + CHIRPS daily via ClimateSERV + NASA POWER), aggregated to subregion by district mean."
Karamoja,first_season_2020,10974.983995101922,9125.909646375736,5245.55414746277,0.5747979489963491,0.4779555168193259,37.76155988714906,41.7214132241466,45.03303744233678,0.1684808241680733,2020,2020.0,638.4189957869904,12.857142857142858,2.2857142857142856,1.2857142857142858,58.0,26.142857142857142,6.142857142857143,11.103146619530133,80.74639129638672,66.71428571428571,135.28571428571428,69.57142857142857,0.0,2020.0,1592.297142857143,29.714285714285715,2.7142857142857144,9.0,3.2857142857142856,490.7982657296317,444.2856695992606,53.92278930119106,535.8876364571707,1524.894361087254,0.6198793666330776,246.31166076660156,10.635579790387835,8.857142857142858,542.8523216928754,4.457076029416298,168.09947095598494,2.6292177157688172,209.76719883510046,3.321768440153991,2.5129023495609677,34.24920188533877,37.01428571428572,39.42857142857143,23.559523809523807,20.571428571428573,1.2750000000000001,24.55,6.485714285714286,45.03303744233678,2.220591940484727,1,True,AAS2020_subregion,CHIRPS_v2.0_monthly+CHIRPS_v2.0_daily_climateserv,NASA_POWER_daily,,,subregion,False,False,A,"Yields from official AAS subregion estimates. Climate features from district centroids (CHIRPS monthly + CHIRPS daily via ClimateSERV + NASA POWER), aggregated to subregion by district mean."
Karamoja,second_season_2020,311.50237852301154,311.50237852301154,32.62460250915018,0.1047330767226874,0.1047330767226874,100.0,100.0,100.0,0.0,2020,2020.0,678.1786400484187,13.714285714285714,3.857142857142857,1.2857142857142858,41.285714285714285,27.285714285714285,11.857142857142858,17.030363016060704,111.91937841687884,224.71428571428572,316.14285714285717,92.42857142857143,0.14285714285714285,2020.0,1486.3157142857142,19.857142857142858,0.0,0.0,2.142857142857143,490.7982657296317,444.2856695992606,53.92278930119106,535.8876364571707,1524.894361087254,0.6198793666330776,246.31166076660156,10.635579790387835,8.857142857142858,542.8523216928754,4.457076029416298,168.09947095598494,2.6292177157688172,209.76719883510046,3.321768440153991,2.5129023495609677,34.24920188533877,37.01428571428572,39.42857142857143,23.559523809523807,20.571428571428573,1.2750000000000001,24.55,6.485714285714286,100.0,1.0,1,True,AAS2020_subregion,CHIRPS_v2.0_monthly+CHIRPS_v2.0_daily_climateserv,NASA_POWER_daily,,,subregion,False,False,A,"Yields from official AAS subregion estimates. Climate features from district centroids (CHIRPS monthly + CHIRPS daily via ClimateSERV + NASA POWER), aggregated to subregion by district mean."
Karamoja,total_2020,11286.486373624934,9437.412024898747,5278.17874997192,0.5592824320954186,0.4676547310867574,38.67398511120464,42.79746293413695,45.257133870505655,0.1638308227658197,2020,2020.0,1316.5976358354092,15.142857142857142,6.142857142857143,2.5714285714285716,99.28571428571429,53.42857142857143,18.0,12.77019983400575,111.91937841687884,66.71428571428571,316.14285714285717,250.42857142857142,0.14285714285714285,2020.0,3078.612857142857,49.57142857142857,2.7142857142857144,9.0,5.428571428571429,490.7982657296317,444.2856695992606,53.92278930119106,535.8876364571707,1524.894361087254,0.6198793666330776,246.31166076660156,10.635579790387835,8.857142857142858,542.8523216928754,4.457076029416298,168.09947095598494,2.6292177157688172,209.76719883510046,3.321768440153991,2.5129023495609677,34.24920188533877,37.01428571428572,39.42857142857143,23.559523809523807,20.571428571428573,1.2750000000000001,24.55,6.485714285714286,45.257133870505655,2.2095963983519202,1,True,AAS2020_subregion,CHIRPS_v2.0_monthly+CHIRPS_v2.0_daily_climateserv,NASA_POWER_daily,,,subregion,False,False,A,"Yields from official AAS subregion estimates. Climate features from district centroids (CHIRPS monthly + CHIRPS daily via ClimateSERV + NASA POWER), aggregated to subregion by district mean."
Kigezi,first_season_2020,2954.8453197718586,2549.7381304384567,1181.2055876040988,0.4632654520489824,0.3997520884427543,38.488333124012335,40.57628637223244,47.63650073515106,0.1370992879467139,2020,2020.0,419.8052535884082,16.0,3.0,1.6,45.4,11.6,3.4,9.334573627051634,79.99146547317505,70.2,172.8,103.6,0.0,2020.0,1226.184,0.0,0.0,0.0,0.0,366.7005142211914,417.3038024902344,306.25871353149415,107.26607494354248,1197.5291051864624,0.592968414615566,199.07511291503906,8.237049102783203,10.0,75.93529834747315,0.7648774248931078,17.782861328125,0.4063375125656762,25.924378967285158,0.493283613934104,-1.019403368249541,29.831596063494146,39.79666666666667,32.08,28.139999999999997,37.58,1.1653333333333333,24.080000000000002,5.66,47.63650073515106,2.0992305995769716,1,True,AAS2020_subregion,CHIRPS_v2.0_monthly+CHIRPS_v2.0_daily_climateserv,NASA_POWER_daily,,,subregion,False,False,A,"Yields from official AAS subregion estimates. Climate features from district centroids (CHIRPS monthly + CHIRPS daily via ClimateSERV + NASA POWER), aggregated to subregion by district mean."
Kigezi,second_season_2020,2415.1814015484115,1369.2353296513695,1026.4205553539448,0.7496304931127424,0.4249869408135928,33.11515729192193,38.71160221698355,36.33604888685081,0.4330714335687038,2020,2020.0,463.22811539545654,8.4,1.6,0.4,56.2,14.6,3.0,8.43383158217954,73.5714608669281,256.8,299.2,43.4,0.4,2020.0,1226.238,0.0,0.0,0.0,0.0,366.7005142211914,417.3038024902344,306.25871353149415,107.26607494354248,1197.5291051864624,0.592968414615566,199.07511291503906,8.237049102783203,10.0,75.93529834747315,0.7648774248931078,17.782861328125,0.4063375125656762,25.924378967285158,0.493283613934104,-1.019403368249541,29.831596063494146,39.79666666666667,32.08,28.139999999999997,37.58,1.1653333333333333,24.080000000000002,5.66,36.33604888685081,2.7520878869190346,1,True,AAS2020_subregion,CHIRPS_v2.0_monthly+CHIRPS_v2.0_daily_climateserv,NASA_POWER_daily,,,subregion,False,False,A,"Yields from official AAS subregion estimates. Climate features from district centroids (CHIRPS monthly + CHIRPS daily via ClimateSERV + NASA POWER), aggregated to subregion by district mean."
Kigezi,total_2020,5370.02672132027,3918.9734600898255,2207.626142958044,0.5633174517358029,0.4111015191401652,34.31402591571423,37.54911257678866,41.12426859126519,0.2702134154136368,2020,2020.0,883.0333689838648,16.2,4.6,2.0,101.6,26.2,6.4,9.009084415346383,81.86837434768677,70.2,299.2,230.0,0.4,2020.0,2452.422,0.0,0.0,0.0,0.0,366.7005142211914,417.3038024902344,306.25871353149415,107.26607494354248,1197.5291051864624,0.592968414615566,199.07511291503906,8.237049102783203,10.0,75.93529834747315,0.7648774248931078,17.782861328125,0.4063375125656762,25.924378967285158,0.493283613934104,-1.019403368249541,29.831596063494146,39.79666666666667,32.08,28.139999999999997,37.58,1.1653333333333333,24.080000000000002,5.66,41.12426859126519,2.431654189255053,1,True,AAS2020_subregion,CHIRPS_v2.0_monthly+CHIRPS_v2.0_daily_climateserv,NASA_POWER_daily,,,subregion,False,False,A,"Yields from official AAS subregion estimates. Climate features from district centroids (CHIRPS monthly + CHIRPS daily via ClimateSERV + NASA POWER), aggregated to subregion by district mean."
Lango,first_season_2020,22038.4938439674,21147.21467427177,7618.835324026386,0.3602760666772656,0.3457058081177309,19.76960637512548,19.90276320862997,18.47882989782212,0.0404419274749848,2020,2020.0,569.0463572852314,9.125,1.25,0.25,69.0,18.5,2.375,8.23657017869764,57.27364045381546,68.875,112.625,44.75,0.0,2020.0,1673.785,24.5,0.75,34.375,2.875,445.3541011810303,489.1878824234009,77.11536657810211,467.53977966308594,1479.1971298456192,0.5430420105428071,213.06434631347656,17.895450234413147,9.0,173.28332769870758,1.4357485546175497,38.312665939331055,0.5780503290727711,96.94019031524658,1.3718757587684112,2.1733559469566277,32.88726991358652,37.922916666666666,38.145833333333336,23.941666666666666,23.510416666666664,1.3008333333333333,21.0125,6.166666666666667,18.47882989782212,5.411598058586264,0,True,AAS2020_subregion,CHIRPS_v2.0_monthly+CHIRPS_v2.0_daily_climateserv,NASA_POWER_daily,,,subregion,False,False,A,"Yields from official AAS subregion estimates. Climate features from district centroids (CHIRPS monthly + CHIRPS daily via ClimateSERV + NASA POWER), aggregated to subregion by district mean."
Lango,second_season_2020,9851.57286890081,5613.659480073382,3737.7129428185513,0.6658246650132922,0.3794026591040773,28.61826798917365,34.05704815462972,37.24920077892364,0.4301763226261629,2020,2020.0,693.9344414919615,6.875,0.75,0.0,69.125,24.875,5.875,10.076766247258846,72.63106587529182,218.75,325.0,107.25,0.0,2020.0,1601.58875,11.25,0.0,11.125,0.75,445.3541011810303,489.1878824234009,77.11536657810211,467.53977966308594,1479.1971298456192,0.5430420105428071,213.06434631347656,17.895450234413147,9.0,173.28332769870758,1.4357485546175497,38.312665939331055,0.5780503290727711,96.94019031524658,1.3718757587684112,2.1733559469566277,32.88726991358652,37.922916666666666,38.145833333333336,23.941666666666666,23.510416666666664,1.3008333333333333,21.0125,6.166666666666667,37.24920077892364,2.684621358549579,1,True,AAS2020_subregion,CHIRPS_v2.0_monthly+CHIRPS_v2.0_daily_climateserv,NASA_POWER_daily,,,subregion,False,False,A,"Yields from official AAS subregion estimates. Climate features from district centroids (CHIRPS monthly + CHIRPS daily via ClimateSERV + NASA POWER), aggregated to subregion by district mean."
Lango,total_2020,31890.066712868207,26760.874154345154,11356.548266844937,0.4243713490577802,0.3561155380795227,16.910738634265634,17.844856250096893,17.2250072426287,0.1608398190165382,2020,2020.0,1262.9807987771928,9.125,2.0,0.25,138.125,43.375,8.25,8.84463015650077,72.63106587529182,68.875,325.0,257.125,0.0,2020.0,3275.37375,35.75,0.75,45.5,3.625,445.3541011810303,489.1878824234009,77.11536657810211,467.53977966308594,1479.1971298456192,0.5430420105428071,213.06434631347656,17.895450234413147,9.0,173.28332769870758,1.4357485546175497,38.312665939331055,0.5780503290727711,96.94019031524658,1.3718757587684112,2.1733559469566277,32.88726991358652,37.922916666666666,38.145833333333336,23.941666666666666,23.510416666666664,1.3008333333333333,21.0125,6.166666666666667,17.2250072426287,5.805512798422432,0,True,AAS2020_subregion,CHIRPS_v2.0_monthly+CHIRPS_v2.0_daily_climateserv,NASA_POWER_daily,,,subregion,False,False,A,"Yields from official AAS subregion estimates. Climate features from district centroids (CHIRPS monthly + CHIRPS daily via ClimateSERV + NASA POWER), aggregated to subregion by district mean."
North Buganda,first_season_2020,10286.190122578782,9149.269729653615,3841.471443659634,0.4198664546099319,0.3734591134211472,23.30828713812006,23.876096472416847,26.01630073832461,0.1105288138150938,2020,2020.0,596.5756522737105,10.454545454545455,1.9090909090909092,0.6363636363636364,63.18181818181818,22.818181818181817,4.181818181818182,9.335370231758041,73.27073834159158,65.54545454545455,167.63636363636363,103.0909090909091,0.0,2020.0,1489.3245454545454,1.0909090909090908,0.0,23.0,0.09090909090909091,534.0825445001775,585.1156560724431,221.46812213550913,283.7430354031649,1624.4093581112948,0.5541317732990907,289.1916711980646,42.72436783530495,10.363636363636363,363.43386806141245,3.1055794345742314,83.39436756480823,1.3190006517931412,191.0105604691939,2.7456506559532374,0.7234939693435596,32.36247047527122,34.09090909090909,39.64545454545455,26.263636363636362,28.11969696969697,1.3089393939393938,19.425757575757576,5.828787878787879,26.01630073832461,3.843744005184027,0,True,AAS2020_subregion,CHIRPS_v2.0_monthly+CHIRPS_v2.0_daily_climateserv,NASA_POWER_daily,,,subregion,False,False,A,"Yields from official AAS subregion estimates. Climate features from district centroids (CHIRPS monthly + CHIRPS daily via ClimateSERV + NASA POWER), aggregated to subregion by district mean."
North Buganda,second_season_2020,11869.535560263925,6292.520830122474,3808.370671953948,0.6052217822979895,0.3208525432708057,18.16592130055761,23.671461670363097,19.442759923010573,0.4698595578425011,2020,2020.0,720.6998075653206,6.090909090909091,0.45454545454545453,0.0,67.45454545454545,25.818181818181817,6.363636363636363,10.650067078657424,90.05280941182917,222.54545454545453,316.1818181818182,94.63636363636364,0.09090909090909091,2020.0,1494.8449999999998,0.36363636363636365,0.0,16.181818181818183,0.09090909090909091,534.0825445001775,585.1156560724431,221.46812213550913,283.7430354031649,1624.4093581112948,0.5541317732990907,289.1916711980646,42.72436783530495,10.363636363636363,363.43386806141245,3.1055794345742314,83.39436756480823,1.3190006517931412,191.0105604691939,2.7456506559532374,0.7234939693435596,32.36247047527122,34.09090909090909,39.64545454545455,26.263636363636362,28.11969696969697,1.3089393939393938,19.425757575757576,5.828787878787879,19.442759923010573,5.143302720188899,0,True,AAS2020_subregion,CHIRPS_v2.0_monthly+CHIRPS_v2.0_daily_climateserv,NASA_POWER_daily,,,subregion,False,False,A,"Yields from official AAS subregion estimates. Climate features from district centroids (CHIRPS monthly + CHIRPS daily via ClimateSERV + NASA POWER), aggregated to subregion by district mean."
North Buganda,total_2020,22155.725682842705,15441.79055977609,7649.842115613582,0.4953986447362168,0.3452760801031936,16.71918385832864,18.6004679949332,19.4033345172696,0.303033862179737,2020,2020.0,1317.275459839031,10.545454545454545,2.3636363636363638,0.6363636363636364,130.63636363636363,48.63636363636363,10.545454545454545,9.780820124907779,93.0529879656705,65.54545454545455,316.1818181818182,251.63636363636363,0.09090909090909091,2020.0,2984.169545454545,1.4545454545454546,0.0,39.18181818181818,0.18181818181818182,534.0825445001775,585.1156560724431,221.46812213550913,283.7430354031649,1624.4093581112948,0.5541317732990907,289.1916711980646,42.72436783530495,10.363636363636363,363.43386806141245,3.1055794345742314,83.39436756480823,1.3190006517931412,191.0105604691939,2.7456506559532374,0.7234939693435596,32.36247047527122,34.09090909090909,39.64545454545455,26.263636363636362,28.11969696969697,1.3089393939393938,19.425757575757576,5.828787878787879,19.4033345172696,5.153753336108118,0,True,AAS2020_subregion,CHIRPS_v2.0_monthly+CHIRPS_v2.0_daily_climateserv,NASA_POWER_daily,,,subregion,False,False,A,"Yields from official AAS subregion estimates. Climate features from district centroids (CHIRPS monthly + CHIRPS daily via ClimateSERV + NASA POWER), aggregated to subregion by district mean."
South Buganda,first_season_2020,4608.280973008998,4068.7024003838255,2521.809753895707,0.6198068833094819,0.5472343740900589,23.897357555369684,24.07774954564745,36.53820104610516,0.1170889049052172,2020,2020.0,632.6961471550167,11.5,2.4166666666666665,0.5833333333333334,53.333333333333336,24.083333333333332,8.833333333333334,11.671595858552672,100.54858708381653,68.75,164.25,96.5,0.0,2020.0,1396.0579166666666,0.0,0.0,26.166666666666668,0.0,596.6642297108968,424.3638032277425,321.55711936950684,204.17437903086343,1546.7595313390095,0.5585967595020187,291.59664662679035,35.71348237991333,10.416666666666666,326.36190096537274,2.92554018440288,125.44070943196614,2.0489094133421104,70.50124168395996,1.0664570234307853,-0.1303685010754083,31.773735867717036,35.22222222222222,40.80138888888889,23.983333333333334,26.593055555555555,1.3072222222222223,18.944444444444443,5.747222222222223,36.53820104610516,2.7368616170734996,1,True,AAS2020_subregion,CHIRPS_v2.0_monthly+CHIRPS_v2.0_daily_climateserv,NASA_POWER_daily,,,subregion,False,False,A,"Yields from official AAS subregion estimates. Climate features from district centroids (CHIRPS monthly + CHIRPS daily via ClimateSERV + NASA POWER), aggregated to subregion by district mean."
South Buganda,second_season_2020,6288.340965626798,2065.3522843837954,2199.534645035548,1.0649682679639256,0.349779799959735,30.890036400074333,38.37821522353708,32.25374914220835,0.6715584769220717,2020,2020.0,510.40700353930396,8.0,1.1666666666666667,0.25,59.166666666666664,18.5,1.75,8.583431824311234,54.65515933434168,244.83333333333334,321.1666666666667,77.33333333333333,0.16666666666666666,2020.0,1404.0341666666666,0.0,0.0,23.666666666666668,0.0,596.6642297108968,424.3638032277425,321.55711936950684,204.17437903086343,1546.7595313390095,0.5585967595020187,291.59664662679035,35.71348237991333,10.416666666666666,326.36190096537274,2.92554018440288,125.44070943196614,2.0489094133421104,70.50124168395996,1.0664570234307853,-0.1303685010754083,31.773735867717036,35.22222222222222,40.80138888888889,23.983333333333334,26.593055555555555,1.3072222222222223,18.944444444444443,5.747222222222223,32.25374914220835,3.1004147629193475,1,True,AAS2020_subregion,CHIRPS_v2.0_monthly+CHIRPS_v2.0_daily_climateserv,NASA_POWER_daily,,,subregion,False,False,A,"Yields from official AAS subregion estimates. Climate features from district centroids (CHIRPS monthly + CHIRPS daily via ClimateSERV + NASA POWER), aggregated to subregion by district mean."
South Buganda,total_2020,10896.621938635795,6134.054684767621,4721.344398931256,0.7696938879034653,0.4332851433700695,24.574473514184607,21.219123761522347,31.74003983093905,0.4370682290978358,2020,2020.0,1143.1031506943207,11.833333333333334,3.5833333333333335,0.8333333333333334,112.5,42.583333333333336,10.583333333333334,10.623570783209432,100.74315484364827,68.75,321.1666666666667,253.41666666666666,0.16666666666666666,2020.0,2800.0920833333334,0.0,0.0,49.833333333333336,0.0,596.6642297108968,424.3638032277425,321.55711936950684,204.17437903086343,1546.7595313390095,0.5585967595020187,291.59664662679035,35.71348237991333,10.416666666666666,326.36190096537274,2.92554018440288,125.44070943196614,2.0489094133421104,70.50124168395996,1.0664570234307853,-0.1303685010754083,31.773735867717036,35.22222222222222,40.80138888888889,23.983333333333334,26.593055555555555,1.3072222222222223,18.944444444444443,5.747222222222223,31.74003983093905,3.150594660014371,1,True,AAS2020_subregion,CHIRPS_v2.0_monthly+CHIRPS_v2.0_daily_climateserv,NASA_POWER_daily,,,subregion,False,False,A,"Yields from official AAS subregion estimates. Climate features from district centroids (CHIRPS monthly + CHIRPS daily via ClimateSERV + NASA POWER), aggregated to subregion by district mean."
Teso,first_season_2020,65048.57182822785,56996.6283450636,21016.561981925144,0.3687334249789068,0.3230902907049682,13.604949639622852,14.02948358507436,15.836928908657988,0.1237835552243455,2020,2020.0,718.8491614870727,12.0,1.875,0.875,64.25,29.25,6.25,11.269178719280108,79.04015874862671,66.375,138.5,73.125,0.0,2020.0,1669.5249999999999,30.0,2.25,34.0,4.125,567.0684833526611,544.7363414764404,94.35681462287903,545.4307222366333,1751.592361688614,0.5267747515057891,252.7609806060791,18.44440770149231,9.125,432.5460443496704,3.148880772905238,110.15176582336426,1.4473873597718143,180.83578395843506,2.436987242438899,1.6948526242621507,33.696768641438275,39.75416666666666,37.083333333333336,23.166666666666664,22.95,1.3095833333333333,22.016666666666666,6.116666666666667,15.836928908657988,6.314355553198852,0,True,AAS2020_subregion,CHIRPS_v2.0_monthly+CHIRPS_v2.0_daily_climateserv,NASA_POWER_daily,,,subregion,False,False,A,"Yields from official AAS subregion estimates. Climate features from district centroids (CHIRPS monthly + CHIRPS daily via ClimateSERV + NASA POWER), aggregated to subregion by district mean."
Teso,second_season_2020,7359.601433314435,1865.3162773463475,804.5424257630066,0.4313168954422955,0.109318749534603,33.78598630307698,54.34253164285448,33.71362572205208,0.7465465631192079,2020,2020.0,771.3133741170168,6.25,0.75,0.0,66.375,30.0,7.75,11.734419782703148,92.56062760949135,215.75,319.375,104.625,0.0,2020.0,1599.635625,15.125,0.0,11.0,1.625,567.0684833526611,544.7363414764404,94.35681462287903,545.4307222366333,1751.592361688614,0.5267747515057891,252.7609806060791,18.44440770149231,9.125,432.5460443496704,3.148880772905238,110.15176582336426,1.4473873597718143,180.83578395843506,2.436987242438899,1.6948526242621507,33.696768641438275,39.75416666666666,37.083333333333336,23.166666666666664,22.95,1.3095833333333333,22.016666666666666,6.116666666666667,33.71362572205208,2.9661597605798304,1,True,AAS2020_subregion,CHIRPS_v2.0_monthly+CHIRPS_v2.0_daily_climateserv,NASA_POWER_daily,,,subregion,False,False,A,"Yields from official AAS subregion estimates. Climate features from district centroids (CHIRPS monthly + CHIRPS daily via ClimateSERV + NASA POWER), aggregated to subregion by district mean."
Teso,total_2020,72408.17326154228,58861.94462240995,21821.10440768815,0.3707166752248346,0.301362448806285,13.62455854446633,13.795122201975914,15.393839964481836,0.1870814858179422,2020,2020.0,1490.1625356040895,12.0,2.625,0.875,130.625,59.25,14.0,11.422720584285173,94.30053216218948,66.375,319.375,254.0,0.0,2020.0,3269.1606249999995,45.125,2.25,45.0,5.75,567.0684833526611,544.7363414764404,94.35681462287903,545.4307222366333,1751.592361688614,0.5267747515057891,252.7609806060791,18.44440770149231,9.125,432.5460443496704,3.148880772905238,110.15176582336426,1.4473873597718143,180.83578395843506,2.436987242438899,1.6948526242621507,33.696768641438275,39.75416666666666,37.083333333333336,23.166666666666664,22.95,1.3095833333333333,22.016666666666666,6.116666666666667,15.393839964481836,6.49610495046913,0,True,AAS2020_subregion,CHIRPS_v2.0_monthly+CHIRPS_v2.0_daily_climateserv,NASA_POWER_daily,,,subregion,False,False,A,"Yields from official AAS subregion estimates. Climate features from district centroids (CHIRPS monthly + CHIRPS daily via ClimateSERV + NASA POWER), aggregated to subregion by district mean."
Tooro,first_season_2020,13284.98754284861,12351.182642997628,5913.857110104041,0.4788089757102604,0.4451533801616175,20.30143096856489,21.029170666207342,21.55090374209809,0.0702902352628591,2020,2020.0,420.3883653643231,7.5,1.3333333333333333,0.0,59.833333333333336,11.833333333333334,2.3333333333333335,7.062722270110696,71.11472137769063,79.83333333333333,172.66666666666666,93.83333333333333,0.0,2020.0,1342.7875000000001,0.0,0.0,0.0,0.0,355.97414525349933,431.6625912984212,204.09065055847168,212.6048501332601,1204.3322372436523,0.47932599741362775,190.47071838378906,32.74074681599935,9.166666666666666,16.10162099202474,0.1709815567377501,-12.726359049479166,-0.2667215358856098,13.203530629475912,0.21729363402539736,0.4841465980969281,30.432683539302317,38.82222222222222,34.72222222222222,26.458333333333332,31.425,1.2222222222222223,21.03333333333333,5.7444444444444445,21.55090374209809,4.64017663466509,0,True,AAS2020_subregion,CHIRPS_v2.0_monthly+CHIRPS_v2.0_daily_climateserv,NASA_POWER_daily,,,subregion,False,False,A,"Yields from official AAS subregion estimates. Climate features from district centroids (CHIRPS monthly + CHIRPS daily via ClimateSERV + NASA POWER), aggregated to subregion by district mean."
Tooro,second_season_2020,13598.459294654513,5547.553077917076,4542.698240694583,0.8188652144271537,0.3340597741451706,16.80720470168287,19.521719736714093,18.34434706047047,0.5920454694380126,2020,2020.0,539.9655496279398,5.666666666666667,0.16666666666666666,0.0,75.0,15.833333333333334,0.8333333333333334,7.215844390065075,54.739023526509605,237.16666666666666,334.0,97.83333333333333,0.0,2020.0,1314.0225,0.0,0.0,0.0,0.0,355.97414525349933,431.6625912984212,204.09065055847168,212.6048501332601,1204.3322372436523,0.47932599741362775,190.47071838378906,32.74074681599935,9.166666666666666,16.10162099202474,0.1709815567377501,-12.726359049479166,-0.2667215358856098,13.203530629475912,0.21729363402539736,0.4841465980969281,30.432683539302317,38.82222222222222,34.72222222222222,26.458333333333332,31.425,1.2222222222222223,21.03333333333333,5.7444444444444445,18.34434706047047,5.451270610524273,0,True,AAS2020_subregion,CHIRPS_v2.0_monthly+CHIRPS_v2.0_daily_climateserv,NASA_POWER_daily,,,subregion,False,False,A,"Yields from official AAS subregion estimates. Climate features from district centroids (CHIRPS monthly + CHIRPS daily via ClimateSERV + NASA POWER), aggregated to subregion by district mean."
Tooro,total_2020,26883.44683750312,17898.735720914705,10456.555350798622,0.5842063659602571,0.3889588791944435,14.795123134204603,16.913366580574912,16.756179911955595,0.3342097897972854,2020,2020.0,960.353914992263,7.833333333333333,1.5,0.0,134.83333333333334,27.666666666666668,3.1666666666666665,7.117704760634367,71.11472137769063,79.83333333333333,334.0,255.16666666666666,0.0,2020.0,2656.81,0.0,0.0,0.0,0.0,355.97414525349933,431.6625912984212,204.09065055847168,212.6048501332601,1204.3322372436523,0.47932599741362775,190.47071838378906,32.74074681599935,9.166666666666666,16.10162099202474,0.1709815567377501,-12.726359049479166,-0.2667215358856098,13.203530629475912,0.21729363402539736,0.4841465980969281,30.432683539302317,38.82222222222222,34.72222222222222,26.458333333333332,31.425,1.2222222222222223,21.03333333333333,5.7444444444444445,16.756179911955595,5.967947379739557,0,True,AAS2020_subregion,CHIRPS_v2.0_monthly+CHIRPS_v2.0_daily_climateserv,NASA_POWER_daily,,,subregion,False,False,A,"Yields from official AAS subregion estimates. Climate features from district centroids (CHIRPS monthly + CHIRPS daily via ClimateSERV + NASA POWER), aggregated to subregion by district mean."
West Nile,first_season_2020,20346.62966069895,13812.252229777523,5601.538197262956,0.4055485017270916,0.2753054579885901,20.363590611992983,19.04585118933058,20.07344790957988,0.3211528169475197,2020,2020.0,483.52667271438986,8.875,0.875,0.5,61.5,17.625,0.5,7.825545069772218,51.422300547361374,67.0,119.5,53.5,0.0,2020.0,1761.97375,36.5,7.5,65.125,3.375,360.669960975647,493.01258277893066,66.64463460445404,483.41222190856934,1403.739400267601,0.5647084882010742,203.7938175201416,13.26979124546051,9.125,111.49882352352142,1.1023286179104022,7.397730827331543,0.14432181147424195,62.93607711791992,1.0631675336045212,3.117613660206275,31.220983540164855,37.858333333333334,39.25416666666666,22.879166666666666,24.341666666666665,1.296875,17.964583333333334,5.958333333333333,20.07344790957988,4.981705208315302,0,True,AAS2020_subregion,CHIRPS_v2.0_monthly+CHIRPS_v2.0_daily_climateserv,NASA_POWER_daily,,,subregion,False,False,A,"Yields from official AAS subregion estimates. Climate features from district centroids (CHIRPS monthly + CHIRPS daily via ClimateSERV + NASA POWER), aggregated to subregion by district mean."
West Nile,second_season_2020,24198.718150919853,14918.570534183047,10379.455815364154,0.6957406402698985,0.4289258526270163,20.49567736201292,18.52885981178847,22.64701621926756,0.3834974877123417,2020,2020.0,674.592796459794,7.125,0.75,0.125,72.25,24.625,3.875,9.322872237632467,67.03485369682312,222.125,325.875,104.75,0.0,2020.0,1560.473125,0.125,0.0,12.375,0.0,360.669960975647,493.01258277893066,66.64463460445404,483.41222190856934,1403.739400267601,0.5647084882010742,203.7938175201416,13.26979124546051,9.125,111.49882352352142,1.1023286179104022,7.397730827331543,0.14432181147424195,62.93607711791992,1.0631675336045212,3.117613660206275,31.220983540164855,37.858333333333334,39.25416666666666,22.879166666666666,24.341666666666665,1.296875,17.964583333333334,5.958333333333333,22.64701621926756,4.415592722317314,0,True,AAS2020_subregion,CHIRPS_v2.0_monthly+CHIRPS_v2.0_daily_climateserv,NASA_POWER_daily,,,subregion,False,False,A,"Yields from official AAS subregion estimates. Climate features from district centroids (CHIRPS monthly + CHIRPS daily via ClimateSERV + NASA POWER), aggregated to subregion by district mean."
West Nile,total_2020,44545.347811618805,28730.82276396057,15980.99401262711,0.5562316869210366,0.3587578680541534,12.440661082857831,10.708103406580738,15.739178902715958,0.3550208007026341,2020,2020.0,1158.119469174184,9.25,1.625,0.625,133.75,42.25,4.375,8.351270635323328,67.03485369682312,67.0,325.875,259.875,0.0,2020.0,3322.446875,36.625,7.5,77.5,3.375,360.669960975647,493.01258277893066,66.64463460445404,483.41222190856934,1403.739400267601,0.5647084882010742,203.7938175201416,13.26979124546051,9.125,111.49882352352142,1.1023286179104022,7.397730827331543,0.14432181147424195,62.93607711791992,1.0631675336045212,3.117613660206275,31.220983540164855,37.858333333333334,39.25416666666666,22.879166666666666,24.341666666666665,1.296875,17.964583333333334,5.958333333333333,15.739178902715958,6.353571594687444,0,True,AAS2020_subregion,CHIRPS_v2.0_monthly+CHIRPS_v2.0_daily_climateserv,NASA_POWER_daily,,,subregion,False,False,A,"Yields from official AAS subregion estimates. Climate features from district centroids (CHIRPS monthly + CHIRPS daily via ClimateSERV + NASA POWER), aggregated to subregion by district mean."
Acholi,total_2018,30393.0,8804.0,14739.0,0.6,0.5,,,27.6,0.7103280360609351,2018,2018.0,1297.993301793933,9.5,2.25,0.75,131.0,53.5,7.875,10.09085539189485,74.19288450479507,65.875,312.5,247.625,0.125,2018.0,3571.703125,113.875,13.5,76.25,11.5,587.9534330368042,367.18062353134155,84.7395316362381,463.0955591201782,1502.969147324562,0.5761652462293185,228.6103973388672,3.5434058904647827,9.5,181.1862906217575,1.6256564460291145,204.72643995285034,3.4001401929672337,-18.267350673675537,-0.2996272532481422,2.948992569163029,32.58856664393185,35.916666666666664,39.8,24.279166666666665,23.097916666666666,1.290625,21.222916666666666,6.214583333333334,27.6,3.623188405797101,0,False,AAS2020_subregion,CHIRPS_v2.0_monthly+CHIRPS_v2.0_daily_climateserv,NASA_POWER_daily,,,subregion,False,False,A,"Yields from official AAS subregion estimates. Climate features from district centroids (CHIRPS monthly + CHIRPS daily via ClimateSERV + NASA POWER), aggregated to subregion by district mean."
Ankole,total_2018,44860.0,14646.0,23401.0,0.5,0.5,,,28.9,0.6735176103432903,2018,2018.0,996.1152784257408,19.6,4.4,2.2,119.6,34.0,5.4,8.673759301200255,75.81697468757629,62.5,325.5,264.0,0.3,2018.0,2714.403,3.5,0.0,0.0,0.5,495.5467948913574,380.0913887023926,231.99917488098146,135.87353043556215,1243.5108889102935,0.6427294724306255,247.5020538330078,12.322136735916137,8.9,188.58798718452454,1.8995998933526397,181.84620895385743,3.737732083847076,-9.357119750976562,-0.19052904602842116,-0.48578801850042497,30.393043827460055,36.69166666666666,34.480000000000004,28.839999999999996,29.723333333333336,1.2521666666666667,22.166666666666664,5.866666666666666,28.9,3.4602076124567476,0,False,AAS2020_subregion,CHIRPS_v2.0_monthly+CHIRPS_v2.0_daily_climateserv,NASA_POWER_daily,,,subregion,False,False,A,"Yields from official AAS subregion estimates. Climate features from district centroids (CHIRPS monthly + CHIRPS daily via ClimateSERV + NASA POWER), aggregated to subregion by district mean."
Bukedi,total_2018,39058.0,8889.0,15568.0,0.4,0.4,,,24.8,0.7724153822520354,2018,2018.0,1223.6469823420048,9.666666666666666,3.1666666666666665,1.0,131.5,47.5,8.833333333333334,9.682857167300785,85.07590516408284,66.66666666666667,325.3333333333333,259.6666666666667,0.0,2018.0,3061.883333333333,19.666666666666668,0.0,11.833333333333334,2.0,688.6437784830729,296.1997750600179,179.76185401280722,309.0909481048584,1473.6963556607564,0.6202254517839495,256.36289469401044,17.54391272862752,10.5,101.55802138646443,0.8063606445629515,189.74026234944662,2.743545989419715,-95.46537335713704,-1.345063264936065,0.8889265350005031,33.93278031056312,39.98888888888889,37.0,23.030555555555555,22.21388888888889,1.3194444444444444,19.625,5.861111111111111,24.8,4.032258064516129,0,False,AAS2020_subregion,CHIRPS_v2.0_monthly+CHIRPS_v2.0_daily_climateserv,NASA_POWER_daily,,,subregion,False,False,A,"Yields from official AAS subregion estimates. Climate features from district centroids (CHIRPS monthly + CHIRPS daily via ClimateSERV + NASA POWER), aggregated to subregion by district mean."
Bunyoro,total_2018,55500.0,24207.0,34878.0,0.8,0.6,,,11.9,0.5638378378378379,2018,2018.0,1165.2299720535852,13.714285714285714,1.5714285714285714,1.4285714285714286,136.57142857142858,42.42857142857143,3.5714285714285716,8.776554583205309,62.94485630307879,63.42857142857143,326.7142857142857,264.2857142857143,0.0,2018.0,3334.141428571428,53.0,0.0,78.0,7.571428571428571,525.7105691092355,390.0055247715541,164.51955461502075,299.55005264282227,1379.7857011386327,0.5287806758871201,215.79498508998327,10.444469383784703,9.571428571428571,150.4040540286473,1.6417496059959489,117.33206503731864,2.2641972703278577,-27.302259172712052,-0.48755432717256875,1.4080781187891254,31.393408918217762,35.91904761904762,40.12142857142857,23.942857142857143,27.39047619047619,1.275952380952381,19.571428571428573,5.892857142857143,11.9,8.403361344537814,0,False,AAS2020_subregion,CHIRPS_v2.0_monthly+CHIRPS_v2.0_daily_climateserv,NASA_POWER_daily,,,subregion,False,False,A,"Yields from official AAS subregion estimates. Climate features from district centroids (CHIRPS monthly + CHIRPS daily via ClimateSERV + NASA POWER), aggregated to subregion by district mean."
Busoga,total_2018,51362.0,19161.0,22942.0,0.5,0.4,,,27.4,0.6269420972703554,2018,2018.0,1296.9030754357577,11.0,2.7,1.5,130.6,50.6,9.5,10.323244155153235,84.97893571853638,62.6,312.0,250.4,0.4,2018.0,3089.417,15.4,0.0,24.8,2.0,735.6537338256836,321.9559047698975,224.0965503692627,289.6874603271484,1571.3936492919922,0.6150324887960037,275.6630065917969,25.841302108764648,10.5,233.11663322448732,2.1517740743900444,238.80677642822266,3.8123543758751666,-73.71551856994628,-1.2631691717331726,0.7262101537158856,33.473807107491325,38.230000000000004,39.06999999999999,22.69833333333333,22.363333333333333,1.3295,18.055,5.785,27.4,3.649635036496351,0,False,AAS2020_subregion,CHIRPS_v2.0_monthly+CHIRPS_v2.0_daily_climateserv,NASA_POWER_daily,,,subregion,False,False,A,"Yields from official AAS subregion estimates. Climate features from district centroids (CHIRPS monthly + CHIRPS daily via ClimateSERV + NASA POWER), aggregated to subregion by district mean."
Elgon,total_2018,13370.0,2909.0,6621.0,0.5,0.5,,,56.2,0.7824233358264772,2018,2018.0,1537.3219298571348,12.875,3.625,1.75,118.125,65.0,20.625,13.210176756099498,105.4630154967308,62.75,322.5,260.75,0.0,2018.0,2377.785,12.625,0.0,0.0,1.5,821.1363525390625,346.22642946243286,129.94558215141296,530.4853630065918,1827.7937271595001,0.658134718643457,325.0998058319092,19.135969161987305,10.0,242.7238380908966,1.5288118442671623,308.83262729644775,3.765680949467672,-103.91028547286987,-1.1330632667152585,1.1999274532426099,34.4057876713486,41.06666666666667,34.6875,24.233333333333334,35.19166666666666,1.1777083333333334,22.4625,5.83125,56.2,1.779359430604982,1,False,AAS2020_subregion,CHIRPS_v2.0_monthly+CHIRPS_v2.0_daily_climateserv,NASA_POWER_daily,,,subregion,False,False,A,"Yields from official AAS subregion estimates. Climate features from district centroids (CHIRPS monthly + CHIRPS daily via ClimateSERV + NASA POWER), aggregated to subregion by district mean."
Karamoja,total_2018,33039.0,5934.0,14228.0,0.4,0.4,,,51.3,0.8203940797239626,2018,2018.0,1184.5411929062434,20.428571428571427,8.571428571428571,3.5714285714285716,86.14285714285714,49.42857142857143,15.714285714285714,14.246824615542163,104.75294985089984,65.28571428571429,321.42857142857144,257.14285714285717,0.2857142857142857,2018.0,3225.690714285714,90.42857142857143,2.7142857142857144,8.0,7.714285714285714,665.8696888514927,159.54168483189173,58.64976494652884,459.43540845598494,1343.4965470858983,0.8535693590964771,277.29381016322543,3.9569649696350098,7.428571428571429,361.4545076915196,2.978259744352143,343.17089407784596,5.359529608590135,-74.97678593226841,-1.1392735259819262,2.5129023495609677,34.24920188533877,37.01428571428572,39.42857142857143,23.559523809523807,20.571428571428573,1.2750000000000001,24.55,6.485714285714286,51.3,1.949317738791423,1,False,AAS2020_subregion,CHIRPS_v2.0_monthly+CHIRPS_v2.0_daily_climateserv,NASA_POWER_daily,,,subregion,False,False,A,"Yields from official AAS subregion estimates. Climate features from district centroids (CHIRPS monthly + CHIRPS daily via ClimateSERV + NASA POWER), aggregated to subregion by district mean."
Kigezi,total_2018,12995.0,5026.0,6138.0,0.4,0.5,,,40.2,0.6132358599461332,2018,2018.0,1113.6591416970477,18.2,4.0,2.2,125.0,39.8,7.6,9.547616730039794,79.61275711059571,61.4,307.8,247.4,0.0,2018.0,2419.301,1.4,0.0,0.0,0.2,602.3397262573242,395.11658935546876,273.946004486084,132.51262798309327,1403.9149480819701,0.6298086246890426,261.4533721923828,16.309780502319335,9.4,282.32114124298096,2.7728135725666623,253.4220733642578,5.212754661959374,3.7371658325195307,0.055807393065385916,-1.019403368249541,29.831596063494146,39.79666666666667,32.08,28.139999999999997,37.58,1.1653333333333333,24.080000000000002,5.66,40.2,2.487562189054726,1,False,AAS2020_subregion,CHIRPS_v2.0_monthly+CHIRPS_v2.0_daily_climateserv,NASA_POWER_daily,,,subregion,False,False,A,"Yields from official AAS subregion estimates. Climate features from district centroids (CHIRPS monthly + CHIRPS daily via ClimateSERV + NASA POWER), aggregated to subregion by district mean."
Lango,total_2018,36371.0,12923.0,13919.0,0.3,0.4,,,25.6,0.6446894503862968,2018,2018.0,1242.8373610302806,11.875,3.25,1.5,126.625,50.125,8.625,10.014780862379324,77.99202477931976,62.125,323.625,262.5,0.125,2018.0,3524.9312500000005,97.625,6.75,74.25,11.625,593.8219223022461,324.0818738937378,114.95286193490028,422.49482107162476,1455.351479202509,0.5826960740133942,236.17976188659668,4.664751201868057,9.875,149.4376770555973,1.2383927448897447,186.78048706054688,2.9338214629412844,-68.1658182144165,-1.034530383000785,2.1733559469566277,32.88726991358652,37.922916666666666,38.145833333333336,23.941666666666666,23.510416666666664,1.3008333333333333,21.0125,6.166666666666667,25.6,3.90625,0,False,AAS2020_subregion,CHIRPS_v2.0_monthly+CHIRPS_v2.0_daily_climateserv,NASA_POWER_daily,,,subregion,False,False,A,"Yields from official AAS subregion estimates. Climate features from district centroids (CHIRPS monthly + CHIRPS daily via ClimateSERV + NASA POWER), aggregated to subregion by district mean."
North Buganda,total_2018,42593.0,15928.0,22274.0,0.6,0.5,,,17.5,0.6260418378606813,2018,2018.0,1158.813574438068,15.090909090909092,3.090909090909091,2.0,119.63636363636364,45.09090909090909,8.636363636363637,9.955694653821393,77.69701502539895,63.09090909090909,321.54545454545456,259.45454545454544,0.0,2018.0,3077.5413636363637,27.0,0.0,37.90909090909091,3.909090909090909,610.2176257046787,324.47113210504705,221.73553232713178,272.11133852871984,1428.5356286655772,0.5656856424408608,241.6861336447976,21.74912790818648,10.363636363636363,167.5601386156949,1.4805464301233073,159.5294487693093,2.586762883012903,-69.63396349820223,-1.0372331239547032,0.7234939693435596,32.36247047527122,34.09090909090909,39.64545454545455,26.263636363636362,28.11969696969697,1.3089393939393938,19.425757575757576,5.828787878787879,17.5,5.714285714285714,0,False,AAS2020_subregion,CHIRPS_v2.0_monthly+CHIRPS_v2.0_daily_climateserv,NASA_POWER_daily,,,subregion,False,False,A,"Yields from official AAS subregion estimates. Climate features from district centroids (CHIRPS monthly + CHIRPS daily via ClimateSERV + NASA POWER), aggregated to subregion by district mean."
South Buganda,total_2018,20736.0,11808.0,11040.0,0.5,0.5,,,19.8,0.4305555555555556,2018,2018.0,1102.8067770993446,13.583333333333334,4.333333333333333,1.9166666666666667,113.58333333333333,43.083333333333336,8.75,9.953865441035786,72.8550816377004,60.083333333333336,314.25,255.16666666666666,0.5,2018.0,2847.9779166666667,0.25,0.0,45.25,0.0,553.7707850138346,337.64565086364746,241.9257427851359,238.47978778680167,1371.8219664494197,0.5415079784985511,213.70710627237955,23.081258098284405,9.666666666666666,151.42433607578278,1.3510859870943357,82.54726473490398,1.483903699154667,-16.21691068013509,-0.20787993947915503,-0.1303685010754083,31.773735867717036,35.22222222222222,40.80138888888889,23.983333333333334,26.593055555555555,1.3072222222222223,18.944444444444443,5.747222222222223,19.8,5.05050505050505,0,False,AAS2020_subregion,CHIRPS_v2.0_monthly+CHIRPS_v2.0_daily_climateserv,NASA_POWER_daily,,,subregion,False,False,A,"Yields from official AAS subregion estimates. Climate features from district centroids (CHIRPS monthly + CHIRPS daily via ClimateSERV + NASA POWER), aggregated to subregion by district mean."
Teso,total_2018,51095.0,4688.0,22101.0,0.4,0.4,,,59.0,0.9082493394657012,2018,2018.0,1253.0888489037752,12.0,3.625,1.75,119.625,49.625,9.5,10.931848493951698,83.35162037611008,67.25,324.0,257.75,0.125,2018.0,3453.383125,90.875,6.375,66.25,10.125,681.727123260498,256.6796932220459,110.21020019054413,418.49885654449463,1467.1158732175827,0.6808055945301487,281.5084457397461,9.2957843542099,9.75,148.06955587863922,1.0791982803705658,224.81040573120117,2.938603450471212,-107.22086429595947,-1.430068115992032,1.6948526242621507,33.696768641438275,39.75416666666666,37.083333333333336,23.166666666666664,22.95,1.3095833333333333,22.016666666666666,6.116666666666667,59.0,1.6949152542372883,1,False,AAS2020_subregion,CHIRPS_v2.0_monthly+CHIRPS_v2.0_daily_climateserv,NASA_POWER_daily,,,subregion,False,False,A,"Yields from official AAS subregion estimates. Climate features from district centroids (CHIRPS monthly + CHIRPS daily via ClimateSERV + NASA POWER), aggregated to subregion by district mean."
Tooro,total_2018,41748.0,20689.0,23152.0,0.6,0.6,,,14.6,0.5044313500047907,2018,2018.0,1085.4182376811902,14.666666666666666,2.8333333333333335,1.6666666666666667,133.16666666666666,38.166666666666664,2.8333333333333335,8.29458282768816,59.02206015586853,64.5,319.3333333333333,255.83333333333334,0.16666666666666666,2018.0,2643.8725,0.3333333333333333,0.0,0.0,0.0,453.04015096028644,446.4355278015137,184.95953528086343,216.255126953125,1300.6903409957886,0.534679106022179,199.7302678426107,23.761218388875324,9.166666666666666,112.45972474416097,1.1571678106016552,84.33964665730794,1.7280906546617123,27.97646713256836,0.46409968627473414,0.4841465980969281,30.432683539302317,38.82222222222222,34.72222222222222,26.458333333333332,31.425,1.2222222222222223,21.03333333333333,5.7444444444444445,14.6,6.849315068493151,0,False,AAS2020_subregion,CHIRPS_v2.0_monthly+CHIRPS_v2.0_daily_climateserv,NASA_POWER_daily,,,subregion,False,False,A,"Yields from official AAS subregion estimates. Climate features from district centroids (CHIRPS monthly + CHIRPS daily via ClimateSERV + NASA POWER), aggregated to subregion by district mean."
West Nile,total_2018,41920.0,18752.0,22278.0,0.6,0.5,,,23.7,0.5526717557251908,2018,2018.0,1197.698100939393,10.625,2.125,1.25,123.375,47.0,7.375,9.63271561240217,71.4289847612381,65.25,320.75,256.5,0.0,2018.0,3387.3431250000003,66.375,6.5,94.375,9.375,433.0388431549072,451.51755142211914,95.55104261636734,401.2724142074585,1381.3798514008522,0.5225231198535019,192.49038887023926,4.205187380313873,9.75,89.13927465677261,0.8697596005752545,79.7666130065918,1.574377909953197,21.4410457611084,0.35516186793597415,3.117613660206275,31.220983540164855,37.858333333333334,39.25416666666666,22.879166666666666,24.341666666666665,1.296875,17.964583333333334,5.958333333333333,23.7,4.219409282700422,0,False,AAS2020_subregion,CHIRPS_v2.0_monthly+CHIRPS_v2.0_daily_climateserv,NASA_POWER_daily,,,subregion,False,False,A,"Yields from official AAS subregion estimates. Climate features from district centroids (CHIRPS monthly + CHIRPS daily via ClimateSERV + NASA POWER), aggregated to subregion by district mean."
