sub_region,season_group,area_planted_ha,area_harvested_ha,production_mt,yield_over_harvested,yield_over_planted,cv_area_planted_pct,cv_area_harvested_pct,cv_production_pct,harvest_loss_ratio,year,daily_year,daily_season_total_mm,daily_longest_dry_spell_days,daily_dry_spell_count_7d,daily_dry_spell_count_10d,daily_rain_days_1mm,daily_rain_days_10mm,daily_rain_days_20mm,daily_mean_wet_day_rainfall,daily_maximum_5day_rainfall,daily_season_onset_day,daily_season_cessation_day,daily_season_length_days,daily_false_onset_flag,temp_year,temp_season_gdd,temp_heat_days,temp_extreme_heat_days,temp_warm_night_days,temp_heatwave_count,rain_MAM,rain_SON,rain_DJF,rain_JJA,rain_annual_rainfall,rain_rain_cv,rain_max_monthly,rain_min_monthly,rain_rainy_months,rain_rainfall_anomaly,rain_rainfall_zscore,rain_MAM_anomaly,rain_MAM_zscore,rain_SON_anomaly,rain_SON_zscore,soil_lat,soil_lon,soil_clay,soil_sand,soil_silt,soil_soc,soil_bdod,soil_cec,soil_phh2o,yield_source,rainfall_source,temperature_source,soil_source,soil_moisture_source,yield_granularity,is_proxy,is_imputed,data_quality_score,data_quality_note
Acholi,first_season_2020,47942.14032561288,41732.53402677024,67894.06728161349,1.6268858066002263,1.4161667964861675,16.589763354664175,17.47189964546245,20.00325538597934,0.1295229261077688,2020,2020.0,572.7000713534653,9.625,1.0,0.5,70.125,17.875,1.875,8.171791002696578,57.323903918266296,66.375,91.5,26.125,0.0,2020.0,1725.021875,32.125,4.25,36.625,4.25,429.8889408111572,490.36515522003174,69.14666032791138,518.1679534912109,1507.5687098503113,0.5593996689194904,228.08902740478516,16.66800856590271,9.0,185.7858531475067,1.6576316046658746,46.66194772720337,0.7774568923056622,104.91718101501465,1.6678938868094362,2.948992569163029,32.58856664393185,35.916666666666664,39.8,24.279166666666665,23.097916666666666,1.290625,21.222916666666666,6.214583333333334,AAS2020_subregion,CHIRPS_v2.0_monthly+CHIRPS_v2.0_daily_climateserv,NASA_POWER_daily,,,subregion,False,False,A,"Yields from official AAS subregion estimates. Climate features from district centroids (CHIRPS monthly + CHIRPS daily via ClimateSERV + NASA POWER), aggregated to subregion by district mean."
Acholi,second_season_2020,10696.561668655642,6348.980979146792,12646.657888078616,1.9919193221111424,1.1823105666877405,18.42136967448647,19.386080764407403,21.47042551825298,0.4064465595751816,2020,2020.0,689.2091083079576,7.25,0.75,0.0,73.75,24.375,4.625,9.378765549747122,71.7936801314354,215.25,326.25,112.0,0.0,2020.0,1576.105,1.25,0.0,3.5,0.0,429.8889408111572,490.36515522003174,69.14666032791138,518.1679534912109,1507.5687098503113,0.5593996689194904,228.08902740478516,16.66800856590271,9.0,185.7858531475067,1.6576316046658746,46.66194772720337,0.7774568923056622,104.91718101501465,1.6678938868094362,2.948992569163029,32.58856664393185,35.916666666666664,39.8,24.279166666666665,23.097916666666666,1.290625,21.222916666666666,6.214583333333334,AAS2020_subregion,CHIRPS_v2.0_monthly+CHIRPS_v2.0_daily_climateserv,NASA_POWER_daily,,,subregion,False,False,A,"Yields from official AAS subregion estimates. Climate features from district centroids (CHIRPS monthly + CHIRPS daily via ClimateSERV + NASA POWER), aggregated to subregion by district mean."
Acholi,total_2020,58638.70199426852,48081.51500591704,80540.7251696921,1.6750870924050658,1.3735079807456232,13.30403559187106,15.445166147719688,16.958306618026867,0.1800378696885781,2020,2020.0,1261.909179661423,9.75,1.75,0.5,143.875,42.25,6.5,8.578404892374339,71.7936801314354,66.375,326.25,260.875,0.0,2020.0,3301.126875,33.375,4.25,40.125,4.25,429.8889408111572,490.36515522003174,69.14666032791138,518.1679534912109,1507.5687098503113,0.5593996689194904,228.08902740478516,16.66800856590271,9.0,185.7858531475067,1.6576316046658746,46.66194772720337,0.7774568923056622,104.91718101501465,1.6678938868094362,2.948992569163029,32.58856664393185,35.916666666666664,39.8,24.279166666666665,23.097916666666666,1.290625,21.222916666666666,6.214583333333334,AAS2020_subregion,CHIRPS_v2.0_monthly+CHIRPS_v2.0_daily_climateserv,NASA_POWER_daily,,,subregion,False,False,A,"Yields from official AAS subregion estimates. Climate features from district centroids (CHIRPS monthly + CHIRPS daily via ClimateSERV + NASA POWER), aggregated to subregion by district mean."
Ankole,first_season_2020,8773.79237101778,8025.209403876534,18387.17996876993,2.291177593433027,2.095693537210635,19.024986164773527,20.499349643686564,20.05132831229202,0.0853203421605939,2020,2020.0,349.7021957648918,13.5,3.6,1.1,43.6,10.6,3.3,8.008444253579558,73.6520622253418,79.7,170.1,91.4,0.0,2020.0,1337.8425,0.0,0.0,0.0,0.0,310.6848606109619,444.8346336364746,271.2373676300049,111.68549699783325,1138.4423588752747,0.6943823472467304,239.6933395385742,12.007702255249024,8.7,83.51945714950561,0.8827483995985753,-3.015725326538086,0.03590513226277618,55.38612518310547,0.9817632327328776,-0.48578801850042497,30.393043827460055,36.69166666666666,34.480000000000004,28.839999999999996,29.723333333333336,1.2521666666666667,22.166666666666664,5.866666666666666,AAS2020_subregion,CHIRPS_v2.0_monthly+CHIRPS_v2.0_daily_climateserv,NASA_POWER_daily,,,subregion,False,False,A,"Yields from official AAS subregion estimates. Climate features from district centroids (CHIRPS monthly + CHIRPS daily via ClimateSERV + NASA POWER), aggregated to subregion by district mean."
Ankole,second_season_2020,11986.055961617616,7469.261789492012,35452.1339451982,4.746403988018382,2.9577814469350803,13.196671304950222,15.758581518624698,16.529419799404966,0.376837400608634,2020,2020.0,503.34004124179484,7.9,0.8,0.3,57.2,17.0,3.5,8.7841959363282,80.87566123008727,263.4,324.6,62.2,0.2,2020.0,1343.2685000000001,0.0,0.0,0.0,0.0,310.6848606109619,444.8346336364746,271.2373676300049,111.68549699783325,1138.4423588752747,0.6943823472467304,239.6933395385742,12.007702255249024,8.7,83.51945714950561,0.8827483995985753,-3.015725326538086,0.03590513226277618,55.38612518310547,0.9817632327328776,-0.48578801850042497,30.393043827460055,36.69166666666666,34.480000000000004,28.839999999999996,29.723333333333336,1.2521666666666667,22.166666666666664,5.866666666666666,AAS2020_subregion,CHIRPS_v2.0_monthly+CHIRPS_v2.0_daily_climateserv,NASA_POWER_daily,,,subregion,False,False,A,"Yields from official AAS subregion estimates. Climate features from district centroids (CHIRPS monthly + CHIRPS daily via ClimateSERV + NASA POWER), aggregated to subregion by district mean."
Ankole,total_2020,20759.8483326354,15494.471193368548,53839.31391396813,3.474743554785576,2.5934348387955395,14.60853377532311,17.349762463883344,16.65697322495451,0.2536327363716547,2020,2020.0,853.0422370066866,13.5,4.4,1.4,100.8,27.6,6.8,8.286924300112421,88.41481127738953,79.7,324.6,245.9,0.2,2020.0,2681.111,0.0,0.0,0.0,0.0,310.6848606109619,444.8346336364746,271.2373676300049,111.68549699783325,1138.4423588752747,0.6943823472467304,239.6933395385742,12.007702255249024,8.7,83.51945714950561,0.8827483995985753,-3.015725326538086,0.03590513226277618,55.38612518310547,0.9817632327328776,-0.48578801850042497,30.393043827460055,36.69166666666666,34.480000000000004,28.839999999999996,29.723333333333336,1.2521666666666667,22.166666666666664,5.866666666666666,AAS2020_subregion,CHIRPS_v2.0_monthly+CHIRPS_v2.0_daily_climateserv,NASA_POWER_daily,,,subregion,False,False,A,"Yields from official AAS subregion estimates. Climate features from district centroids (CHIRPS monthly + CHIRPS daily via ClimateSERV + NASA POWER), aggregated to subregion by district mean."
Bukedi,first_season_2020,46005.41547499803,44579.344761353,68965.01039394768,1.5470171390615697,1.499062875139715,9.875934481201492,9.809122856761505,11.446508316265888,0.0309978879425627,2020,2020.0,809.6237435787916,7.333333333333333,0.6666666666666666,0.16666666666666666,77.66666666666667,30.0,6.666666666666667,10.415271057329736,88.75836904843648,65.0,158.83333333333334,94.83333333333333,0.0,2020.0,1534.1625000000001,6.666666666666667,0.0,13.666666666666666,0.6666666666666666,667.2053387959799,794.5850397745768,203.4081185658773,452.70716222127277,2117.9056593577066,0.560799035660458,393.3497365315755,49.560106913248696,11.0,745.7673250834147,5.829329549863792,168.30182266235352,2.438865671778767,402.9198913574219,5.631585246250869,0.8889265350005031,33.93278031056312,39.98888888888889,37.0,23.030555555555555,22.21388888888889,1.3194444444444444,19.625,5.861111111111111,AAS2020_subregion,CHIRPS_v2.0_monthly+CHIRPS_v2.0_daily_climateserv,NASA_POWER_daily,,,subregion,False,False,A,"Yields from official AAS subregion estimates. Climate features from district centroids (CHIRPS monthly + CHIRPS daily via ClimateSERV + NASA POWER), aggregated to subregion by district mean."
Bukedi,second_season_2020,38307.0939749609,19856.169874066632,51510.81005911016,2.594196684748674,1.344680703077601,10.48923636761742,12.632343295255431,12.560235646556675,0.481658152219914,2020,2020.0,992.2721540729204,4.666666666666667,0.0,0.0,78.33333333333333,39.166666666666664,11.166666666666666,12.62093760744031,138.83227117856345,219.66666666666666,334.0,115.33333333333333,0.0,2020.0,1501.6674999999998,0.0,0.0,1.0,0.0,667.2053387959799,794.5850397745768,203.4081185658773,452.70716222127277,2117.9056593577066,0.560799035660458,393.3497365315755,49.560106913248696,11.0,745.7673250834147,5.829329549863792,168.30182266235352,2.438865671778767,402.9198913574219,5.631585246250869,0.8889265350005031,33.93278031056312,39.98888888888889,37.0,23.030555555555555,22.21388888888889,1.3194444444444444,19.625,5.861111111111111,AAS2020_subregion,CHIRPS_v2.0_monthly+CHIRPS_v2.0_daily_climateserv,NASA_POWER_daily,,,subregion,False,False,A,"Yields from official AAS subregion estimates. Climate features from district centroids (CHIRPS monthly + CHIRPS daily via ClimateSERV + NASA POWER), aggregated to subregion by district mean."
Bukedi,total_2020,84312.50944995893,64435.51463541963,120475.82045305784,1.8697114647833253,1.4289198748681833,9.070555188461109,9.033549190034975,10.570414759153104,0.2357538038449285,2020,2020.0,1801.8958976517122,7.333333333333333,0.6666666666666666,0.16666666666666666,156.0,69.16666666666667,17.833333333333332,11.152388814397248,138.83227117856345,65.0,334.0,270.0,0.0,2020.0,3035.83,6.666666666666667,0.0,14.666666666666666,0.6666666666666666,667.2053387959799,794.5850397745768,203.4081185658773,452.70716222127277,2117.9056593577066,0.560799035660458,393.3497365315755,49.560106913248696,11.0,745.7673250834147,5.829329549863792,168.30182266235352,2.438865671778767,402.9198913574219,5.631585246250869,0.8889265350005031,33.93278031056312,39.98888888888889,37.0,23.030555555555555,22.21388888888889,1.3194444444444444,19.625,5.861111111111111,AAS2020_subregion,CHIRPS_v2.0_monthly+CHIRPS_v2.0_daily_climateserv,NASA_POWER_daily,,,subregion,False,False,A,"Yields from official AAS subregion estimates. Climate features from district centroids (CHIRPS monthly + CHIRPS daily via ClimateSERV + NASA POWER), aggregated to subregion by district mean."
Bunyoro,first_season_2020,175979.4170716595,170452.2552073215,399310.89354733896,2.3426553850030096,2.269077260238554,15.251338188788091,15.331678571489354,15.499039803341756,0.0314080018919901,2020,2020.0,495.56492937462673,8.285714285714286,0.8571428571428571,0.2857142857142857,61.285714285714285,17.142857142857142,2.142857142857143,8.112740533440107,60.977203028542654,71.28571428571429,150.28571428571428,80.0,0.0,2020.0,1656.5092857142859,18.428571428571427,0.0,42.0,2.2857142857142856,401.13837759835377,464.5933271135603,116.57960183279855,357.61904580252514,1339.9303523472377,0.475642250642621,186.5789315359933,29.1850095476423,9.571428571428571,110.54870523725238,1.1906279809710258,-7.240126473563058,-0.12392865953335115,47.28554316929409,0.886999619780174,1.4080781187891254,31.393408918217762,35.91904761904762,40.12142857142857,23.942857142857143,27.39047619047619,1.275952380952381,19.571428571428573,5.892857142857143,AAS2020_subregion,CHIRPS_v2.0_monthly+CHIRPS_v2.0_daily_climateserv,NASA_POWER_daily,,,subregion,False,False,A,"Yields from official AAS subregion estimates. Climate features from district centroids (CHIRPS monthly + CHIRPS daily via ClimateSERV + NASA POWER), aggregated to subregion by district mean."
Bunyoro,second_season_2020,157769.22991330645,93771.61150004598,286465.37767513114,3.0549264654046246,1.8157240029157948,14.894061671122882,18.231437997273936,17.07727225114018,0.405640684488521,2020,2020.0,615.2274812289646,6.142857142857143,0.42857142857142855,0.0,72.57142857142857,19.428571428571427,3.0,8.509187926749274,60.676331111363005,220.14285714285714,328.85714285714283,109.71428571428571,0.0,2020.0,1627.2207142857144,7.714285714285714,0.0,38.57142857142857,0.5714285714285714,401.13837759835377,464.5933271135603,116.57960183279855,357.61904580252514,1339.9303523472377,0.475642250642621,186.5789315359933,29.1850095476423,9.571428571428571,110.54870523725238,1.1906279809710258,-7.240126473563058,-0.12392865953335115,47.28554316929409,0.886999619780174,1.4080781187891254,31.393408918217762,35.91904761904762,40.12142857142857,23.942857142857143,27.39047619047619,1.275952380952381,19.571428571428573,5.892857142857143,AAS2020_subregion,CHIRPS_v2.0_monthly+CHIRPS_v2.0_daily_climateserv,NASA_POWER_daily,,,subregion,False,False,A,"Yields from official AAS subregion estimates. Climate features from district centroids (CHIRPS monthly + CHIRPS daily via ClimateSERV + NASA POWER), aggregated to subregion by district mean."
Bunyoro,total_2020,333748.64698496595,264223.8667073675,685776.2712224701,2.5954365128642194,2.0547686931997107,14.823885150160562,15.179980716754743,15.202880651236114,0.2083147929008092,2020,2020.0,1110.7924106035914,8.285714285714286,1.2857142857142858,0.2857142857142857,133.85714285714286,36.57142857142857,5.142857142857143,8.250283932768435,70.5503591809954,71.28571428571429,328.85714285714283,258.57142857142856,0.0,2020.0,3283.73,26.142857142857142,0.0,80.57142857142857,2.857142857142857,401.13837759835377,464.5933271135603,116.57960183279855,357.61904580252514,1339.9303523472377,0.475642250642621,186.5789315359933,29.1850095476423,9.571428571428571,110.54870523725238,1.1906279809710258,-7.240126473563058,-0.12392865953335115,47.28554316929409,0.886999619780174,1.4080781187891254,31.393408918217762,35.91904761904762,40.12142857142857,23.942857142857143,27.39047619047619,1.275952380952381,19.571428571428573,5.892857142857143,AAS2020_subregion,CHIRPS_v2.0_monthly+CHIRPS_v2.0_daily_climateserv,NASA_POWER_daily,,,subregion,False,False,A,"Yields from official AAS subregion estimates. Climate features from district centroids (CHIRPS monthly + CHIRPS daily via ClimateSERV + NASA POWER), aggregated to subregion by district mean."
Busoga,first_season_2020,124578.5300679457,117552.77324600064,178943.35255991446,1.5222384603844508,1.4363899819841983,11.36669466268392,12.294182115478415,11.292854602544352,0.0563962090266532,2020,2020.0,773.2258974894881,7.0,0.7,0.1,74.0,34.4,6.3,10.456889315629267,81.66407179832458,65.6,167.5,102.9,0.0,2020.0,1535.425,2.4,0.0,24.6,0.2,675.7435874938965,847.9992752075195,234.8438678741455,356.6991767883301,2115.2859073638915,0.6360433018749576,446.7699676513672,57.443873977661134,11.7,777.0088912963868,7.123400742899475,178.89663009643556,2.878829265571324,452.3278518676758,7.761510064885504,0.7262101537158856,33.473807107491325,38.230000000000004,39.06999999999999,22.69833333333333,22.363333333333333,1.3295,18.055,5.785,AAS2020_subregion,CHIRPS_v2.0_monthly+CHIRPS_v2.0_daily_climateserv,NASA_POWER_daily,,,subregion,False,False,A,"Yields from official AAS subregion estimates. Climate features from district centroids (CHIRPS monthly + CHIRPS daily via ClimateSERV + NASA POWER), aggregated to subregion by district mean."
Busoga,second_season_2020,104778.51309650268,73939.46604062416,127450.43128546736,1.723713168491681,1.2163794610072722,11.190791135109194,12.872859677786522,13.081074447411623,0.2943260611789295,2020,2020.0,1029.6410896658897,4.7,0.0,0.0,79.0,36.5,11.5,13.043076616117645,155.53175468444823,219.1,334.0,115.9,0.0,2020.0,1515.443,0.0,0.0,2.2,0.0,675.7435874938965,847.9992752075195,234.8438678741455,356.6991767883301,2115.2859073638915,0.6360433018749576,446.7699676513672,57.443873977661134,11.7,777.0088912963868,7.123400742899475,178.89663009643556,2.878829265571324,452.3278518676758,7.761510064885504,0.7262101537158856,33.473807107491325,38.230000000000004,39.06999999999999,22.69833333333333,22.363333333333333,1.3295,18.055,5.785,AAS2020_subregion,CHIRPS_v2.0_monthly+CHIRPS_v2.0_daily_climateserv,NASA_POWER_daily,,,subregion,False,False,A,"Yields from official AAS subregion estimates. Climate features from district centroids (CHIRPS monthly + CHIRPS daily via ClimateSERV + NASA POWER), aggregated to subregion by district mean."
Busoga,total_2020,229357.0431644484,191492.2392866248,306393.7838453818,1.60003238244435,1.335881295023926,10.621829411430818,11.651995171789787,10.762188417763424,0.1650910883546517,2020,2020.0,1802.866987155378,7.3,0.7,0.1,153.0,70.9,17.8,11.338777301708948,155.53175468444823,65.6,334.0,269.4,0.0,2020.0,3050.868,2.4,0.0,26.8,0.2,675.7435874938965,847.9992752075195,234.8438678741455,356.6991767883301,2115.2859073638915,0.6360433018749576,446.7699676513672,57.443873977661134,11.7,777.0088912963868,7.123400742899475,178.89663009643556,2.878829265571324,452.3278518676758,7.761510064885504,0.7262101537158856,33.473807107491325,38.230000000000004,39.06999999999999,22.69833333333333,22.363333333333333,1.3295,18.055,5.785,AAS2020_subregion,CHIRPS_v2.0_monthly+CHIRPS_v2.0_daily_climateserv,NASA_POWER_daily,,,subregion,False,False,A,"Yields from official AAS subregion estimates. Climate features from district centroids (CHIRPS monthly + CHIRPS daily via ClimateSERV + NASA POWER), aggregated to subregion by district mean."
Elgon,first_season_2020,77029.08377880692,61935.39105335199,160513.2619783088,2.591624259545572,2.083800742577065,17.732660565732,17.573481259724826,21.831516561483628,0.1959479716622005,2020,2020.0,866.8314718306065,12.375,2.0,1.0,61.75,35.0,12.25,14.047689406965448,100.17534798383713,64.0,141.25,78.25,0.0,2020.0,1199.360625,6.5,0.0,0.0,0.0,655.4807319641113,798.0750713348389,158.2289593219757,782.5927791595459,2394.377541780472,0.5263333911348054,363.87797927856445,21.96851897239685,10.5,809.3076527118683,5.100997321581116,143.17700672149658,1.7398683522203706,347.93835639953613,3.6619587452533766,1.1999274532426099,34.4057876713486,41.06666666666667,34.6875,24.233333333333334,35.19166666666666,1.1777083333333334,22.4625,5.83125,AAS2020_subregion,CHIRPS_v2.0_monthly+CHIRPS_v2.0_daily_climateserv,NASA_POWER_daily,,,subregion,False,False,A,"Yields from official AAS subregion estimates. Climate features from district centroids (CHIRPS monthly + CHIRPS daily via ClimateSERV + NASA POWER), aggregated to subregion by district mean."
Elgon,second_season_2020,13874.652805084006,4762.830529997424,16304.835535656615,3.423349924580549,1.175152687761825,28.232076906195186,22.691492693937057,31.38085242054418,0.6567243449686749,2020,2020.0,1130.8543752878904,8.375,1.375,0.125,61.5,45.75,20.0,18.421149979153242,132.78024780750275,215.5,311.625,97.125,0.0,2020.0,1107.919375,0.0,0.0,0.0,0.0,655.4807319641113,798.0750713348389,158.2289593219757,782.5927791595459,2394.377541780472,0.5263333911348054,363.87797927856445,21.96851897239685,10.5,809.3076527118683,5.100997321581116,143.17700672149658,1.7398683522203706,347.93835639953613,3.6619587452533766,1.1999274532426099,34.4057876713486,41.06666666666667,34.6875,24.233333333333334,35.19166666666666,1.1777083333333334,22.4625,5.83125,AAS2020_subregion,CHIRPS_v2.0_monthly+CHIRPS_v2.0_daily_climateserv,NASA_POWER_daily,,,subregion,False,False,A,"Yields from official AAS subregion estimates. Climate features from district centroids (CHIRPS monthly + CHIRPS daily via ClimateSERV + NASA POWER), aggregated to subregion by district mean."
Elgon,total_2020,90903.73658389092,66698.22158334941,176818.0975139654,2.6510166735556018,1.9451136351341072,16.2786131481389,16.80140034136693,20.825727510031903,0.2662763480377216,2020,2020.0,1997.685847118497,12.5,3.375,1.125,123.25,80.75,32.25,15.485456930224673,134.67745733261108,64.0,311.625,248.625,0.0,2020.0,2307.2799999999997,6.5,0.0,0.0,0.0,655.4807319641113,798.0750713348389,158.2289593219757,782.5927791595459,2394.377541780472,0.5263333911348054,363.87797927856445,21.96851897239685,10.5,809.3076527118683,5.100997321581116,143.17700672149658,1.7398683522203706,347.93835639953613,3.6619587452533766,1.1999274532426099,34.4057876713486,41.06666666666667,34.6875,24.233333333333334,35.19166666666666,1.1777083333333334,22.4625,5.83125,AAS2020_subregion,CHIRPS_v2.0_monthly+CHIRPS_v2.0_daily_climateserv,NASA_POWER_daily,,,subregion,False,False,A,"Yields from official AAS subregion estimates. Climate features from district centroids (CHIRPS monthly + CHIRPS daily via ClimateSERV + NASA POWER), aggregated to subregion by district mean."
Karamoja,first_season_2020,28988.393844896626,18613.29150292707,22662.57695229461,1.2175480596073385,0.7817810491175018,18.944210044857705,24.146308958298484,27.302096025044857,0.3579053878418338,2020,2020.0,638.4189957869904,12.857142857142858,2.2857142857142856,1.2857142857142858,58.0,26.142857142857142,6.142857142857143,11.103146619530133,80.74639129638672,66.71428571428571,135.28571428571428,69.57142857142857,0.0,2020.0,1592.297142857143,29.714285714285715,2.7142857142857144,9.0,3.2857142857142856,490.7982657296317,444.2856695992606,53.92278930119106,535.8876364571707,1524.894361087254,0.6198793666330776,246.31166076660156,10.635579790387835,8.857142857142858,542.8523216928754,4.457076029416298,168.09947095598494,2.6292177157688172,209.76719883510046,3.321768440153991,2.5129023495609677,34.24920188533877,37.01428571428572,39.42857142857143,23.559523809523807,20.571428571428573,1.2750000000000001,24.55,6.485714285714286,AAS2020_subregion,CHIRPS_v2.0_monthly+CHIRPS_v2.0_daily_climateserv,NASA_POWER_daily,,,subregion,False,False,A,"Yields from official AAS subregion estimates. Climate features from district centroids (CHIRPS monthly + CHIRPS daily via ClimateSERV + NASA POWER), aggregated to subregion by district mean."
Karamoja,second_season_2020,5237.164565568191,698.6315802523923,5060.932846228637,7.244065383360269,0.9663497839082256,93.4912406033966,63.29115911092179,95.80405164331675,0.8666011786519837,2020,2020.0,678.1786400484187,13.714285714285714,3.857142857142857,1.2857142857142858,41.285714285714285,27.285714285714285,11.857142857142858,17.030363016060704,111.91937841687884,224.71428571428572,316.14285714285717,92.42857142857143,0.14285714285714285,2020.0,1486.3157142857142,19.857142857142858,0.0,0.0,2.142857142857143,490.7982657296317,444.2856695992606,53.92278930119106,535.8876364571707,1524.894361087254,0.6198793666330776,246.31166076660156,10.635579790387835,8.857142857142858,542.8523216928754,4.457076029416298,168.09947095598494,2.6292177157688172,209.76719883510046,3.321768440153991,2.5129023495609677,34.24920188533877,37.01428571428572,39.42857142857143,23.559523809523807,20.571428571428573,1.2750000000000001,24.55,6.485714285714286,AAS2020_subregion,CHIRPS_v2.0_monthly+CHIRPS_v2.0_daily_climateserv,NASA_POWER_daily,,,subregion,False,False,A,"Yields from official AAS subregion estimates. Climate features from district centroids (CHIRPS monthly + CHIRPS daily via ClimateSERV + NASA POWER), aggregated to subregion by district mean."
Karamoja,total_2020,34225.558410464815,19311.923083179463,27723.50979852325,1.4355644271735015,0.8100235930715013,22.711789575580205,24.43016242589296,32.239936609426564,0.4357455661768065,2020,2020.0,1316.5976358354092,15.142857142857142,6.142857142857143,2.5714285714285716,99.28571428571429,53.42857142857143,18.0,12.77019983400575,111.91937841687884,66.71428571428571,316.14285714285717,250.42857142857142,0.14285714285714285,2020.0,3078.612857142857,49.57142857142857,2.7142857142857144,9.0,5.428571428571429,490.7982657296317,444.2856695992606,53.92278930119106,535.8876364571707,1524.894361087254,0.6198793666330776,246.31166076660156,10.635579790387835,8.857142857142858,542.8523216928754,4.457076029416298,168.09947095598494,2.6292177157688172,209.76719883510046,3.321768440153991,2.5129023495609677,34.24920188533877,37.01428571428572,39.42857142857143,23.559523809523807,20.571428571428573,1.2750000000000001,24.55,6.485714285714286,AAS2020_subregion,CHIRPS_v2.0_monthly+CHIRPS_v2.0_daily_climateserv,NASA_POWER_daily,,,subregion,False,False,A,"Yields from official AAS subregion estimates. Climate features from district centroids (CHIRPS monthly + CHIRPS daily via ClimateSERV + NASA POWER), aggregated to subregion by district mean."
Kigezi,first_season_2020,5228.6625781950825,4389.13769589533,7368.617378566739,1.6788303054282812,1.4092738378827194,25.8180164851992,27.98378595558704,32.09402224593719,0.160562069122761,2020,2020.0,419.8052535884082,16.0,3.0,1.6,45.4,11.6,3.4,9.334573627051634,79.99146547317505,70.2,172.8,103.6,0.0,2020.0,1226.184,0.0,0.0,0.0,0.0,366.7005142211914,417.3038024902344,306.25871353149415,107.26607494354248,1197.5291051864624,0.592968414615566,199.07511291503906,8.237049102783203,10.0,75.93529834747315,0.7648774248931078,17.782861328125,0.4063375125656762,25.924378967285158,0.493283613934104,-1.019403368249541,29.831596063494146,39.79666666666667,32.08,28.139999999999997,37.58,1.1653333333333333,24.080000000000002,5.66,AAS2020_subregion,CHIRPS_v2.0_monthly+CHIRPS_v2.0_daily_climateserv,NASA_POWER_daily,,,subregion,False,False,A,"Yields from official AAS subregion estimates. Climate features from district centroids (CHIRPS monthly + CHIRPS daily via ClimateSERV + NASA POWER), aggregated to subregion by district mean."
Kigezi,second_season_2020,9892.739728998818,3581.735668011803,16405.878281369343,4.580426866194772,1.658375609870581,23.034586873294348,18.717003393404777,25.93422094886716,0.6379430000050867,2020,2020.0,463.22811539545654,8.4,1.6,0.4,56.2,14.6,3.0,8.43383158217954,73.5714608669281,256.8,299.2,43.4,0.4,2020.0,1226.238,0.0,0.0,0.0,0.0,366.7005142211914,417.3038024902344,306.25871353149415,107.26607494354248,1197.5291051864624,0.592968414615566,199.07511291503906,8.237049102783203,10.0,75.93529834747315,0.7648774248931078,17.782861328125,0.4063375125656762,25.924378967285158,0.493283613934104,-1.019403368249541,29.831596063494146,39.79666666666667,32.08,28.139999999999997,37.58,1.1653333333333333,24.080000000000002,5.66,AAS2020_subregion,CHIRPS_v2.0_monthly+CHIRPS_v2.0_daily_climateserv,NASA_POWER_daily,,,subregion,False,False,A,"Yields from official AAS subregion estimates. Climate features from district centroids (CHIRPS monthly + CHIRPS daily via ClimateSERV + NASA POWER), aggregated to subregion by district mean."
Kigezi,total_2020,15121.4023071939,7970.873363907132,23774.49565993608,2.9826713553861293,1.5722414612714544,20.81745801460174,21.86894045193839,23.20254881528554,0.4728747240515487,2020,2020.0,883.0333689838648,16.2,4.6,2.0,101.6,26.2,6.4,9.009084415346383,81.86837434768677,70.2,299.2,230.0,0.4,2020.0,2452.422,0.0,0.0,0.0,0.0,366.7005142211914,417.3038024902344,306.25871353149415,107.26607494354248,1197.5291051864624,0.592968414615566,199.07511291503906,8.237049102783203,10.0,75.93529834747315,0.7648774248931078,17.782861328125,0.4063375125656762,25.924378967285158,0.493283613934104,-1.019403368249541,29.831596063494146,39.79666666666667,32.08,28.139999999999997,37.58,1.1653333333333333,24.080000000000002,5.66,AAS2020_subregion,CHIRPS_v2.0_monthly+CHIRPS_v2.0_daily_climateserv,NASA_POWER_daily,,,subregion,False,False,A,"Yields from official AAS subregion estimates. Climate features from district centroids (CHIRPS monthly + CHIRPS daily via ClimateSERV + NASA POWER), aggregated to subregion by district mean."
Lango,first_season_2020,69185.29275555443,67264.57029434633,103057.8844719054,1.5321273000173696,1.489592373859422,15.14678643986634,14.909516987867702,15.107604414408504,0.027762005257308,2020,2020.0,569.0463572852314,9.125,1.25,0.25,69.0,18.5,2.375,8.23657017869764,57.27364045381546,68.875,112.625,44.75,0.0,2020.0,1673.785,24.5,0.75,34.375,2.875,445.3541011810303,489.1878824234009,77.11536657810211,467.53977966308594,1479.1971298456192,0.5430420105428071,213.06434631347656,17.895450234413147,9.0,173.28332769870758,1.4357485546175497,38.312665939331055,0.5780503290727711,96.94019031524658,1.3718757587684112,2.1733559469566277,32.88726991358652,37.922916666666666,38.145833333333336,23.941666666666666,23.510416666666664,1.3008333333333333,21.0125,6.166666666666667,AAS2020_subregion,CHIRPS_v2.0_monthly+CHIRPS_v2.0_daily_climateserv,NASA_POWER_daily,,,subregion,False,False,A,"Yields from official AAS subregion estimates. Climate features from district centroids (CHIRPS monthly + CHIRPS daily via ClimateSERV + NASA POWER), aggregated to subregion by district mean."
Lango,second_season_2020,137032.14525612045,66295.05738240275,195502.2530964039,2.9489717758099068,1.4266889913384897,11.73544245354198,13.95645092152128,14.755382612409312,0.5162079871223375,2020,2020.0,693.9344414919615,6.875,0.75,0.0,69.125,24.875,5.875,10.076766247258846,72.63106587529182,218.75,325.0,107.25,0.0,2020.0,1601.58875,11.25,0.0,11.125,0.75,445.3541011810303,489.1878824234009,77.11536657810211,467.53977966308594,1479.1971298456192,0.5430420105428071,213.06434631347656,17.895450234413147,9.0,173.28332769870758,1.4357485546175497,38.312665939331055,0.5780503290727711,96.94019031524658,1.3718757587684112,2.1733559469566277,32.88726991358652,37.922916666666666,38.145833333333336,23.941666666666666,23.510416666666664,1.3008333333333333,21.0125,6.166666666666667,AAS2020_subregion,CHIRPS_v2.0_monthly+CHIRPS_v2.0_daily_climateserv,NASA_POWER_daily,,,subregion,False,False,A,"Yields from official AAS subregion estimates. Climate features from district centroids (CHIRPS monthly + CHIRPS daily via ClimateSERV + NASA POWER), aggregated to subregion by district mean."
Lango,total_2020,206217.43801167488,133559.62767674908,298560.1375683093,2.235407081928281,1.447792875554038,11.97803328582834,13.072659794416117,13.762194947479353,0.3523359180265459,2020,2020.0,1262.9807987771928,9.125,2.0,0.25,138.125,43.375,8.25,8.84463015650077,72.63106587529182,68.875,325.0,257.125,0.0,2020.0,3275.37375,35.75,0.75,45.5,3.625,445.3541011810303,489.1878824234009,77.11536657810211,467.53977966308594,1479.1971298456192,0.5430420105428071,213.06434631347656,17.895450234413147,9.0,173.28332769870758,1.4357485546175497,38.312665939331055,0.5780503290727711,96.94019031524658,1.3718757587684112,2.1733559469566277,32.88726991358652,37.922916666666666,38.145833333333336,23.941666666666666,23.510416666666664,1.3008333333333333,21.0125,6.166666666666667,AAS2020_subregion,CHIRPS_v2.0_monthly+CHIRPS_v2.0_daily_climateserv,NASA_POWER_daily,,,subregion,False,False,A,"Yields from official AAS subregion estimates. Climate features from district centroids (CHIRPS monthly + CHIRPS daily via ClimateSERV + NASA POWER), aggregated to subregion by district mean."
North Buganda,first_season_2020,215227.037221874,192545.52599748352,417709.7937484132,2.169407944352197,1.940786804205288,14.404944499910464,14.57607379166666,15.123540005708216,0.1053841167780815,2020,2020.0,596.5756522737105,10.454545454545455,1.9090909090909092,0.6363636363636364,63.18181818181818,22.818181818181817,4.181818181818182,9.335370231758041,73.27073834159158,65.54545454545455,167.63636363636363,103.0909090909091,0.0,2020.0,1489.3245454545454,1.0909090909090908,0.0,23.0,0.09090909090909091,534.0825445001775,585.1156560724431,221.46812213550913,283.7430354031649,1624.4093581112948,0.5541317732990907,289.1916711980646,42.72436783530495,10.363636363636363,363.43386806141245,3.1055794345742314,83.39436756480823,1.3190006517931412,191.0105604691939,2.7456506559532374,0.7234939693435596,32.36247047527122,34.09090909090909,39.64545454545455,26.263636363636362,28.11969696969697,1.3089393939393938,19.425757575757576,5.828787878787879,AAS2020_subregion,CHIRPS_v2.0_monthly+CHIRPS_v2.0_daily_climateserv,NASA_POWER_daily,,,subregion,False,False,A,"Yields from official AAS subregion estimates. Climate features from district centroids (CHIRPS monthly + CHIRPS daily via ClimateSERV + NASA POWER), aggregated to subregion by district mean."
North Buganda,second_season_2020,223403.78002482187,160691.5591261233,431736.4927749645,2.686740331121587,1.932538888675005,12.96591442306122,14.189739878565364,15.35713871023032,0.2807124431454596,2020,2020.0,720.6998075653206,6.090909090909091,0.45454545454545453,0.0,67.45454545454545,25.818181818181817,6.363636363636363,10.650067078657424,90.05280941182917,222.54545454545453,316.1818181818182,94.63636363636364,0.09090909090909091,2020.0,1494.8449999999998,0.36363636363636365,0.0,16.181818181818183,0.09090909090909091,534.0825445001775,585.1156560724431,221.46812213550913,283.7430354031649,1624.4093581112948,0.5541317732990907,289.1916711980646,42.72436783530495,10.363636363636363,363.43386806141245,3.1055794345742314,83.39436756480823,1.3190006517931412,191.0105604691939,2.7456506559532374,0.7234939693435596,32.36247047527122,34.09090909090909,39.64545454545455,26.263636363636362,28.11969696969697,1.3089393939393938,19.425757575757576,5.828787878787879,AAS2020_subregion,CHIRPS_v2.0_monthly+CHIRPS_v2.0_daily_climateserv,NASA_POWER_daily,,,subregion,False,False,A,"Yields from official AAS subregion estimates. Climate features from district centroids (CHIRPS monthly + CHIRPS daily via ClimateSERV + NASA POWER), aggregated to subregion by district mean."
North Buganda,total_2020,438630.8172466959,353237.08512360684,849446.2865233778,2.404748318614775,1.9365859696210763,13.26216373897659,14.01329983761593,14.730685246237874,0.1946824727435001,2020,2020.0,1317.275459839031,10.545454545454545,2.3636363636363638,0.6363636363636364,130.63636363636363,48.63636363636363,10.545454545454545,9.780820124907779,93.0529879656705,65.54545454545455,316.1818181818182,251.63636363636363,0.09090909090909091,2020.0,2984.169545454545,1.4545454545454546,0.0,39.18181818181818,0.18181818181818182,534.0825445001775,585.1156560724431,221.46812213550913,283.7430354031649,1624.4093581112948,0.5541317732990907,289.1916711980646,42.72436783530495,10.363636363636363,363.43386806141245,3.1055794345742314,83.39436756480823,1.3190006517931412,191.0105604691939,2.7456506559532374,0.7234939693435596,32.36247047527122,34.09090909090909,39.64545454545455,26.263636363636362,28.11969696969697,1.3089393939393938,19.425757575757576,5.828787878787879,AAS2020_subregion,CHIRPS_v2.0_monthly+CHIRPS_v2.0_daily_climateserv,NASA_POWER_daily,,,subregion,False,False,A,"Yields from official AAS subregion estimates. Climate features from district centroids (CHIRPS monthly + CHIRPS daily via ClimateSERV + NASA POWER), aggregated to subregion by district mean."
South Buganda,first_season_2020,125557.02432467446,115468.58604451432,191530.032408548,1.658719821291578,1.5254425902391229,22.20082568868207,23.033297881011123,18.255009247480807,0.0803494534409539,2020,2020.0,632.6961471550167,11.5,2.4166666666666665,0.5833333333333334,53.333333333333336,24.083333333333332,8.833333333333334,11.671595858552672,100.54858708381653,68.75,164.25,96.5,0.0,2020.0,1396.0579166666666,0.0,0.0,26.166666666666668,0.0,596.6642297108968,424.3638032277425,321.55711936950684,204.17437903086343,1546.7595313390095,0.5585967595020187,291.59664662679035,35.71348237991333,10.416666666666666,326.36190096537274,2.92554018440288,125.44070943196614,2.0489094133421104,70.50124168395996,1.0664570234307853,-0.1303685010754083,31.773735867717036,35.22222222222222,40.80138888888889,23.983333333333334,26.593055555555555,1.3072222222222223,18.944444444444443,5.747222222222223,AAS2020_subregion,CHIRPS_v2.0_monthly+CHIRPS_v2.0_daily_climateserv,NASA_POWER_daily,,,subregion,False,False,A,"Yields from official AAS subregion estimates. Climate features from district centroids (CHIRPS monthly + CHIRPS daily via ClimateSERV + NASA POWER), aggregated to subregion by district mean."
South Buganda,second_season_2020,102766.93537164223,83933.63233029463,194276.26534969616,2.314641460829224,1.890454985809621,19.10868159790685,22.71591307493866,21.704358314262265,0.1832622815231339,2020,2020.0,510.40700353930396,8.0,1.1666666666666667,0.25,59.166666666666664,18.5,1.75,8.583431824311234,54.65515933434168,244.83333333333334,321.1666666666667,77.33333333333333,0.16666666666666666,2020.0,1404.0341666666666,0.0,0.0,23.666666666666668,0.0,596.6642297108968,424.3638032277425,321.55711936950684,204.17437903086343,1546.7595313390095,0.5585967595020187,291.59664662679035,35.71348237991333,10.416666666666666,326.36190096537274,2.92554018440288,125.44070943196614,2.0489094133421104,70.50124168395996,1.0664570234307853,-0.1303685010754083,31.773735867717036,35.22222222222222,40.80138888888889,23.983333333333334,26.593055555555555,1.3072222222222223,18.944444444444443,5.747222222222223,AAS2020_subregion,CHIRPS_v2.0_monthly+CHIRPS_v2.0_daily_climateserv,NASA_POWER_daily,,,subregion,False,False,A,"Yields from official AAS subregion estimates. Climate features from district centroids (CHIRPS monthly + CHIRPS daily via ClimateSERV + NASA POWER), aggregated to subregion by district mean."
South Buganda,total_2020,228323.9596963167,199402.21837480896,385806.2977582441,1.9348144714872644,1.6897319855147372,16.453591932179805,17.576797197466302,16.432129845884923,0.1266697606329849,2020,2020.0,1143.1031506943207,11.833333333333334,3.5833333333333335,0.8333333333333334,112.5,42.583333333333336,10.583333333333334,10.623570783209432,100.74315484364827,68.75,321.1666666666667,253.41666666666666,0.16666666666666666,2020.0,2800.0920833333334,0.0,0.0,49.833333333333336,0.0,596.6642297108968,424.3638032277425,321.55711936950684,204.17437903086343,1546.7595313390095,0.5585967595020187,291.59664662679035,35.71348237991333,10.416666666666666,326.36190096537274,2.92554018440288,125.44070943196614,2.0489094133421104,70.50124168395996,1.0664570234307853,-0.1303685010754083,31.773735867717036,35.22222222222222,40.80138888888889,23.983333333333334,26.593055555555555,1.3072222222222223,18.944444444444443,5.747222222222223,AAS2020_subregion,CHIRPS_v2.0_monthly+CHIRPS_v2.0_daily_climateserv,NASA_POWER_daily,,,subregion,False,False,A,"Yields from official AAS subregion estimates. Climate features from district centroids (CHIRPS monthly + CHIRPS daily via ClimateSERV + NASA POWER), aggregated to subregion by district mean."
Teso,first_season_2020,43328.557223445394,38173.183394774285,52369.138238923326,1.3718829183654722,1.2086517898312572,16.33521281097101,12.485533058134896,17.74650106778382,0.1189832793666505,2020,2020.0,718.8491614870727,12.0,1.875,0.875,64.25,29.25,6.25,11.269178719280108,79.04015874862671,66.375,138.5,73.125,0.0,2020.0,1669.5249999999999,30.0,2.25,34.0,4.125,567.0684833526611,544.7363414764404,94.35681462287903,545.4307222366333,1751.592361688614,0.5267747515057891,252.7609806060791,18.44440770149231,9.125,432.5460443496704,3.148880772905238,110.15176582336426,1.4473873597718143,180.83578395843506,2.436987242438899,1.6948526242621507,33.696768641438275,39.75416666666666,37.083333333333336,23.166666666666664,22.95,1.3095833333333333,22.016666666666666,6.116666666666667,AAS2020_subregion,CHIRPS_v2.0_monthly+CHIRPS_v2.0_daily_climateserv,NASA_POWER_daily,,,subregion,False,False,A,"Yields from official AAS subregion estimates. Climate features from district centroids (CHIRPS monthly + CHIRPS daily via ClimateSERV + NASA POWER), aggregated to subregion by district mean."
Teso,second_season_2020,50805.87175391593,20599.10335032369,31725.841334267127,1.540156423059482,0.6244522579581919,13.912503766713566,14.26600221224707,18.56680274224161,0.5945527034729803,2020,2020.0,771.3133741170168,6.25,0.75,0.0,66.375,30.0,7.75,11.734419782703148,92.56062760949135,215.75,319.375,104.625,0.0,2020.0,1599.635625,15.125,0.0,11.0,1.625,567.0684833526611,544.7363414764404,94.35681462287903,545.4307222366333,1751.592361688614,0.5267747515057891,252.7609806060791,18.44440770149231,9.125,432.5460443496704,3.148880772905238,110.15176582336426,1.4473873597718143,180.83578395843506,2.436987242438899,1.6948526242621507,33.696768641438275,39.75416666666666,37.083333333333336,23.166666666666664,22.95,1.3095833333333333,22.016666666666666,6.116666666666667,AAS2020_subregion,CHIRPS_v2.0_monthly+CHIRPS_v2.0_daily_climateserv,NASA_POWER_daily,,,subregion,False,False,A,"Yields from official AAS subregion estimates. Climate features from district centroids (CHIRPS monthly + CHIRPS daily via ClimateSERV + NASA POWER), aggregated to subregion by district mean."
Teso,total_2020,94134.42897736133,58772.286745097976,84094.97957319045,1.4308611121074777,0.8933498666403416,13.39223144653374,11.427057424158702,16.686383697504095,0.3756557788305881,2020,2020.0,1490.1625356040895,12.0,2.625,0.875,130.625,59.25,14.0,11.422720584285173,94.30053216218948,66.375,319.375,254.0,0.0,2020.0,3269.1606249999995,45.125,2.25,45.0,5.75,567.0684833526611,544.7363414764404,94.35681462287903,545.4307222366333,1751.592361688614,0.5267747515057891,252.7609806060791,18.44440770149231,9.125,432.5460443496704,3.148880772905238,110.15176582336426,1.4473873597718143,180.83578395843506,2.436987242438899,1.6948526242621507,33.696768641438275,39.75416666666666,37.083333333333336,23.166666666666664,22.95,1.3095833333333333,22.016666666666666,6.116666666666667,AAS2020_subregion,CHIRPS_v2.0_monthly+CHIRPS_v2.0_daily_climateserv,NASA_POWER_daily,,,subregion,False,False,A,"Yields from official AAS subregion estimates. Climate features from district centroids (CHIRPS monthly + CHIRPS daily via ClimateSERV + NASA POWER), aggregated to subregion by district mean."
Tooro,first_season_2020,64066.41396896392,53605.05896159952,161020.45271850307,3.0038294115831783,2.513336438598033,26.09312179262629,23.904563954035098,25.692759896606,0.1632892237800645,2020,2020.0,420.3883653643231,7.5,1.3333333333333333,0.0,59.833333333333336,11.833333333333334,2.3333333333333335,7.062722270110696,71.11472137769063,79.83333333333333,172.66666666666666,93.83333333333333,0.0,2020.0,1342.7875000000001,0.0,0.0,0.0,0.0,355.97414525349933,431.6625912984212,204.09065055847168,212.6048501332601,1204.3322372436523,0.47932599741362775,190.47071838378906,32.74074681599935,9.166666666666666,16.10162099202474,0.1709815567377501,-12.726359049479166,-0.2667215358856098,13.203530629475912,0.21729363402539736,0.4841465980969281,30.432683539302317,38.82222222222222,34.72222222222222,26.458333333333332,31.425,1.2222222222222223,21.03333333333333,5.7444444444444445,AAS2020_subregion,CHIRPS_v2.0_monthly+CHIRPS_v2.0_daily_climateserv,NASA_POWER_daily,,,subregion,False,False,A,"Yields from official AAS subregion estimates. Climate features from district centroids (CHIRPS monthly + CHIRPS daily via ClimateSERV + NASA POWER), aggregated to subregion by district mean."
Tooro,second_season_2020,85373.47509107928,45901.87972764587,196466.209804524,4.280134298861751,2.301255859562086,21.15153463720992,29.60295582909324,22.956032838810632,0.462340268113999,2020,2020.0,539.9655496279398,5.666666666666667,0.16666666666666666,0.0,75.0,15.833333333333334,0.8333333333333334,7.215844390065075,54.739023526509605,237.16666666666666,334.0,97.83333333333333,0.0,2020.0,1314.0225,0.0,0.0,0.0,0.0,355.97414525349933,431.6625912984212,204.09065055847168,212.6048501332601,1204.3322372436523,0.47932599741362775,190.47071838378906,32.74074681599935,9.166666666666666,16.10162099202474,0.1709815567377501,-12.726359049479166,-0.2667215358856098,13.203530629475912,0.21729363402539736,0.4841465980969281,30.432683539302317,38.82222222222222,34.72222222222222,26.458333333333332,31.425,1.2222222222222223,21.03333333333333,5.7444444444444445,AAS2020_subregion,CHIRPS_v2.0_monthly+CHIRPS_v2.0_daily_climateserv,NASA_POWER_daily,,,subregion,False,False,A,"Yields from official AAS subregion estimates. Climate features from district centroids (CHIRPS monthly + CHIRPS daily via ClimateSERV + NASA POWER), aggregated to subregion by district mean."
Tooro,total_2020,149439.8890600432,99506.9386892454,357486.66252302704,3.592580248493403,2.392176980132748,22.69602705323804,25.203967087463457,23.46609714536129,0.3341340165926871,2020,2020.0,960.353914992263,7.833333333333333,1.5,0.0,134.83333333333334,27.666666666666668,3.1666666666666665,7.117704760634367,71.11472137769063,79.83333333333333,334.0,255.16666666666666,0.0,2020.0,2656.81,0.0,0.0,0.0,0.0,355.97414525349933,431.6625912984212,204.09065055847168,212.6048501332601,1204.3322372436523,0.47932599741362775,190.47071838378906,32.74074681599935,9.166666666666666,16.10162099202474,0.1709815567377501,-12.726359049479166,-0.2667215358856098,13.203530629475912,0.21729363402539736,0.4841465980969281,30.432683539302317,38.82222222222222,34.72222222222222,26.458333333333332,31.425,1.2222222222222223,21.03333333333333,5.7444444444444445,AAS2020_subregion,CHIRPS_v2.0_monthly+CHIRPS_v2.0_daily_climateserv,NASA_POWER_daily,,,subregion,False,False,A,"Yields from official AAS subregion estimates. Climate features from district centroids (CHIRPS monthly + CHIRPS daily via ClimateSERV + NASA POWER), aggregated to subregion by district mean."
West Nile,first_season_2020,39239.518416528,33132.1575052303,41948.48039033027,1.2660956469166913,1.0690365754504578,13.395643531209506,14.64938004915027,15.930838937998889,0.1556431158626358,2020,2020.0,483.52667271438986,8.875,0.875,0.5,61.5,17.625,0.5,7.825545069772218,51.422300547361374,67.0,119.5,53.5,0.0,2020.0,1761.97375,36.5,7.5,65.125,3.375,360.669960975647,493.01258277893066,66.64463460445404,483.41222190856934,1403.739400267601,0.5647084882010742,203.7938175201416,13.26979124546051,9.125,111.49882352352142,1.1023286179104022,7.397730827331543,0.14432181147424195,62.93607711791992,1.0631675336045212,3.117613660206275,31.220983540164855,37.858333333333334,39.25416666666666,22.879166666666666,24.341666666666665,1.296875,17.964583333333334,5.958333333333333,AAS2020_subregion,CHIRPS_v2.0_monthly+CHIRPS_v2.0_daily_climateserv,NASA_POWER_daily,,,subregion,False,False,A,"Yields from official AAS subregion estimates. Climate features from district centroids (CHIRPS monthly + CHIRPS daily via ClimateSERV + NASA POWER), aggregated to subregion by district mean."
West Nile,second_season_2020,13264.093799427596,6748.346308868425,17794.31864810569,2.6368413584111803,1.3415404713794767,17.81649627869704,22.056781947081973,19.44418880114001,0.4912320124606141,2020,2020.0,674.592796459794,7.125,0.75,0.125,72.25,24.625,3.875,9.322872237632467,67.03485369682312,222.125,325.875,104.75,0.0,2020.0,1560.473125,0.125,0.0,12.375,0.0,360.669960975647,493.01258277893066,66.64463460445404,483.41222190856934,1403.739400267601,0.5647084882010742,203.7938175201416,13.26979124546051,9.125,111.49882352352142,1.1023286179104022,7.397730827331543,0.14432181147424195,62.93607711791992,1.0631675336045212,3.117613660206275,31.220983540164855,37.858333333333334,39.25416666666666,22.879166666666666,24.341666666666665,1.296875,17.964583333333334,5.958333333333333,AAS2020_subregion,CHIRPS_v2.0_monthly+CHIRPS_v2.0_daily_climateserv,NASA_POWER_daily,,,subregion,False,False,A,"Yields from official AAS subregion estimates. Climate features from district centroids (CHIRPS monthly + CHIRPS daily via ClimateSERV + NASA POWER), aggregated to subregion by district mean."
West Nile,total_2020,52503.6122159556,39880.50381409872,59742.79903843596,1.4980452432828957,1.137879786112705,11.56729450230512,13.43707475894552,13.8931134538772,0.2404236179014893,2020,2020.0,1158.119469174184,9.25,1.625,0.625,133.75,42.25,4.375,8.351270635323328,67.03485369682312,67.0,325.875,259.875,0.0,2020.0,3322.446875,36.625,7.5,77.5,3.375,360.669960975647,493.01258277893066,66.64463460445404,483.41222190856934,1403.739400267601,0.5647084882010742,203.7938175201416,13.26979124546051,9.125,111.49882352352142,1.1023286179104022,7.397730827331543,0.14432181147424195,62.93607711791992,1.0631675336045212,3.117613660206275,31.220983540164855,37.858333333333334,39.25416666666666,22.879166666666666,24.341666666666665,1.296875,17.964583333333334,5.958333333333333,AAS2020_subregion,CHIRPS_v2.0_monthly+CHIRPS_v2.0_daily_climateserv,NASA_POWER_daily,,,subregion,False,False,A,"Yields from official AAS subregion estimates. Climate features from district centroids (CHIRPS monthly + CHIRPS daily via ClimateSERV + NASA POWER), aggregated to subregion by district mean."
Acholi,total_2018,59946.0,9589.0,55317.0,1.0,0.9,,,22.9,0.840039368765222,2018,2018.0,1297.993301793933,9.5,2.25,0.75,131.0,53.5,7.875,10.09085539189485,74.19288450479507,65.875,312.5,247.625,0.125,2018.0,3571.703125,113.875,13.5,76.25,11.5,587.9534330368042,367.18062353134155,84.7395316362381,463.0955591201782,1502.969147324562,0.5761652462293185,228.6103973388672,3.5434058904647827,9.5,181.1862906217575,1.6256564460291145,204.72643995285034,3.4001401929672337,-18.267350673675537,-0.2996272532481422,2.948992569163029,32.58856664393185,35.916666666666664,39.8,24.279166666666665,23.097916666666666,1.290625,21.222916666666666,6.214583333333334,AAS2020_subregion,CHIRPS_v2.0_monthly+CHIRPS_v2.0_daily_climateserv,NASA_POWER_daily,,,subregion,False,False,A,"Yields from official AAS subregion estimates. Climate features from district centroids (CHIRPS monthly + CHIRPS daily via ClimateSERV + NASA POWER), aggregated to subregion by district mean."
Ankole,total_2018,59105.0,31004.0,113521.0,2.3,1.9,,,44.6,0.4754420099822349,2018,2018.0,996.1152784257408,19.6,4.4,2.2,119.6,34.0,5.4,8.673759301200255,75.81697468757629,62.5,325.5,264.0,0.3,2018.0,2714.403,3.5,0.0,0.0,0.5,495.5467948913574,380.0913887023926,231.99917488098146,135.87353043556215,1243.5108889102935,0.6427294724306255,247.5020538330078,12.322136735916137,8.9,188.58798718452454,1.8995998933526397,181.84620895385743,3.737732083847076,-9.357119750976562,-0.19052904602842116,-0.48578801850042497,30.393043827460055,36.69166666666666,34.480000000000004,28.839999999999996,29.723333333333336,1.2521666666666667,22.166666666666664,5.866666666666666,AAS2020_subregion,CHIRPS_v2.0_monthly+CHIRPS_v2.0_daily_climateserv,NASA_POWER_daily,,,subregion,False,False,A,"Yields from official AAS subregion estimates. Climate features from district centroids (CHIRPS monthly + CHIRPS daily via ClimateSERV + NASA POWER), aggregated to subregion by district mean."
Bukedi,total_2018,138519.0,55486.0,167918.0,1.0,1.2,,,11.2,0.5994340126625228,2018,2018.0,1223.6469823420048,9.666666666666666,3.1666666666666665,1.0,131.5,47.5,8.833333333333334,9.682857167300785,85.07590516408284,66.66666666666667,325.3333333333333,259.6666666666667,0.0,2018.0,3061.883333333333,19.666666666666668,0.0,11.833333333333334,2.0,688.6437784830729,296.1997750600179,179.76185401280722,309.0909481048584,1473.6963556607564,0.6202254517839495,256.36289469401044,17.54391272862752,10.5,101.55802138646443,0.8063606445629515,189.74026234944662,2.743545989419715,-95.46537335713704,-1.345063264936065,0.8889265350005031,33.93278031056312,39.98888888888889,37.0,23.030555555555555,22.21388888888889,1.3194444444444444,19.625,5.861111111111111,AAS2020_subregion,CHIRPS_v2.0_monthly+CHIRPS_v2.0_daily_climateserv,NASA_POWER_daily,,,subregion,False,False,A,"Yields from official AAS subregion estimates. Climate features from district centroids (CHIRPS monthly + CHIRPS daily via ClimateSERV + NASA POWER), aggregated to subregion by district mean."
Bunyoro,total_2018,451575.0,166383.0,656285.0,1.7,1.5,,,14.4,0.6315495764823119,2018,2018.0,1165.2299720535852,13.714285714285714,1.5714285714285714,1.4285714285714286,136.57142857142858,42.42857142857143,3.5714285714285716,8.776554583205309,62.94485630307879,63.42857142857143,326.7142857142857,264.2857142857143,0.0,2018.0,3334.141428571428,53.0,0.0,78.0,7.571428571428571,525.7105691092355,390.0055247715541,164.51955461502075,299.55005264282227,1379.7857011386327,0.5287806758871201,215.79498508998327,10.444469383784703,9.571428571428571,150.4040540286473,1.6417496059959489,117.33206503731864,2.2641972703278577,-27.302259172712052,-0.48755432717256875,1.4080781187891254,31.393408918217762,35.91904761904762,40.12142857142857,23.942857142857143,27.39047619047619,1.275952380952381,19.571428571428573,5.892857142857143,AAS2020_subregion,CHIRPS_v2.0_monthly+CHIRPS_v2.0_daily_climateserv,NASA_POWER_daily,,,subregion,False,False,A,"Yields from official AAS subregion estimates. Climate features from district centroids (CHIRPS monthly + CHIRPS daily via ClimateSERV + NASA POWER), aggregated to subregion by district mean."
Busoga,total_2018,288146.0,78781.0,320313.0,1.3,1.1,,,18.8,0.7265934630360997,2018,2018.0,1296.9030754357577,11.0,2.7,1.5,130.6,50.6,9.5,10.323244155153235,84.97893571853638,62.6,312.0,250.4,0.4,2018.0,3089.417,15.4,0.0,24.8,2.0,735.6537338256836,321.9559047698975,224.0965503692627,289.6874603271484,1571.3936492919922,0.6150324887960037,275.6630065917969,25.841302108764648,10.5,233.11663322448732,2.1517740743900444,238.80677642822266,3.8123543758751666,-73.71551856994628,-1.2631691717331726,0.7262101537158856,33.473807107491325,38.230000000000004,39.06999999999999,22.69833333333333,22.363333333333333,1.3295,18.055,5.785,AAS2020_subregion,CHIRPS_v2.0_monthly+CHIRPS_v2.0_daily_climateserv,NASA_POWER_daily,,,subregion,False,False,A,"Yields from official AAS subregion estimates. Climate features from district centroids (CHIRPS monthly + CHIRPS daily via ClimateSERV + NASA POWER), aggregated to subregion by district mean."
Elgon,total_2018,103443.0,7284.0,133148.0,3.0,1.3,,,60.9,0.929584408804849,2018,2018.0,1537.3219298571348,12.875,3.625,1.75,118.125,65.0,20.625,13.210176756099498,105.4630154967308,62.75,322.5,260.75,0.0,2018.0,2377.785,12.625,0.0,0.0,1.5,821.1363525390625,346.22642946243286,129.94558215141296,530.4853630065918,1827.7937271595001,0.658134718643457,325.0998058319092,19.135969161987305,10.0,242.7238380908966,1.5288118442671623,308.83262729644775,3.765680949467672,-103.91028547286987,-1.1330632667152585,1.1999274532426099,34.4057876713486,41.06666666666667,34.6875,24.233333333333334,35.19166666666666,1.1777083333333334,22.4625,5.83125,AAS2020_subregion,CHIRPS_v2.0_monthly+CHIRPS_v2.0_daily_climateserv,NASA_POWER_daily,,,subregion,False,False,A,"Yields from official AAS subregion estimates. Climate features from district centroids (CHIRPS monthly + CHIRPS daily via ClimateSERV + NASA POWER), aggregated to subregion by district mean."
Karamoja,total_2018,108524.0,4004.0,134685.0,1.0,1.2,,,70.2,0.9631049353138476,2018,2018.0,1184.5411929062434,20.428571428571427,8.571428571428571,3.5714285714285716,86.14285714285714,49.42857142857143,15.714285714285714,14.246824615542163,104.75294985089984,65.28571428571429,321.42857142857144,257.14285714285717,0.2857142857142857,2018.0,3225.690714285714,90.42857142857143,2.7142857142857144,8.0,7.714285714285714,665.8696888514927,159.54168483189173,58.64976494652884,459.43540845598494,1343.4965470858983,0.8535693590964771,277.29381016322543,3.9569649696350098,7.428571428571429,361.4545076915196,2.978259744352143,343.17089407784596,5.359529608590135,-74.97678593226841,-1.1392735259819262,2.5129023495609677,34.24920188533877,37.01428571428572,39.42857142857143,23.559523809523807,20.571428571428573,1.2750000000000001,24.55,6.485714285714286,AAS2020_subregion,CHIRPS_v2.0_monthly+CHIRPS_v2.0_daily_climateserv,NASA_POWER_daily,,,subregion,False,False,A,"Yields from official AAS subregion estimates. Climate features from district centroids (CHIRPS monthly + CHIRPS daily via ClimateSERV + NASA POWER), aggregated to subregion by district mean."
Kigezi,total_2018,22290.0,12258.0,26279.0,1.1,1.2,,,19.4,0.4500672947510094,2018,2018.0,1113.6591416970477,18.2,4.0,2.2,125.0,39.8,7.6,9.547616730039794,79.61275711059571,61.4,307.8,247.4,0.0,2018.0,2419.301,1.4,0.0,0.0,0.2,602.3397262573242,395.11658935546876,273.946004486084,132.51262798309327,1403.9149480819701,0.6298086246890426,261.4533721923828,16.309780502319335,9.4,282.32114124298096,2.7728135725666623,253.4220733642578,5.212754661959374,3.7371658325195307,0.055807393065385916,-1.019403368249541,29.831596063494146,39.79666666666667,32.08,28.139999999999997,37.58,1.1653333333333333,24.080000000000002,5.66,AAS2020_subregion,CHIRPS_v2.0_monthly+CHIRPS_v2.0_daily_climateserv,NASA_POWER_daily,,,subregion,False,False,A,"Yields from official AAS subregion estimates. Climate features from district centroids (CHIRPS monthly + CHIRPS daily via ClimateSERV + NASA POWER), aggregated to subregion by district mean."
Lango,total_2018,211650.0,85884.0,273054.0,1.3,1.3,,,18.3,0.5942168674698796,2018,2018.0,1242.8373610302806,11.875,3.25,1.5,126.625,50.125,8.625,10.014780862379324,77.99202477931976,62.125,323.625,262.5,0.125,2018.0,3524.9312500000005,97.625,6.75,74.25,11.625,593.8219223022461,324.0818738937378,114.95286193490028,422.49482107162476,1455.351479202509,0.5826960740133942,236.17976188659668,4.664751201868057,9.875,149.4376770555973,1.2383927448897447,186.78048706054688,2.9338214629412844,-68.1658182144165,-1.034530383000785,2.1733559469566277,32.88726991358652,37.922916666666666,38.145833333333336,23.941666666666666,23.510416666666664,1.3008333333333333,21.0125,6.166666666666667,AAS2020_subregion,CHIRPS_v2.0_monthly+CHIRPS_v2.0_daily_climateserv,NASA_POWER_daily,,,subregion,False,False,A,"Yields from official AAS subregion estimates. Climate features from district centroids (CHIRPS monthly + CHIRPS daily via ClimateSERV + NASA POWER), aggregated to subregion by district mean."
North Buganda,total_2018,569368.0,150464.0,837689.0,2.1,1.5,,,20.4,0.7357350606286268,2018,2018.0,1158.813574438068,15.090909090909092,3.090909090909091,2.0,119.63636363636364,45.09090909090909,8.636363636363637,9.955694653821393,77.69701502539895,63.09090909090909,321.54545454545456,259.45454545454544,0.0,2018.0,3077.5413636363637,27.0,0.0,37.90909090909091,3.909090909090909,610.2176257046787,324.47113210504705,221.73553232713178,272.11133852871984,1428.5356286655772,0.5656856424408608,241.6861336447976,21.74912790818648,10.363636363636363,167.5601386156949,1.4805464301233073,159.5294487693093,2.586762883012903,-69.63396349820223,-1.0372331239547032,0.7234939693435596,32.36247047527122,34.09090909090909,39.64545454545455,26.263636363636362,28.11969696969697,1.3089393939393938,19.425757575757576,5.828787878787879,AAS2020_subregion,CHIRPS_v2.0_monthly+CHIRPS_v2.0_daily_climateserv,NASA_POWER_daily,,,subregion,False,False,A,"Yields from official AAS subregion estimates. Climate features from district centroids (CHIRPS monthly + CHIRPS daily via ClimateSERV + NASA POWER), aggregated to subregion by district mean."
South Buganda,total_2018,183817.0,57062.0,295484.0,2.5,1.6,,,19.6,0.6895716935865561,2018,2018.0,1102.8067770993446,13.583333333333334,4.333333333333333,1.9166666666666667,113.58333333333333,43.083333333333336,8.75,9.953865441035786,72.8550816377004,60.083333333333336,314.25,255.16666666666666,0.5,2018.0,2847.9779166666667,0.25,0.0,45.25,0.0,553.7707850138346,337.64565086364746,241.9257427851359,238.47978778680167,1371.8219664494197,0.5415079784985511,213.70710627237955,23.081258098284405,9.666666666666666,151.42433607578278,1.3510859870943357,82.54726473490398,1.483903699154667,-16.21691068013509,-0.20787993947915503,-0.1303685010754083,31.773735867717036,35.22222222222222,40.80138888888889,23.983333333333334,26.593055555555555,1.3072222222222223,18.944444444444443,5.747222222222223,AAS2020_subregion,CHIRPS_v2.0_monthly+CHIRPS_v2.0_daily_climateserv,NASA_POWER_daily,,,subregion,False,False,A,"Yields from official AAS subregion estimates. Climate features from district centroids (CHIRPS monthly + CHIRPS daily via ClimateSERV + NASA POWER), aggregated to subregion by district mean."
Teso,total_2018,81500.0,24067.0,76890.0,1.2,0.9,,,22.1,0.7046993865030675,2018,2018.0,1253.0888489037752,12.0,3.625,1.75,119.625,49.625,9.5,10.931848493951698,83.35162037611008,67.25,324.0,257.75,0.125,2018.0,3453.383125,90.875,6.375,66.25,10.125,681.727123260498,256.6796932220459,110.21020019054413,418.49885654449463,1467.1158732175827,0.6808055945301487,281.5084457397461,9.2957843542099,9.75,148.06955587863922,1.0791982803705658,224.81040573120117,2.938603450471212,-107.22086429595947,-1.430068115992032,1.6948526242621507,33.696768641438275,39.75416666666666,37.083333333333336,23.166666666666664,22.95,1.3095833333333333,22.016666666666666,6.116666666666667,AAS2020_subregion,CHIRPS_v2.0_monthly+CHIRPS_v2.0_daily_climateserv,NASA_POWER_daily,,,subregion,False,False,A,"Yields from official AAS subregion estimates. Climate features from district centroids (CHIRPS monthly + CHIRPS daily via ClimateSERV + NASA POWER), aggregated to subregion by district mean."
Tooro,total_2018,140389.0,59349.0,271036.0,2.1,1.9,,,18.5,0.5772532035985725,2018,2018.0,1085.4182376811902,14.666666666666666,2.8333333333333335,1.6666666666666667,133.16666666666666,38.166666666666664,2.8333333333333335,8.29458282768816,59.02206015586853,64.5,319.3333333333333,255.83333333333334,0.16666666666666666,2018.0,2643.8725,0.3333333333333333,0.0,0.0,0.0,453.04015096028644,446.4355278015137,184.95953528086343,216.255126953125,1300.6903409957886,0.534679106022179,199.7302678426107,23.761218388875324,9.166666666666666,112.45972474416097,1.1571678106016552,84.33964665730794,1.7280906546617123,27.97646713256836,0.46409968627473414,0.4841465980969281,30.432683539302317,38.82222222222222,34.72222222222222,26.458333333333332,31.425,1.2222222222222223,21.03333333333333,5.7444444444444445,AAS2020_subregion,CHIRPS_v2.0_monthly+CHIRPS_v2.0_daily_climateserv,NASA_POWER_daily,,,subregion,False,False,A,"Yields from official AAS subregion estimates. Climate features from district centroids (CHIRPS monthly + CHIRPS daily via ClimateSERV + NASA POWER), aggregated to subregion by district mean."
West Nile,total_2018,61825.0,13561.0,80811.0,2.1,1.3,,,22.5,0.7806550748079256,2018,2018.0,1197.698100939393,10.625,2.125,1.25,123.375,47.0,7.375,9.63271561240217,71.4289847612381,65.25,320.75,256.5,0.0,2018.0,3387.3431250000003,66.375,6.5,94.375,9.375,433.0388431549072,451.51755142211914,95.55104261636734,401.2724142074585,1381.3798514008522,0.5225231198535019,192.49038887023926,4.205187380313873,9.75,89.13927465677261,0.8697596005752545,79.7666130065918,1.574377909953197,21.4410457611084,0.35516186793597415,3.117613660206275,31.220983540164855,37.858333333333334,39.25416666666666,22.879166666666666,24.341666666666665,1.296875,17.964583333333334,5.958333333333333,AAS2020_subregion,CHIRPS_v2.0_monthly+CHIRPS_v2.0_daily_climateserv,NASA_POWER_daily,,,subregion,False,False,A,"Yields from official AAS subregion estimates. Climate features from district centroids (CHIRPS monthly + CHIRPS daily via ClimateSERV + NASA POWER), aggregated to subregion by district mean."
